FILENAME,URL,URLLength,Domain,DomainLength,IsDomainIP,TLD,URLSimilarityIndex,CharContinuationRate,TLDLegitimateProb,URLCharProb,TLDLength,NoOfSubDomain,HasObfuscation,NoOfObfuscatedChar,ObfuscationRatio,NoOfLettersInURL,LetterRatioInURL,NoOfDegitsInURL,DegitRatioInURL,NoOfEqualsInURL,NoOfQMarkInURL,NoOfAmpersandInURL,NoOfOtherSpecialCharsInURL,SpacialCharRatioInURL,IsHTTPS,LineOfCode,LargestLineLength,HasTitle,Title,DomainTitleMatchScore,URLTitleMatchScore,HasFavicon,Robots,IsResponsive,NoOfURLRedirect,NoOfSelfRedirect,HasDescription,NoOfPopup,NoOfiFrame,HasExternalFormSubmit,HasSocialNet,HasSubmitButton,HasHiddenFields,HasPasswordField,Bank,Pay,Crypto,HasCopyrightInfo,NoOfImage,NoOfCSS,NoOfJS,NoOfSelfRef,NoOfEmptyRef,NoOfExternalRef,label
827598.txt,https://www.northcm.ac.th,24,www.northcm.ac.th,17,0,th,100.0,0.8,0.0005097,0.064489791,2,2,0,0,0.0,10,0.417,0,0.0,0,0,0,2,0.083,1,999,457,1,norhcmac,0.0,0.0,1,0,1,0,0,1,0,5,0,1,1,1,0,0,0,0,1,47,3,4,69,7,115,1
oph00308.txt,https://unitedmartialartscenters.com/at0/mygov/personal.html,59,unitedmartialartscenters.com,28,0,com,33.52266384,1.0,0.5229071,0.060026775,3,0,0,0,0.0,45,0.763,1,0.017,0,0,0,5,0.085,1,116,226,1,unitedmartialartscentersat0mygovpersonalhtm,0.0,0.0,1,0,1,0,0,1,0,0,0,0,1,0,0,1,1,0,1,0,2,0,0,0,1,0
8112660.txt,https://email.mail1.onesignal.os.tc/c/ejwcz02untamqohvwmwoczwfbgw6uduohnspqdycugml7r66b3ikm_n4vn8euqvy0apkcfu8eicckzyerqtqfuujn-uwkk7aztt8kt6xqthp-8zefetokzpt6kio3dr7du0vo7x52ipwpli8sk4erixqimbifemtuqimy2ljpdaro7vwuff3mm9th-n-t-hhhk8jx2e_ebel9efrpvh-l9k_jnx994qv2u32-erjaifwopr1wywwoqejkeqqyktbdshcglptnaswjp7vk__z89kvwzbzftigbbjhkeoi4lionzk1wudnu74oo5e__ap_nl8tuwrvftlyzp8faad__-czz7m,385,email.mail1.onesignal.os.tc,27,0,tc,3.199329203,0.458333333,4.64e-05,0.034324747,2,3,0,0,0.0,302,0.784,51,0.132,0,0,0,24,0.062,1,14,393,1,emailmail1onesignaloscejwcz02untamqohvwmwoczwfbgw6uduohnspqdycugml7r66b3ikm_n4vn8euqvy0apkcfu8eicckzyerqtqfuujn-uwkk7aztt8kt6xqthp-8zefetokzpt6kio3dr7du0vo7x52ipwpli8sk4erixqimbifemtuqimy2ljpdaro7vwuff3mm9th-n-t-hhhk8jx2e_ebel9efrpvh-l9k_jnx994qv2u32-erjaifwopr1wywwoqejkeqqyktbdshcglptnaswjp7vk__z89kvwzbzftigbbjhkeoi4lionzk1wudnu74oo5e__ap_nl8tuwrvftlyzp8faad__-czz7m,0.0,0.0,0,1,0,0,0,0,0,0,0,0,0,0,0,0,0,0,0,0,0,0,0,0,1,0
8135291.txt,http://uqr.to/1il1z,19,uqr.to,6,0,to,53.84615385,1.0,0.0008962,0.036849537,2,0,0,0,0.0,8,0.421,2,0.105,0,0,0,2,0.105,0,9,70,1,uqr1il1z,0.0,100.0,0,0,0,0,0,0,0,0,0,0,0,0,0,0,0,0,0,0,0,0,1,0,1,0
586561.txt,https://www.woolworthsrewards.com.au,35,www.woolworthsrewards.com.au,28,0,au,100.0,0.857142857,0.0100856,0.060893686,2,2,0,0,0.0,21,0.6,0,0.0,0,0,0,2,0.057,1,1213,14983,1,woolworthsrewrdscom,0.0,0.0,1,0,1,1,1,1,0,3,0,1,0,1,1,1,1,0,1,33,7,8,15,0,2,1
624601.txt,https://www.kubiena-kochblog.com,31,www.kubiena-kochblog.com,24,0,com,100.0,0.5625,0.5229071,0.055829485,3,1,0,0,0.0,17,0.548,0,0.0,0,0,0,2,0.065,1,4769,5062,1,kubiena-kochblog,100.0,100.0,1,0,0,0,0,0,7,11,0,1,0,0,0,0,1,0,1,24,5,14,224,0,270,1
8067520.txt,https://couchjumper.com/covantage/index.html,44,couchjumper.com,15,0,com,34.37604271,1.0,0.5229071,0.056994756,3,0,0,0,0.0,32,0.727,0,0.0,0,0,0,4,0.091,1,203,262,1,couchjumpercovantageindexhtml,0.0,0.0,0,0,1,0,0,0,0,0,0,0,1,0,1,1,0,0,0,5,9,0,0,0,2,0
mw170511.txt,http://www.rightnowscope.com,27,www.rightnowscope.com,21,0,com,70.17463235,1.0,0.5229071,0.061593278,3,1,0,0,0.0,15,0.556,0,0.0,0,0,0,1,0.037,0,2,37,0,0,0.0,0.0,0,0,0,0,0,0,0,0,0,0,0,0,0,0,0,0,0,0,0,0,0,0,0,0
8071270.txt,http://u1965047.plsk.regruhosting.ru/47/,40,u1965047.plsk.regruhosting.ru,29,0,ru,32.12061295,0.769230769,0.0180132,0.033376632,2,2,0,0,0.0,19,0.475,9,0.225,0,0,0,5,0.125,0,202,174,1,u1965047plskreghosting47,0.0,0.0,0,0,1,0,0,0,0,0,1,0,1,1,1,0,0,0,1,22,5,7,0,0,2,0
mw23031.txt,http://www.unblock-me.org,24,www.unblock-me.org,18,0,org,67.07482993,0.8,0.0799628,0.06018676,3,1,0,0,0.0,11,0.458,0,0.0,0,0,0,2,0.083,0,9,77,1,unblock-me,100.0,100.0,0,0,0,0,0,0,0,0,0,0,0,0,0,0,0,0,0,0,0,0,1,0,1,0
412632.txt,https://www.nyprowrestling.com,29,www.nyprowrestling.com,22,0,com,100.0,1.0,0.5229071,0.05631101,3,1,0,0,0.0,16,0.552,0,0.0,0,0,0,1,0.034,1,766,410,1,nyprowrestling,100.0,100.0,1,1,1,0,0,1,0,0,0,1,0,0,0,0,0,0,1,7,3,14,66,0,48,1
899992.txt,https://www.free-marine.com,26,www.free-marine.com,19,0,com,100.0,0.636363636,0.5229071,0.070573887,3,1,0,0,0.0,12,0.462,0,0.0,0,0,0,2,0.077,1,240,269,1,free-marine,100.0,100.0,0,0,1,0,0,1,0,0,0,1,1,0,0,0,0,0,0,15,3,2,4,1,8,1
mw81421.txt,http://www.ntec.es,18,www.ntec.es,11,0,es,75.69444444,1.0,0.0064109,0.070026114,2,1,0,0,0.0,6,0.333,0,0.0,0,0,0,1,0.056,0,9,50,1,ntec,100.0,100.0,0,0,0,0,0,0,0,0,0,0,0,0,0,0,0,0,0,0,0,0,0,0,0,0
8056966.txt,https://5a4f2f89-da45-4791-8c6a-981093dbf158.id.repl.co/,56,5a4f2f89-da45-4791-8c6a-981093dbf158.id.repl.co,47,0,co,30.69554352,0.25,0.0059772,0.023926613,2,2,0,0,0.0,18,0.321,22,0.393,0,0,0,8,0.143,1,198,869,1,5a4f2f89-da45-4791-8c6a-981093dbf158idrepl,0.0,0.0,0,0,0,0,0,0,0,0,0,0,0,0,0,0,0,0,0,0,0,0,0,0,2,0
7976781.txt,http://www.reach.africa/wp-admin/network/agri3/,46,www.reach.africa,16,0,africa,35.53741497,1.0,5.14e-05,0.055523176,6,1,0,0,0.0,29,0.63,1,0.022,0,0,0,5,0.109,0,2,55,0,0,0.0,0.0,0,0,0,0,0,0,0,0,0,0,0,0,0,0,0,0,0,0,0,0,0,0,0,0
8041234.txt,https://igghqd.cn/,17,igghqd.cn,9,0,cn,61.81818182,1.0,0.0033218,0.038207906,2,0,0,0,0.0,8,0.471,0,0.0,0,0,0,1,0.059,1,2,26,0,0,0.0,0.0,0,0,0,0,0,0,0,0,0,0,0,0,0,0,0,0,0,0,0,0,0,0,0,0
415752.txt,https://www.ridemcts.com,23,www.ridemcts.com,16,0,com,100.0,1.0,0.5229071,0.066549716,3,1,0,0,0.0,10,0.435,0,0.0,0,0,0,1,0.043,1,1187,16625,1,ridemcts,100.0,100.0,0,0,1,0,0,0,0,2,0,1,1,1,0,0,1,0,1,15,3,22,93,4,8,1
8014279.txt,https://novoitaufatura.com/consulte-sua-fatura.php?cartoes=home&id=ndcxnta5zjjknjyxmtyyyzm4yjaymjcynzqxzmjiymq=&the=theking,122,novoitaufatura.com,18,0,com,10.56410925,1.0,0.5229071,0.046616423,3,0,0,0,0.0,100,0.82,2,0.016,4,1,0,7,0.098,1,221,223,1,novoitaufaturaconsulte-sua-faturaphp?cartoes=home&id=ndcxnta5zjjknjyxmtyyyzm4yjaymjcynzqxzmjiymq=&the=thekin,0.0,0.0,1,0,1,0,0,0,0,0,0,0,0,0,1,0,0,0,0,1,4,2,0,1,0,0
568276.txt,https://www.epner.com,20,www.epner.com,13,0,com,100.0,1.0,0.5229071,0.071276,3,1,0,0,0.0,7,0.35,0,0.0,0,0,0,1,0.05,1,1266,9381,1,epner,100.0,100.0,1,1,1,0,0,0,0,0,0,1,1,1,0,0,1,0,1,40,26,19,176,0,144,1
52998.txt,https://www.az511.com,20,www.az511.com,13,0,com,100.0,1.0,0.5229071,0.038131353,3,1,0,0,0.0,4,0.2,3,0.15,0,0,0,1,0.05,1,2296,1080,1,az511,100.0,100.0,1,0,1,0,0,1,0,0,0,1,1,1,1,0,0,0,0,18,33,9,109,7,21,1
8105123.txt,https://maildinshaakckjnw291.web.app/,37,maildinshaakckjnw291.web.app,28,0,app,36.68191414,0.875,0.001502,0.0415986,3,1,0,0,0.0,23,0.622,3,0.081,0,0,0,3,0.081,1,108,8125,1,maildinshaakckjnw291web,0.0,0.0,0,0,1,0,0,0,0,0,0,0,0,0,0,0,0,0,0,0,0,0,0,0,3,0
387573.txt,https://www.screenbeam.com,25,www.screenbeam.com,18,0,com,100.0,1.0,0.5229071,0.071499753,3,1,0,0,0.0,12,0.48,0,0.0,0,0,0,1,0.04,1,2433,29001,1,screenbeam,100.0,100.0,1,1,1,1,0,1,2,5,0,1,1,1,0,0,0,0,1,37,27,48,148,11,133,1
651121.txt,https://www.hellscent.com,24,www.hellscent.com,17,0,com,100.0,1.0,0.5229071,0.064086643,3,1,0,0,0.0,11,0.458,0,0.0,0,0,0,1,0.042,1,1150,2674,1,hellscent,100.0,100.0,1,0,1,0,0,1,0,19,0,1,1,1,1,1,1,0,1,11,4,23,45,0,10,1
8105152.txt,https://maildinshaakckjnw272.firebaseapp.com/,45,maildinshaakckjnw272.firebaseapp.com,36,0,com,49.38560977,0.65625,0.5229071,0.049243158,3,1,0,0,0.0,31,0.689,3,0.067,0,0,0,3,0.067,1,108,8125,1,maildinshaakckjnw272firebaseapp,0.0,0.0,0,0,1,0,0,0,0,0,0,0,0,0,0,0,0,0,0,0,0,0,0,0,3,0
693302.txt,https://www.marcosimoncellifondazione.it,39,www.marcosimoncellifondazione.it,32,0,it,100.0,1.0,0.012178,0.065379406,2,1,0,0,0.0,26,0.667,0,0.0,0,0,0,1,0.026,1,1182,552,1,marcosmoncellfondazone,0.0,0.0,1,0,0,0,0,0,0,1,0,1,1,1,0,0,0,0,1,45,4,14,83,5,37,1
mw153983.txt,http://www.formuria.com,23,www.formuria.com,16,0,com,83.54700855,1.0,0.5229071,0.065150449,3,1,0,0,0.0,11,0.478,0,0.0,0,0,0,1,0.043,0,2,32,0,0,0.0,0.0,0,0,0,0,0,0,0,0,0,0,0,0,0,0,0,0,0,0,0,0,0,0,0,0
792397.txt,https://www.marxist.se,21,www.marxist.se,14,0,se,100.0,1.0,0.0040185,0.05482263,2,1,0,0,0.0,8,0.381,0,0.0,0,0,0,1,0.048,1,614,2255,1,marxit,0.0,0.0,1,0,0,0,0,0,0,4,0,1,1,1,0,1,0,0,0,22,1,4,86,0,25,1
mw42428.txt,http://www.static-02.flu.cc,26,www.static-02.flu.cc,20,0,cc,64.33823529,0.692307692,0.0010349,0.045783262,2,2,0,0,0.0,10,0.385,2,0.077,0,0,0,3,0.115,0,20,490,0,0,7.692307692,7.692307692,0,0,0,1,0,0,1,2,0,0,0,0,0,0,0,0,0,0,0,0,0,0,0,0
775628.txt,https://www.uncrazed.com,23,www.uncrazed.com,16,0,com,100.0,1.0,0.5229071,0.060569944,3,1,0,0,0.0,10,0.435,0,0.0,0,0,0,1,0.043,1,1658,16845,1,uncrazed,100.0,100.0,0,1,1,0,0,1,0,2,0,1,1,1,0,0,0,0,1,31,34,39,67,0,89,1
8122972.txt,https://mynembercard.point.soumu.jo.mvcc.top/,45,mynembercard.point.soumu.jo.mvcc.top,36,0,top,73.0980981,0.40625,0.0002752,0.058084894,3,4,0,0,0.0,31,0.689,0,0.0,0,0,0,6,0.133,1,13,73,1,mynembercardpointsoumujomvcc,0.0,0.0,0,0,0,1,0,0,0,0,0,0,0,0,0,0,0,0,0,0,0,0,0,0,1,0
mw56624.txt,http://www.cargoconnect.online,29,www.cargoconnect.online,23,0,online,81.14285714,1.0,0.0008457,0.069326178,6,1,0,0,0.0,17,0.586,0,0.0,0,0,0,1,0.034,0,9,77,1,cargoconnect,100.0,100.0,0,0,0,0,0,0,0,0,0,0,0,0,0,0,0,0,0,0,0,0,0,0,1,0
386123.txt,https://www.scientistsforeu.uk,29,www.scientistsforeu.uk,22,0,uk,100.0,1.0,0.028555,0.059747999,2,1,0,0,0.0,16,0.552,0,0.0,0,0,0,1,0.034,1,1614,1447,1,scientistsfore,93.33333333,93.33333333,1,0,1,1,0,0,0,5,0,1,1,1,0,0,1,0,1,32,4,16,53,1,25,1
8012994.txt,https://jkkj-30814.web.app/,26,jkkj-30814.web.app,18,0,app,46.20498615,0.714285714,0.001502,0.020315382,3,1,0,0,0.0,10,0.385,5,0.192,0,0,0,3,0.115,1,108,8125,1,jkkj-30814web,0.0,0.0,0,0,1,0,0,0,0,0,0,0,0,0,0,0,0,0,0,0,0,0,0,0,3,0
7460621.txt,https://widget-dot-lbk-asistente-pre-principal.appspot.com/,58,widget-dot-lbk-asistente-pre-principal.appspot.com,50,0,com,31.49803922,0.217391304,0.5229071,0.05640856,3,1,0,0,0.0,43,0.741,0,0.0,0,0,0,7,0.121,1,49,164,1,widget-dot-lbk-asistente-pre-principalappspot,0.0,0.0,0,0,1,0,0,0,0,1,0,0,0,0,0,0,0,0,0,1,0,2,0,0,0,0
mw137140.txt,http://www.singaposts.org,25,www.singaposts.org,18,0,org,79.18367347,1.0,0.0799628,0.059431451,3,1,0,0,0.0,13,0.52,0,0.0,0,0,0,1,0.04,0,2,34,0,0,0.0,0.0,0,0,0,0,0,0,0,0,0,0,0,0,0,0,0,0,0,0,0,0,0,0,0,0
8091642.txt,http://tungsten-sedate-gargoyleosaurus.glitch.me/ccnavy.htm,59,tungsten-sedate-gargoyleosaurus.glitch.me,41,0,me,21.58507313,0.421052632,0.0036375,0.056275118,2,1,0,0,0.0,46,0.78,0,0.0,0,0,0,6,0.102,0,7,2858026,0,0,0.0,0.0,0,0,0,0,0,0,0,0,0,0,0,0,0,0,0,0,0,0,0,0,0,0,0,0
542037.txt,https://www.goldreserveinc.com,29,www.goldreserveinc.com,22,0,com,100.0,1.0,0.5229071,0.064494766,3,1,0,0,0.0,16,0.552,0,0.0,0,0,0,1,0.034,1,723,12963,1,goldreserveinc,100.0,100.0,0,1,1,0,0,0,0,0,0,0,0,1,0,1,1,0,1,0,67,48,118,1,130,1
475173.txt,https://www.clare.fm,19,www.clare.fm,12,0,fm,100.0,1.0,0.0004846,0.060603383,2,1,0,0,0.0,6,0.316,0,0.0,0,0,0,1,0.053,1,2917,6449,1,clare,100.0,100.0,1,0,1,0,0,0,0,1,0,1,1,0,0,0,0,0,1,63,40,58,188,15,216,1
23830.txt,https://www.topografix.com,25,www.topografix.com,18,0,com,100.0,1.0,0.5229071,0.05946437,3,1,0,0,0.0,12,0.48,0,0.0,0,0,0,1,0.04,1,174,415,1,topografix,100.0,100.0,0,1,1,0,0,1,0,0,0,0,0,0,0,0,0,0,1,2,2,4,5,0,36,1
732052.txt,https://www.asianamerican.net,28,www.asianamerican.net,21,0,net,100.0,1.0,0.0384199,0.070446606,3,1,0,0,0.0,15,0.536,0,0.0,0,0,0,1,0.036,1,463,1818,1,asianamerican,100.0,100.0,0,0,1,0,0,1,0,1,0,0,0,0,0,0,0,0,1,3,1,16,1,0,43,1
8006835.txt,http://correctionswallett.netlify.app,36,correctionswallett.netlify.app,30,0,app,61.86286167,0.730769231,0.001502,0.05987506,3,1,0,0,0.0,27,0.75,0,0.0,0,0,0,2,0.056,0,2,50,0,0,0.0,0.0,0,0,0,0,0,0,0,0,0,0,0,0,0,1,0,0,0,0,0,0,0,0,0,0
639096.txt,https://www.saveware.nl,22,www.saveware.nl,15,0,nl,100.0,1.0,0.0082003,0.059913557,2,1,0,0,0.0,9,0.409,0,0.0,0,0,0,1,0.045,1,4286,889,1,saveware,100.0,100.0,1,0,1,0,0,1,0,0,0,1,1,1,1,1,1,0,1,54,23,30,584,1,590,1
389653.txt,https://www.cse.uconn.edu,24,www.cse.uconn.edu,17,0,edu,100.0,0.666666667,0.0115013,0.065989543,3,2,0,0,0.0,10,0.417,0,0.0,0,0,0,2,0.083,1,1333,16253,1,cseuconn,0.0,0.0,1,1,1,0,0,0,0,1,0,1,0,1,0,0,0,1,1,12,27,24,117,2,147,1
503179.txt,https://www.tourbytransit.com,28,www.tourbytransit.com,21,0,com,100.0,1.0,0.5229071,0.059545914,3,1,0,0,0.0,15,0.536,0,0.0,0,0,0,1,0.036,1,597,1624,1,tourbytransit,100.0,100.0,1,1,1,0,0,1,4,0,0,1,1,1,0,0,0,0,1,27,6,7,60,0,16,1
483656.txt,https://www.innovativestate.com,30,www.innovativestate.com,23,0,com,100.0,1.0,0.5229071,0.064944043,3,1,0,0,0.0,17,0.567,0,0.0,0,0,0,1,0.033,1,665,1447,1,innovativestate,100.0,100.0,0,0,0,1,0,0,0,3,0,1,1,1,0,0,1,0,0,20,1,10,24,0,39,1
8131727.txt,https://ipfs.io/ipfs/bafybeif5p6emtkpr346qxhdotlpesauwb3hhlzc3wrsvu5ec6i2behpe74/,81,ipfs.io,7,0,io,9.962688145,1.0,0.0129268,0.036880224,2,0,0,0,0.0,57,0.704,12,0.148,0,0,0,4,0.049,1,9,89,1,ipfsipfsbafybeif5p6emtkpr346qxhdotlpesauwb3hhlzc3wrsvu5ec6i2behpe74,0.0,100.0,0,0,0,0,0,0,0,0,0,0,0,0,0,0,0,0,0,0,0,0,0,0,0,0
711579.txt,https://www.scientology.org.uk,29,www.scientology.org.uk,22,0,uk,100.0,0.8,0.028555,0.060530518,2,2,0,0,0.0,15,0.517,0,0.0,0,0,0,2,0.069,1,6578,699,1,scientologyorg,0.0,0.0,0,0,1,0,0,1,0,0,0,1,0,1,0,0,0,0,1,149,5,25,339,2,138,1
80851.txt,https://www.iaee.org,19,www.iaee.org,12,0,org,100.0,1.0,0.0799628,0.081394675,3,1,0,0,0.0,6,0.316,0,0.0,0,0,0,1,0.053,1,1238,1864,1,iaee,100.0,100.0,0,0,1,0,0,0,0,0,0,1,0,0,0,1,0,0,1,90,8,13,194,34,65,1
46305.txt,https://www.entropiauniverse.com,31,www.entropiauniverse.com,24,0,com,100.0,1.0,0.5229071,0.065114816,3,1,0,0,0.0,18,0.581,0,0.0,0,0,0,1,0.032,1,181,867,1,entropiauniverse,100.0,100.0,0,0,0,0,0,0,0,1,0,0,0,1,0,0,0,0,1,11,2,4,24,0,6,1
mw77661.txt,http://www.woningkeuren.com,26,www.woningkeuren.com,20,0,com,62.86764706,1.0,0.5229071,0.06012524,3,1,0,0,0.0,14,0.538,0,0.0,0,0,0,1,0.038,0,9,79,1,woningkeuren,100.0,100.0,0,0,0,0,0,0,0,0,0,0,0,0,0,0,0,0,0,0,0,0,1,0,1,0
446885.txt,https://www.chaloke.com,22,www.chaloke.com,15,0,com,100.0,1.0,0.5229071,0.067130066,3,1,0,0,0.0,9,0.409,0,0.0,0,0,0,1,0.045,1,1700,8121,1,chaloke,100.0,100.0,0,1,1,0,0,0,0,1,0,1,1,1,1,0,1,1,1,16,30,18,141,0,157,1
107364.txt,https://www.miyakohotels.ne.jp,29,www.miyakohotels.ne.jp,22,0,jp,100.0,0.866666667,0.0230451,0.057370374,2,2,0,0,0.0,15,0.517,0,0.0,0,0,0,2,0.069,1,3770,6318,1,miyakohotelsne,0.0,0.0,1,0,1,0,0,1,0,3,1,1,1,1,0,0,0,0,1,125,14,39,136,0,149,1
8105817.txt,https://snowy-art-fe31.tql35vg01086.workers.dev/,48,snowy-art-fe31.tql35vg01086.workers.dev,39,0,dev,32.55095332,0.371428571,0.0009613,0.035971749,3,2,0,0,0.0,25,0.521,9,0.188,0,0,0,6,0.125,1,92,394,1,snowy-art-fe31tql35vg01086workers,0.0,0.0,0,1,1,0,0,0,0,0,0,0,0,0,0,0,0,0,0,0,2,0,4,0,3,0
mw199378.txt,http://www.ylgceliks.com,23,www.ylgceliks.com,17,0,com,59.08119658,1.0,0.5229071,0.054547303,3,1,0,0,0.0,11,0.478,0,0.0,0,0,0,1,0.043,0,2,33,0,0,0.0,0.0,0,0,0,0,0,0,0,0,0,0,0,0,0,0,0,0,0,0,0,0,0,0,0,0
16784.txt,https://www.speaker.gov,22,www.speaker.gov,15,0,gov,100.0,1.0,0.0033282,0.061099943,3,1,0,0,0.0,9,0.409,0,0.0,0,0,0,1,0.045,1,530,8047,1,speaker,100.0,100.0,1,1,1,0,0,1,0,5,0,1,1,0,0,0,0,0,1,13,5,21,33,1,55,1
8070249.txt,https://server-drhgdf-dgdgtd-dh.firebaseapp.com/,48,server-drhgdf-dgdgtd-dh.firebaseapp.com,39,0,com,42.71531887,0.342857143,0.5229071,0.048899476,3,1,0,0,0.0,34,0.708,0,0.0,0,0,0,6,0.125,1,14,78,0,0,0.0,0.0,0,0,0,1,0,0,0,0,0,0,0,0,0,0,0,0,0,0,0,0,0,0,0,0
8005141.txt,https://storageapi.fleek.one/447fface-68fa-456f-bbfc-0c18dfd9f62a-bucket/sharepoint11/index.html,95,storageapi.fleek.one,20,0,one,19.89754861,0.6875,0.0002052,0.042319266,3,1,0,0,0.0,60,0.632,16,0.168,0,0,0,11,0.116,1,2,104,0,0,0.0,1.234567901,0,0,0,0,0,0,0,0,0,0,0,0,0,0,0,0,0,0,0,0,0,0,0,0
mw164375.txt,http://www.maca.ml,18,www.maca.ml,11,0,ml,83.67346939,1.0,0.0001306,0.067030297,2,1,0,0,0.0,6,0.333,0,0.0,0,0,0,1,0.056,0,26,129,1,maca,100.0,100.0,0,0,0,0,0,1,0,0,0,0,0,0,0,0,0,0,0,0,0,1,0,0,0,0
8101592.txt,http://www.xolares.com.ar/wp-includes/50/globalsources/index2.php?email,71,www.xolares.com.ar,18,0,ar,15.39435337,0.727272727,0.0020445,0.053919382,2,2,0,0,0.0,48,0.676,3,0.042,0,1,0,8,0.127,0,87,275,1,xolescomwp-includes50globalsourcesindex2php?email,0.0,0.0,0,0,1,0,0,0,0,0,0,0,1,1,1,0,0,0,1,6,0,0,0,0,0,0
504270.txt,https://www.australiandesignreview.com,37,www.australiandesignreview.com,30,0,com,100.0,1.0,0.5229071,0.05995038,3,1,0,0,0.0,24,0.649,0,0.0,0,0,0,1,0.027,1,1567,4411,1,australiandesignreview,100.0,100.0,1,1,1,1,0,1,0,1,0,1,1,1,1,0,0,0,1,35,19,31,134,3,151,1
8043682.txt,https://ink-positive-adapter.glitch.me/authoonlineeccu.htm,58,ink-positive-adapter.glitch.me,30,0,me,26.08627451,0.333333333,0.0036375,0.058628418,2,1,0,0,0.0,44,0.759,0,0.0,0,0,0,6,0.103,1,82,155,1,ink-positive-adapterglitchauthoonlineeccuhtm,0.0,0.0,0,0,1,0,0,0,0,0,0,0,0,0,0,0,0,0,0,1,1,0,1,0,2,0
563725.txt,https://www.vibconferences.be,28,www.vibconferences.be,21,0,be,100.0,1.0,0.0033189,0.058938971,2,1,0,0,0.0,15,0.536,0,0.0,0,0,0,1,0.036,1,995,7572,1,viconferences,0.0,0.0,1,0,1,0,0,1,0,0,0,1,1,1,0,0,0,0,1,27,2,6,41,0,16,1
mw31j26009.txt,http://www.http.node.hiveon.net,30,www.http.node.hiveon.net,24,0,net,49.61904762,0.4375,0.0384199,0.058325464,3,3,0,0,0.0,16,0.533,0,0.0,0,0,0,3,0.1,0,2,42,0,0,0.0,0.0,0,0,0,0,0,0,0,0,0,0,0,0,0,0,0,0,0,0,0,0,0,0,0,0
8009164.txt,https://att457.weebly.com/,25,att457.weebly.com,17,0,com,63.24490581,0.769230769,0.5229071,0.046681826,3,1,0,0,0.0,12,0.48,3,0.12,0,0,0,2,0.08,1,129,368,1,att457weebly,0.0,0.0,0,1,1,0,0,0,0,0,0,0,0,0,0,0,0,0,0,1,0,1,3,0,0,0
849213.txt,https://www.myindoairlines.com,29,www.myindoairlines.com,22,0,com,100.0,1.0,0.5229071,0.063728924,3,1,0,0,0.0,16,0.552,0,0.0,0,0,0,1,0.034,1,539,860,1,myindoairlines,100.0,100.0,0,1,1,0,0,1,0,0,0,1,0,1,0,0,0,0,1,11,5,15,3,0,4,1
574936.txt,https://www.inspireactivewear.com,32,www.inspireactivewear.com,25,0,com,100.0,1.0,0.5229071,0.063618221,3,1,0,0,0.0,19,0.594,0,0.0,0,0,0,1,0.031,1,2123,2683,1,inspireactivewear,100.0,100.0,0,0,1,0,0,1,0,19,0,0,1,1,1,1,1,0,1,30,49,20,118,0,23,1
mw51036.txt,http://www.mysecuritycamera.net,30,www.mysecuritycamera.net,24,0,net,62.14285714,1.0,0.0384199,0.061971609,3,1,0,0,0.0,18,0.6,0,0.0,0,0,0,1,0.033,0,2,39,0,0,0.0,0.0,0,0,0,0,0,0,0,0,0,0,0,0,0,0,0,0,0,0,0,0,0,0,0,0
mw130480.txt,http://www.iran-edi.com,22,www.iran-edi.com,16,0,com,83.76068376,0.625,0.5229071,0.069182974,3,1,0,0,0.0,9,0.409,0,0.0,0,0,0,2,0.091,0,49,759,0,0,0.0,0.0,0,0,0,0,0,0,0,1,0,0,0,0,0,0,0,0,0,0,0,2,0,0,1,0
mw72262.txt,http://www.alphabrainbalancing.com,33,www.alphabrainbalancing.com,27,0,com,57.7189666,1.0,0.5229071,0.058352724,3,1,0,0,0.0,21,0.636,0,0.0,0,0,0,1,0.03,0,5,82,1,alphabrainbalancing,100.0,100.0,0,0,0,0,0,0,0,0,0,0,0,0,0,0,0,0,0,0,0,0,1,0,1,0
7954922.txt,https://update-forms-reports.myportfolio.com/,44,update-forms-reports.myportfolio.com,36,0,com,42.02118785,0.375,0.5229071,0.060744953,3,1,0,0,0.0,32,0.727,0,0.0,0,0,0,4,0.091,1,2,53,0,0,0.0,0.0,0,0,0,0,0,0,0,0,0,0,0,0,0,0,0,0,0,0,0,0,0,0,0,0
616446.txt,https://www.ashevilleconnections.com,35,www.ashevilleconnections.com,28,0,com,100.0,1.0,0.5229071,0.066447576,3,1,0,0,0.0,22,0.629,0,0.0,0,0,0,1,0.029,1,523,1623,1,ashevillennections,0.0,0.0,0,0,1,1,0,1,0,0,0,1,1,0,0,0,0,0,1,23,7,9,47,0,15,1
8099546.txt,https://jarek.agnieszkaklaudia.pl/a1legro/,42,jarek.agnieszkaklaudia.pl,25,0,pl,28.00734619,0.772727273,0.0069695,0.051898949,2,1,0,0,0.0,29,0.69,1,0.024,0,0,0,4,0.095,1,95,394,1,jarekagnieszkaklaudiaa1legro,0.0,0.0,0,1,1,0,0,0,0,0,0,0,0,0,0,0,0,0,0,0,2,0,2,0,1,0
537297.txt,https://www.newzealandmerinoandfabrics.com,41,www.newzealandmerinoandfabrics.com,34,0,com,100.0,1.0,0.5229071,0.060715577,3,1,0,0,0.0,28,0.683,0,0.0,0,0,0,1,0.024,1,2136,2691,1,newzealandmerinoandfabrics,100.0,100.0,0,0,1,0,0,1,0,19,0,1,1,1,0,1,1,0,1,118,2,15,58,0,10,1
8083281.txt,https://21563142.5324765.repl.co,32,21563142.5324765.repl.co,24,0,co,33.52777778,0.619047619,0.0059772,0.019725563,2,2,0,0,0.0,6,0.188,15,0.469,0,0,0,3,0.094,1,314,871,1,215631425324765repl,0.0,0.0,0,0,0,0,0,0,0,0,0,0,0,0,0,0,0,0,0,0,0,0,0,0,3,0
645425.txt,https://www.buscamiviaje.com,27,www.buscamiviaje.com,20,0,com,100.0,1.0,0.5229071,0.058269593,3,1,0,0,0.0,14,0.519,0,0.0,0,0,0,1,0.037,1,2351,19106,1,buscamiviaje,100.0,100.0,0,1,1,0,0,1,0,2,0,1,1,1,1,0,1,0,1,89,25,24,291,24,329,1
400382.txt,https://www.bistum-chur.ch,25,www.bistum-chur.ch,18,0,ch,100.0,0.636363636,0.0049832,0.05034428,2,1,0,0,0.0,11,0.44,0,0.0,0,0,0,2,0.08,1,634,9381,1,bistum-hur,0.0,0.0,1,1,1,0,0,1,0,4,0,0,1,0,0,0,0,0,1,5,12,18,193,0,196,1
mw26713.txt,http://www.ukrainecenter.yolasite.com,36,www.ukrainecenter.yolasite.com,30,0,com,54.78851633,0.636363636,0.5229071,0.065545652,3,2,0,0,0.0,23,0.639,0,0.0,0,0,0,2,0.056,0,9,45,1,ukrainecenteryolasite,0.0,0.0,0,0,0,0,0,0,0,0,0,0,0,0,0,0,0,0,0,0,0,0,0,0,0,0
565434.txt,https://www.journeysdda.com,26,www.journeysdda.com,19,0,com,100.0,1.0,0.5229071,0.056566042,3,1,0,0,0.0,13,0.5,0,0.0,0,0,0,1,0.038,1,1439,26872,1,journeysdda,100.0,100.0,0,1,1,0,0,0,0,0,0,1,1,1,0,0,0,0,1,12,32,45,110,19,123,1
179790.txt,https://www.nordforsk.org,24,www.nordforsk.org,17,0,org,100.0,1.0,0.0799628,0.060684708,3,1,0,0,0.0,11,0.458,0,0.0,0,0,0,1,0.042,1,643,4805,1,ndfsk,0.0,0.0,1,1,1,0,0,1,0,2,0,1,1,1,0,0,1,0,1,12,3,4,88,0,19,1
mw8051.txt,http://www.kasparsky.net,23,www.kasparsky.net,17,0,net,78.44463229,1.0,0.0384199,0.050361616,3,1,0,0,0.0,11,0.478,0,0.0,0,0,0,1,0.043,0,10,31,1,kasparsky,100.0,100.0,0,0,0,0,0,0,0,0,0,0,0,0,0,0,0,0,0,0,0,0,0,0,0,0
253627.txt,https://www.mobile-gigs.com,26,www.mobile-gigs.com,19,0,com,100.0,0.636363636,0.5229071,0.061100437,3,1,0,0,0.0,12,0.462,0,0.0,0,0,0,2,0.077,1,705,4141,1,mobile-gigs,100.0,100.0,0,1,1,0,0,1,0,0,1,0,1,1,0,0,0,0,1,15,12,21,28,0,30,1
7969961.txt,https://www.ekli-nat.ekinrt.dduuwm.top/load.php,46,www.ekli-nat.ekinrt.dduuwm.top,30,0,top,26.35827664,0.318181818,0.0002752,0.051218064,3,3,0,0,0.0,28,0.609,0,0.0,0,0,0,6,0.13,1,9,55,1,ekli-natekinrtdduuwmloadph,0.0,0.0,0,0,0,0,0,0,0,0,0,0,0,0,0,0,0,0,0,0,0,0,0,0,0,0
841269.txt,https://www.finestclubs.com,26,www.finestclubs.com,19,0,com,100.0,1.0,0.5229071,0.056693232,3,1,0,0,0.0,13,0.5,0,0.0,0,0,0,1,0.038,1,1494,368,1,finestclubs,100.0,100.0,1,0,1,1,0,1,0,2,0,1,1,1,0,0,0,0,1,53,2,3,172,29,10,1
96480.txt,https://www.teriin.org,21,www.teriin.org,14,0,org,100.0,1.0,0.0799628,0.069414173,3,1,0,0,0.0,8,0.381,0,0.0,0,0,0,1,0.048,1,1142,1149,1,teriin,100.0,100.0,1,0,1,0,0,1,0,1,0,1,1,1,0,0,0,0,0,27,23,15,128,0,50,1
833383.txt,https://www.samoyedhealthfoundation.org,38,www.samoyedhealthfoundation.org,31,0,org,100.0,1.0,0.0799628,0.060487481,3,1,0,0,0.0,25,0.658,0,0.0,0,0,0,1,0.026,1,692,375,1,samoyedhealthfoundation,100.0,100.0,1,1,1,0,0,1,0,0,0,1,1,0,0,0,0,0,1,13,7,11,42,4,2,1
90645.txt,https://www.crue.org,19,www.crue.org,12,0,org,100.0,1.0,0.0799628,0.070137005,3,1,0,0,0.0,6,0.316,0,0.0,0,0,0,1,0.053,1,1253,9381,1,crue,100.0,100.0,0,1,1,0,0,0,0,1,0,1,1,1,0,0,0,0,1,33,23,25,100,4,107,1
8060138.txt,https://att-mail-101122.square.site/,36,att-mail-101122.square.site,27,0,site,58.2010582,0.590909091,0.0017656,0.045186873,4,1,0,0,0.0,17,0.472,6,0.167,0,0,0,5,0.139,1,13,117,1,att-mail-101122square,0.0,0.0,0,0,0,1,0,0,0,0,0,0,0,0,0,0,0,0,0,0,0,0,0,0,1,0
8032003.txt,http://att-100361-109870.weeblysite.com/,39,att-100361-109870.weeblysite.com,32,0,com,36.63589015,0.607142857,0.5229071,0.034944708,3,1,0,0,0.0,16,0.41,12,0.308,0,0,0,4,0.103,0,13,119,1,att-100361-109870weeblysite,0.0,0.0,0,0,0,1,1,0,0,0,0,0,0,0,0,0,0,0,0,0,0,0,1,0,1,0
7969447.txt,https://elnogaldevicente.cl/wp-includes/js/tinymce/langs/htacces/new/os/,71,elnogaldevicente.cl,19,0,cl,17.89493575,1.0,0.0012193,0.057530253,2,0,0,0,0.0,54,0.761,0,0.0,0,0,0,9,0.127,1,9,103,1,elnogaldevicentewp-inudesjstinymcelangshtaccesnewos,0.0,0.0,0,0,0,0,0,0,0,0,0,0,0,0,0,0,0,0,0,0,0,0,1,0,1,0
845429.txt,https://www.jjpan.com,20,www.jjpan.com,13,0,com,100.0,1.0,0.5229071,0.050089049,3,1,0,0,0.0,7,0.35,0,0.0,0,0,0,1,0.05,1,1989,5021,1,jjpan,100.0,100.0,0,0,1,0,0,1,0,0,0,0,1,0,0,0,0,0,1,38,197,39,232,7,238,1
mw31j0219.txt,http://www.tomarchiobibite.it,28,www.tomarchiobibite.it,22,0,it,94.99675114,1.0,0.012178,0.062820817,2,1,0,0,0.0,16,0.571,0,0.0,0,0,0,1,0.036,0,2,39,0,0,0.0,0.0,0,0,0,0,0,0,0,0,0,0,0,0,0,0,0,0,0,0,0,0,0,0,0,0
56683.txt,https://www.mnsu.edu,19,www.mnsu.edu,12,0,edu,100.0,1.0,0.0115013,0.054410996,3,1,0,0,0.0,6,0.316,0,0.0,0,0,0,1,0.053,1,991,1079,1,mnsu,100.0,100.0,1,0,1,0,0,1,0,2,0,1,1,0,0,0,0,0,0,37,3,17,130,5,52,1
483689.txt,https://www.algerie-eco.com,26,www.algerie-eco.com,19,0,com,100.0,0.727272727,0.5229071,0.074756036,3,1,0,0,0.0,12,0.462,0,0.0,0,0,0,2,0.077,1,8904,9958,1,algerie-e,81.81818182,81.81818182,0,1,1,0,0,0,0,2,1,1,1,0,1,0,0,0,1,62,8,15,194,10,196,1
547586.txt,https://www.d230.org,19,www.d230.org,12,0,org,100.0,1.0,0.0799628,0.033248439,3,1,0,0,0.0,3,0.158,3,0.158,0,0,0,1,0.053,1,8020,5885,1,d230,100.0,100.0,0,0,1,1,1,0,2,26,0,1,1,1,0,1,1,0,1,26,37,34,99,7,33,1
795536.txt,https://www.russia-travel.ws,27,www.russia-travel.ws,20,0,ws,100.0,0.538461538,0.0003477,0.054069066,2,1,0,0,0.0,13,0.481,0,0.0,0,0,0,2,0.074,1,1124,9381,1,russia-travel,100.0,100.0,0,1,1,0,0,0,0,1,0,0,1,0,0,0,0,0,1,21,11,11,142,0,146,1
117791.txt,https://www.arkoselabs.com,25,www.arkoselabs.com,18,0,com,100.0,1.0,0.5229071,0.065430635,3,1,0,0,0.0,12,0.48,0,0.0,0,0,0,1,0.04,1,3084,15577,1,arkoselabs,100.0,100.0,0,1,1,0,0,1,0,1,0,1,1,1,0,1,1,0,1,30,34,51,198,4,136,1
259800.txt,https://www.wi.uni-muenster.de,29,www.wi.uni-muenster.de,22,0,de,100.0,0.6,0.0326503,0.054288482,2,2,0,0,0.0,14,0.483,0,0.0,0,0,0,3,0.103,1,597,9052,1,wiuni-muenster,0.0,0.0,1,0,1,0,0,1,0,1,0,1,1,1,1,0,0,0,1,9,33,15,48,5,44,1
8054336.txt,https://ipfs.io/ipfs/qmbqomazzzmqrh8zbyrjzsqz1kczpx1wxcjtu3hzpaackt,67,ipfs.io,7,0,io,13.89255961,1.0,0.0129268,0.032594633,2,0,0,0,0.0,52,0.776,4,0.06,0,0,0,3,0.045,1,10,391977,0,0,0.0,0.0,0,0,0,0,0,0,0,0,0,0,0,0,0,0,0,0,0,0,0,0,0,0,0,0
8120903.txt,https://att-107329ilterserieservil.square.site/,47,att-107329ilterserieservil.square.site,38,0,site,41.60096598,0.696969697,0.0017656,0.050944641,4,1,0,0,0.0,29,0.617,6,0.128,0,0,0,4,0.085,1,68,80,1,att-107329ilterserieservilsquare,0.0,0.0,0,0,0,0,0,0,0,0,0,0,0,0,0,0,0,0,0,0,0,0,0,0,1,0
8099815.txt,https://www.dlrect-smtb.jp.ap1.ib.plantformers.com/,51,www.dlrect-smtb.jp.ap1.ib.plantformers.com,42,0,com,31.13857518,0.411764706,0.5229071,0.053760757,3,5,0,0,0.0,31,0.608,1,0.02,0,0,0,7,0.137,1,2,59,0,0,0.0,0.0,0,0,0,0,0,0,0,0,0,0,0,0,0,0,0,0,0,0,0,0,0,0,0,0
136858.txt,https://www.voxxi.com,20,www.voxxi.com,13,0,com,100.0,1.0,0.5229071,0.051305611,3,1,0,0,0.0,7,0.35,0,0.0,0,0,0,1,0.05,1,850,253,1,voxxi,100.0,100.0,0,0,1,0,0,1,0,0,0,0,0,1,0,0,0,0,1,22,7,7,0,0,2,1
586948.txt,https://www.unjenesaisquoi-deco.fr,33,www.unjenesaisquoi-deco.fr,26,0,fr,100.0,0.789473684,0.0141483,0.057709964,2,1,0,0,0.0,19,0.576,0,0.0,0,0,0,2,0.061,1,1408,10038,1,unjenesaisquoi-deco,100.0,100.0,0,0,1,0,0,1,0,2,0,1,1,0,0,0,1,0,1,40,13,19,91,1,104,1
8059636.txt,https://juno-mail-109738.square.site/,37,juno-mail-109738.square.site,28,0,site,56.08726249,0.565217391,0.0017656,0.043320199,4,1,0,0,0.0,18,0.486,6,0.162,0,0,0,5,0.135,1,271,20190,1,juno-mail-109738square,0.0,0.0,0,0,1,0,0,0,0,0,0,0,0,1,0,1,1,0,0,19,3,9,2,0,3,0
39774.txt,https://www.westernsydney.edu.au,31,www.westernsydney.edu.au,24,0,au,100.0,0.823529412,0.0100856,0.053730015,2,2,0,0,0.0,17,0.548,0,0.0,0,0,0,2,0.065,1,1081,3089,1,westernsydneyedu,0.0,0.0,1,1,1,0,0,1,0,2,0,1,1,1,0,0,1,0,1,26,6,56,78,11,91,1
557225.txt,https://www.andy-ngo.com,23,www.andy-ngo.com,16,0,com,100.0,0.625,0.5229071,0.060692008,3,1,0,0,0.0,9,0.391,0,0.0,0,0,0,2,0.087,1,4719,9493,1,andy-ngo,100.0,100.0,1,1,1,0,0,1,0,14,0,1,1,0,0,0,1,0,1,32,9,28,35,0,69,1
820005.txt,https://www.crystalfanaticsclub.com,34,www.crystalfanaticsclub.com,27,0,com,100.0,1.0,0.5229071,0.057680085,3,1,0,0,0.0,21,0.618,0,0.0,0,0,0,1,0.029,1,433,523,1,crystalfanaticsclub,100.0,100.0,0,0,0,0,0,1,0,0,0,0,1,1,1,0,1,0,1,4,2,4,27,0,9,1
743917.txt,https://www.entretantos.org,26,www.entretantos.org,19,0,org,100.0,1.0,0.0799628,0.071193207,3,1,0,0,0.0,13,0.5,0,0.0,0,0,0,1,0.038,1,914,9381,1,entretantos,100.0,100.0,0,1,1,0,0,1,0,0,0,1,1,1,0,0,0,0,0,32,17,18,110,0,119,1
mw55295.txt,http://www.malcolmr.ga,21,www.malcolmr.ga,15,0,ga,83.47107438,1.0,0.0002256,0.061808507,2,1,0,0,0.0,9,0.429,0,0.0,0,0,0,1,0.048,0,20,209,1,malcolmr,100.0,100.0,0,0,0,1,1,0,0,0,0,0,0,0,0,0,0,0,0,0,0,0,0,0,0,0
166719.txt,https://www.carlos-balsalobre.com,32,www.carlos-balsalobre.com,25,0,com,100.0,0.647058824,0.5229071,0.066476362,3,1,0,0,0.0,18,0.562,0,0.0,0,0,0,2,0.062,1,1188,1168,1,carlos-balsalobre,100.0,100.0,1,0,1,0,0,1,0,1,0,1,0,0,0,0,0,0,1,36,4,21,3,7,54,1
582722.txt,https://www.atrie.lv,19,www.atrie.lv,12,0,lv,100.0,1.0,0.0004411,0.065728869,2,1,0,0,0.0,6,0.316,0,0.0,0,0,0,1,0.053,1,502,479,1,atrie,100.0,100.0,0,0,1,0,0,1,0,0,0,1,1,0,0,1,0,0,1,12,1,11,19,1,24,1
886823.txt,https://www.namfi.gr,19,www.namfi.gr,12,0,gr,100.0,1.0,0.0016589,0.05118241,2,1,0,0,0.0,6,0.316,0,0.0,0,0,0,1,0.053,1,1891,20517,1,namfi,100.0,100.0,1,0,1,0,0,0,0,2,0,0,0,1,1,0,0,0,0,50,26,26,54,3,67,1
104977.txt,https://www.gsd.inesc-id.pt,26,www.gsd.inesc-id.pt,19,0,pt,100.0,0.5,0.0015361,0.051930285,2,2,0,0,0.0,11,0.423,0,0.0,0,0,0,3,0.115,1,220,1746,1,gsdinesc-id,0.0,0.0,0,0,1,0,0,0,0,0,0,0,1,0,0,0,0,0,1,6,12,21,32,0,49,1
mw1jan1275.txt,http://www.outlook-web-fb782.web.app,35,www.outlook-web-fb782.web.app,29,0,app,42.91692308,0.523809524,0.001502,0.042349686,3,2,0,0,0.0,17,0.486,3,0.086,0,0,0,4,0.114,0,2,47,0,0,0.0,0.0,0,0,0,0,0,0,0,0,0,0,0,0,0,0,0,0,0,0,0,0,0,0,0,0
mw21909.txt,http://www.apps-notification.com,31,www.apps-notification.com,25,0,com,74.87116059,0.764705882,0.5229071,0.063956755,3,1,0,0,0.0,18,0.581,0,0.0,0,0,0,2,0.065,0,9,42,1,apps-notification,100.0,100.0,0,0,0,0,0,0,0,0,0,0,0,0,0,0,0,0,0,0,0,0,0,0,0,0
504050.txt,https://www.bouwwereld.nl,24,www.bouwwereld.nl,17,0,nl,100.0,1.0,0.0082003,0.050054566,2,1,0,0,0.0,11,0.458,0,0.0,0,0,0,1,0.042,1,2022,9541,1,bouwwereld,100.0,100.0,0,1,1,0,0,1,0,1,0,1,1,1,0,0,1,0,1,36,2,39,125,0,142,1
222172.txt,https://www.mudra.website,24,www.mudra.website,17,0,website,100.0,1.0,0.0001704,0.051320953,7,1,0,0,0.0,11,0.458,0,0.0,0,0,0,1,0.042,1,866,307,1,mudra,100.0,100.0,0,0,0,0,0,0,3,0,0,1,1,1,0,1,1,0,1,4,8,21,18,26,11,1
137376.txt,https://www.history.ca,21,www.history.ca,14,0,ca,100.0,1.0,0.0101825,0.056083042,2,1,0,0,0.0,8,0.381,0,0.0,0,0,0,1,0.048,1,673,8047,1,history,100.0,100.0,0,1,1,0,0,1,0,0,0,1,0,0,0,0,0,0,1,11,8,21,35,0,51,1
8004228.txt,https://sparkasse.safetycheck22.com.de,37,sparkasse.safetycheck22.com.de,30,0,de,50.6953405,0.518518519,0.0326503,0.053033502,2,2,0,0,0.0,24,0.649,2,0.054,0,0,0,3,0.081,1,226,204,1,sparkassesafetycheck22com,0.0,0.0,0,0,0,0,0,1,0,0,0,0,0,0,0,0,0,0,0,3,6,3,0,0,1,0
15812.txt,https://www.turnkeylinux.org,27,www.turnkeylinux.org,20,0,org,100.0,1.0,0.0799628,0.049245517,3,1,0,0,0.0,14,0.519,0,0.0,0,0,0,1,0.037,1,813,8969,1,turnkeylinux,100.0,100.0,1,0,1,0,0,0,0,0,0,1,1,1,0,0,0,0,1,40,6,13,166,0,57,1
mw67907.txt,http://www.play.google.store.apps.details.settings.pw,52,www.play.google.store.apps.details.settings.pw,46,0,pw,30.25410045,0.230769231,0.0001665,0.05746749,2,6,0,0,0.0,35,0.673,0,0.0,0,0,0,6,0.115,0,2,61,0,0,0.0,0.0,0,0,0,0,0,0,0,0,0,0,0,0,0,0,0,0,0,0,0,0,0,0,0,0
mw131066.txt,http://www.divarir-ir.gq,23,www.divarir-ir.gq,17,0,gq,56.04395604,0.8,5.3e-05,0.052697622,2,1,0,0,0.0,10,0.435,0,0.0,0,0,0,2,0.087,0,20,211,1,divarir-ir,100.0,100.0,0,0,0,1,1,0,0,0,0,0,0,0,0,0,0,0,0,0,0,0,0,0,0,0
558751.txt,https://www.heroscarpetcleaning.co.uk,36,www.heroscarpetcleaning.co.uk,29,0,uk,100.0,0.909090909,0.028555,0.0645454,2,2,0,0,0.0,22,0.611,0,0.0,0,0,0,2,0.056,1,1029,8665,1,heroscarpetcleaningco,0.0,0.0,0,0,1,0,0,1,0,0,0,1,1,1,0,0,0,0,0,14,22,23,65,4,70,1
8112487.txt,http://www.ifos-egy.com/themes/stark/bt/bit,43,www.ifos-egy.com,16,0,com,31.83001894,0.625,0.5229071,0.056496302,3,1,0,0,0.0,26,0.605,0,0.0,0,0,0,6,0.14,0,9,94,1,ifos-egythemesstarkbtbit,0.0,100.0,0,0,0,0,0,0,0,0,0,0,0,0,0,0,0,0,0,0,0,0,1,0,1,0
8008521.txt,https://jhjk-8493d.firebaseapp.com/,34,jhjk-8493d.firebaseapp.com,26,0,com,61.80678033,0.727272727,0.5229071,0.04054124,3,1,0,0,0.0,19,0.559,4,0.118,0,0,0,3,0.088,1,108,8125,1,jhjk-8493dfirebaseapp,0.0,0.0,0,0,1,0,0,0,0,0,0,0,0,0,0,0,0,0,0,0,0,0,0,0,3,0
520188.txt,https://www.ajinorthamerica.com,30,www.ajinorthamerica.com,23,0,com,100.0,1.0,0.5229071,0.067008339,3,1,0,0,0.0,17,0.567,0,0.0,0,0,0,1,0.033,1,621,328,1,ajinorthamerica,100.0,100.0,0,0,1,0,0,1,0,0,0,0,1,0,0,0,0,0,1,20,4,3,12,0,7,1
502017.txt,https://www.fisherandfrey.com,28,www.fisherandfrey.com,21,0,com,100.0,1.0,0.5229071,0.055569701,3,1,0,0,0.0,15,0.536,0,0.0,0,0,0,1,0.036,1,389,771,1,fisherandfrey,100.0,100.0,1,0,1,0,0,1,0,0,0,1,1,1,0,0,0,0,1,14,3,11,40,0,6,1
790440.txt,https://www.congress-1in5.eu,27,www.congress-1in5.eu,20,0,eu,100.0,0.769230769,0.0056158,0.056717047,2,1,0,0,0.0,11,0.407,2,0.074,0,0,0,2,0.074,1,244,537,1,congrss-1in5,0.0,0.0,1,0,1,0,0,1,0,0,0,1,1,0,0,0,0,0,1,14,3,10,3,0,19,1
587112.txt,https://www.uniformsinstock.com,30,www.uniformsinstock.com,23,0,com,100.0,1.0,0.5229071,0.061600658,3,1,0,0,0.0,17,0.567,0,0.0,0,0,0,1,0.033,1,5996,32044,1,uniformsinstock,100.0,100.0,1,0,1,1,0,1,0,19,0,1,1,1,1,1,1,0,1,10,9,43,141,1,18,1
24843.txt,https://www.usw.org,18,www.usw.org,11,0,org,100.0,1.0,0.0799628,0.052570013,3,1,0,0,0.0,5,0.278,0,0.0,0,0,0,1,0.056,1,1080,307,1,usw,100.0,100.0,0,1,0,0,0,1,0,2,0,1,1,1,0,0,0,0,1,24,15,15,155,0,12,1
99314.txt,https://www.thestandard.co.zw,28,www.thestandard.co.zw,21,0,zw,100.0,0.857142857,4.64e-05,0.057302965,2,2,0,0,0.0,14,0.5,0,0.0,0,0,0,2,0.071,1,3805,603,1,thestandardco,0.0,0.0,0,1,0,0,0,1,0,2,0,1,1,0,0,1,1,1,1,88,5,15,383,1,356,1
737271.txt,https://www.watertonparkhotel.co.uk,34,www.watertonparkhotel.co.uk,27,0,uk,100.0,0.9,0.028555,0.060972401,2,2,0,0,0.0,20,0.588,0,0.0,0,0,0,2,0.059,1,660,567,1,watertonparkhotelco,0.0,0.0,1,0,1,0,0,1,0,0,0,1,1,0,0,0,0,0,1,28,5,11,97,0,10,1
492088.txt,https://www.corkqc.com,21,www.corkqc.com,14,0,com,100.0,1.0,0.5229071,0.062853726,3,1,0,0,0.0,8,0.381,0,0.0,0,0,0,1,0.048,1,1692,2672,1,rkqc,66.66666667,66.66666667,1,0,1,0,0,1,0,19,1,0,1,0,1,1,1,0,1,29,2,19,95,0,6,1
8031271.txt,https://bafybeiaadipa3iml5refhjtti6qfwuxgtfziehsqasey4p7udd3cphbgzq.ipfs.dweb.link/?filename=3hrghrh8g.html,106,bafybeiaadipa3iml5refhjtti6qfwuxgtfziehsqasey4p7udd3cphbgzq.ipfs.dweb.link,74,0,link,8.210590756,0.289855072,0.0003306,0.038866894,4,2,0,0,0.0,83,0.783,8,0.075,1,1,0,5,0.066,1,273,32087,1,bafybeiaadipa3iml5refhjtti6qfwuxgtfziehsqasey4p7udd3cphbgzqipfsdweb?filename=3hrghrh8ghtm,0.0,0.0,0,1,0,1,0,0,0,4,0,0,1,1,1,0,0,0,0,2,3,7,1,0,3,0
824717.txt,https://www.womensafe.net,24,www.womensafe.net,17,0,net,100.0,1.0,0.0384199,0.064604778,3,1,0,0,0.0,11,0.458,0,0.0,0,0,0,1,0.042,1,1407,15093,1,womensafe,100.0,100.0,1,0,1,0,0,1,0,0,0,1,1,0,0,0,1,0,0,12,2,13,101,0,14,1
7953312.txt,https://sites.google.com/view/repairnextsteps,44,sites.google.com,16,0,com,44.53500442,0.583333333,0.5229071,0.060589966,3,1,0,0,0.0,32,0.727,0,0.0,0,0,0,4,0.091,1,24,29825,1,sitesgoogleviewrepairnextstep,0.0,0.0,1,0,1,0,0,0,0,1,0,0,0,1,0,0,0,0,1,1,0,1,2,0,2,0
oph01623.txt,https://verify-facebook.qcom.biz.id/,35,verify-facebook.qcom.biz.id,27,0,id,44.87556339,0.375,0.0014653,0.051269973,2,2,0,0,0.0,23,0.657,0,0.0,0,0,0,4,0.114,1,57,128,1,verify-facebookqcombiz,0.0,0.0,0,0,1,0,0,1,0,0,0,0,1,1,1,0,0,0,0,2,1,0,0,0,0,0
78382.txt,https://www.freelancermap.com,28,www.freelancermap.com,21,0,com,100.0,1.0,0.5229071,0.067052845,3,1,0,0,0.0,15,0.536,0,0.0,0,0,0,1,0.036,1,1080,8966,1,freelancermap,100.0,100.0,1,1,1,0,0,1,0,2,0,1,1,0,1,0,1,0,1,35,3,15,74,2,9,1
8079793.txt,https://18jk1.trk.elasticemail.com/tracking/click?d=zib8jztwxpmko0wj1rroctfbjx-c1plafwrjbjrknn7arkosacayrg37wbid8tfhsyagytcvltwtsgmtcy5dhzvvo0yzurdu95tsua1vowvfdy23wied6pcdwdwmuf0xva2,183,18jk1.trk.elasticemail.com,26,0,com,6.345602968,0.681818182,0.5229071,0.037726615,3,2,0,0,0.0,146,0.798,21,0.115,1,1,0,6,0.044,1,5,191,1,18jk1trkelasticemailtrackingclick?d=zib8jztwxpmko0wj1rroctfbjx-c1plafwrjbjrknn7arkosacayrg37wbid8tfhsyagytcvltwtsgmtcy5dhzvvo0yzurdu95tsua1vowvfdy23wied6pcdwdwmuf0xva2,0.0,0.0,0,0,0,0,0,0,0,0,0,0,0,0,0,0,0,0,0,0,0,0,0,0,1,0
253250.txt,https://www.iseety.com,21,www.iseety.com,14,0,com,100.0,1.0,0.5229071,0.067726627,3,1,0,0,0.0,8,0.381,0,0.0,0,0,0,1,0.048,1,787,369,1,iseety,100.0,100.0,1,0,1,0,0,1,0,0,0,1,1,1,0,0,0,0,1,45,2,9,3,6,16,1
424982.txt,https://www.madkittymedia.com,28,www.madkittymedia.com,21,0,com,100.0,1.0,0.5229071,0.058516077,3,1,0,0,0.0,15,0.536,0,0.0,0,0,0,1,0.036,1,544,8047,1,madkittymedia,100.0,100.0,0,1,1,0,0,0,0,0,0,0,1,0,0,0,1,0,0,14,19,25,42,0,64,1
865539.txt,https://www.sanctions.io,23,www.sanctions.io,16,0,io,100.0,1.0,0.0129268,0.066471576,2,1,0,0,0.0,10,0.435,0,0.0,0,0,0,1,0.043,1,694,10827,1,sanctons,0.0,0.0,0,0,0,0,0,0,0,2,0,1,1,0,0,1,1,1,1,7,3,13,9,0,14,1
164414.txt,https://www.freespinandcoins.com,31,www.freespinandcoins.com,24,0,com,100.0,1.0,0.5229071,0.064082981,3,1,0,0,0.0,18,0.581,0,0.0,0,0,0,1,0.032,1,381,672,1,freespinandins,0.0,0.0,1,1,1,0,0,1,0,0,0,1,0,1,0,0,1,0,1,2,2,10,67,0,103,1
831229.txt,https://www.canadianislamiccongress.com,38,www.canadianislamiccongress.com,31,0,com,100.0,1.0,0.5229071,0.066647345,3,1,0,0,0.0,25,0.658,0,0.0,0,0,0,1,0.026,1,416,1820,1,canadianislamicngress,0.0,0.0,0,1,1,0,0,0,0,0,0,0,0,0,0,0,1,0,0,2,5,6,62,0,65,1
809666.txt,https://www.turbaliit.ee,23,www.turbaliit.ee,16,0,ee,100.0,1.0,0.0005336,0.056737155,2,1,0,0,0.0,10,0.435,0,0.0,0,0,0,1,0.043,1,238,1902,1,turbaliit,100.0,100.0,0,1,1,0,0,0,0,0,0,0,0,0,0,0,0,0,0,9,7,11,29,0,27,1
594930.txt,https://www.jimkelly.net,23,www.jimkelly.net,16,0,net,100.0,1.0,0.0384199,0.048263555,3,1,0,0,0.0,10,0.435,0,0.0,0,0,0,1,0.043,1,818,12775,1,jimkelly,100.0,100.0,1,0,1,0,0,1,0,0,0,1,1,1,0,0,1,0,0,3,2,12,28,4,10,1
7681171.txt,https://camaxtesmails.firebaseapp.com/,37,camaxtesmails.firebaseapp.com,29,0,com,62.53763441,0.56,0.5229071,0.061259637,3,1,0,0,0.0,27,0.73,0,0.0,0,0,0,2,0.054,1,49,202,0,0,0.0,0.0,0,0,0,0,0,0,0,0,0,0,0,0,0,0,0,0,0,1,0,0,0,0,1,0
111364.txt,https://www.nations-software.info,32,www.nations-software.info,25,0,info,100.0,0.5625,0.0075051,0.06002559,4,1,0,0,0.0,18,0.562,0,0.0,0,0,0,2,0.062,1,677,9381,1,nations-software,100.0,100.0,0,1,1,0,0,0,0,0,0,1,1,0,0,0,0,0,1,11,14,12,76,3,80,1
638586.txt,https://www.movida.lt,20,www.movida.lt,13,0,lt,100.0,1.0,0.0005524,0.05612115,2,1,0,0,0.0,7,0.35,0,0.0,0,0,0,1,0.05,1,4953,1996,1,movida,100.0,100.0,0,0,1,0,0,1,0,0,0,1,0,0,0,1,1,0,1,97,5,14,282,0,285,1
229559.txt,https://www.rapid-mobil.at,25,www.rapid-mobil.at,18,0,at,100.0,0.545454545,0.0038776,0.057871378,2,1,0,0,0.0,11,0.44,0,0.0,0,0,0,2,0.08,1,757,1982,1,rpid-mobil,0.0,0.0,1,1,1,1,0,1,0,2,0,0,0,1,0,0,0,0,1,17,1,22,38,0,4,1
8083547.txt,http://43.153.193.223/v3/signin/identifier?dsh=s-1493067616:1661995410999753&amp;continue=https://accounts.google.com/?&amp;followup=https://accounts.google.com/?&amp;passive=1209600&amp;xrealip=35.203.245.210&amp;flowname=glifwebsignin&amp;flowentry=servicelogin&amp;ifkv=aqn2rmvk3gbu0a6dvulepdt79hnpg_f8qgtnk2zqebsy0b1rzw3la3wrlrlvns1timso8lm4ldk3,349,43.153.193.223,14,1,223,2.467189752,0.4,0.0,0.038926697,3,2,0,0,0.0,211,0.605,72,0.206,8,3,0,32,0.123,1,2,1638,1,43153193v3signinidentifier?dsh=s-1493067616:1661995410999753&amp;continue=accountsgooglecom?&amp;followup=accountsgooglecom?&amp;passive=1209600&amp;xrealip=35203245210&amp;flowname=glifwebsignin&amp;flowentry=servicelogin&amp;ifkv=aqn2rmvk3gbu0a6dvulepdt79hnpg_f8qgtnk2zqebsy0b1rzw3la3wrlrlvns1timso8lm4ldk3,0.0,0.0,0,0,1,0,0,0,0,0,0,0,0,0,0,0,0,0,0,1,0,0,0,0,0,0
mw107028.txt,http://www.trylink.xyz,21,www.trylink.xyz,15,0,xyz,66.11570248,1.0,0.0017496,0.03640823,3,1,0,0,0.0,9,0.429,0,0.0,0,0,0,1,0.048,0,9,111,0,0,0.0,0.0,0,1,0,0,0,0,0,0,0,0,0,0,0,0,0,0,0,0,0,0,0,0,0,0
798754.txt,https://www.domainmondo.com,26,www.domainmondo.com,19,0,com,100.0,1.0,0.5229071,0.071234032,3,1,0,0,0.0,13,0.5,0,0.0,0,0,0,1,0.038,1,2484,18832,1,domainmondo,100.0,100.0,1,0,0,0,0,0,1,8,0,0,0,0,0,1,1,1,1,18,3,19,156,0,303,1
25214.txt,https://www.wesleyan.edu,23,www.wesleyan.edu,16,0,edu,100.0,1.0,0.0115013,0.056081307,3,1,0,0,0.0,10,0.435,0,0.0,0,0,0,1,0.043,1,714,863,1,wesleyan,100.0,100.0,0,0,0,0,0,0,0,1,0,1,0,1,0,0,0,0,1,10,3,11,43,3,24,1
8124348.txt,https://colonialmaterial.com,28,colonialmaterial.com,20,0,com,75.5952381,1.0,0.5229071,0.070539923,3,0,0,0,0.0,19,0.679,0,0.0,0,0,0,1,0.036,1,25,565,1,colonialmaterial,100.0,100.0,0,0,1,0,0,0,0,0,0,0,0,0,0,0,0,0,0,0,0,0,0,1,1,0
625297.txt,https://www.numberthreebath.com,30,www.numberthreebath.com,23,0,com,100.0,1.0,0.5229071,0.059065099,3,1,0,0,0.0,17,0.567,0,0.0,0,0,0,1,0.033,1,229,711,1,numberthreebath,100.0,100.0,1,0,1,0,0,0,0,0,0,1,0,0,0,0,0,0,1,0,1,10,12,0,11,1
mw142016.txt,http://www.sz.csqoy.com,22,www.sz.csqoy.com,16,0,com,58.44017094,0.75,0.5229071,0.053515603,3,2,0,0,0.0,9,0.409,0,0.0,0,0,0,2,0.091,0,2,32,0,0,0.0,0.0,0,0,0,0,0,0,0,0,0,0,0,0,0,0,0,0,0,0,0,0,0,0,0,0
701312.txt,https://www.nstasubs.org,23,www.nstasubs.org,16,0,org,100.0,1.0,0.0799628,0.058015174,3,1,0,0,0.0,10,0.435,0,0.0,0,0,0,1,0.043,1,246,1743,1,nstasubs,100.0,100.0,0,0,1,0,0,0,0,0,0,1,1,0,0,0,1,0,0,6,6,9,51,0,61,1
160596.txt,https://www.clickpointsoftware.com,33,www.clickpointsoftware.com,26,0,com,100.0,1.0,0.5229071,0.060904953,3,1,0,0,0.0,20,0.606,0,0.0,0,0,0,1,0.03,1,2773,392,1,clickpointsoftware,100.0,100.0,0,1,1,0,0,1,0,0,0,1,0,1,0,1,1,0,1,8,6,23,236,3,21,1
6056.txt,https://www.nrel.gov,19,www.nrel.gov,12,0,gov,100.0,1.0,0.0033282,0.063788385,3,1,0,0,0.0,6,0.316,0,0.0,0,0,0,1,0.053,1,569,1274,1,nrel,100.0,100.0,1,1,1,0,0,1,0,3,0,1,1,1,0,0,0,0,0,10,5,12,97,5,17,1
oph05233.txt,http://sickshredz.com/goldenwestcu/otp.html,43,sickshredz.com,14,0,com,28.68702035,1.0,0.5229071,0.054476186,3,0,0,0,0.0,32,0.744,0,0.0,0,0,0,4,0.093,0,191,1283,1,sickshredzgoldenwestcuotphtml,0.0,0.0,0,0,1,0,0,0,0,0,0,0,1,0,0,1,0,0,1,3,5,3,2,0,2,0
582706.txt,https://www.vagrancylifestyle.com,32,www.vagrancylifestyle.com,25,0,com,100.0,1.0,0.5229071,0.055294879,3,1,0,0,0.0,19,0.594,0,0.0,0,0,0,1,0.031,1,3120,1804,1,vagrancylifestyle,100.0,100.0,0,0,1,0,0,1,0,0,0,1,0,1,0,0,1,0,1,45,38,23,95,2,81,1
7961313.txt,https://s.id/1qvhf,17,s.id,4,0,id,49.38271605,1.0,0.0014653,0.026794413,2,0,0,0,0.0,6,0.353,1,0.059,0,0,0,2,0.118,1,2,26,0,0,0.0,0.0,0,0,0,0,0,0,0,0,0,0,0,0,0,0,0,0,0,0,0,0,0,0,0,0
149619.txt,https://www.asherisraelow.com,28,www.asherisraelow.com,21,0,com,100.0,1.0,0.5229071,0.066401669,3,1,0,0,0.0,15,0.536,0,0.0,0,0,0,1,0.036,1,831,13672,1,asherisraelow,100.0,100.0,1,0,1,0,0,1,0,0,0,1,0,0,0,0,1,0,0,30,5,18,36,0,9,1
505.txt,https://www.purdue.edu,21,www.purdue.edu,14,0,edu,100.0,1.0,0.0115013,0.048771847,3,1,0,0,0.0,8,0.381,0,0.0,0,0,0,1,0.048,1,2673,833,1,purdue,100.0,100.0,0,0,0,0,0,0,1,3,0,1,0,0,0,0,1,0,1,14,5,12,56,2,86,1
623589.txt,https://www.dvinedesign.com,26,www.dvinedesign.com,19,0,com,100.0,1.0,0.5229071,0.057775343,3,1,0,0,0.0,13,0.5,0,0.0,0,0,0,1,0.038,1,1587,6878,1,dvinedesign,100.0,100.0,0,0,1,0,0,1,2,6,1,1,1,1,0,0,1,0,1,73,36,13,62,2,107,1
393960.txt,https://www.autocar.jp,21,www.autocar.jp,14,0,jp,100.0,1.0,0.0230451,0.061619026,2,1,0,0,0.0,8,0.381,0,0.0,0,0,0,1,0.048,1,969,18151,1,autocar,100.0,100.0,1,1,1,0,0,1,0,0,0,1,1,1,0,0,0,0,1,78,10,17,116,2,99,1
8123642.txt,https://ipfs.litnet.work/ipfs/bafybeib5jvxytzbcnp7cw4u7zysib2l7ad7qbc2cdqipcm7gpjssfhka54/index.html,100,ipfs.litnet.work,16,0,work,9.966817082,0.636363636,0.0002358,0.03575355,4,1,0,0,0.0,75,0.75,11,0.11,0,0,0,6,0.06,1,88,3439,1,ipfslitnetipfsbafybeib5jvxytzbcnp7cw4u7zysib2l7ad7qbc2cdqipcm7gpjssfhka54indexhtml,0.0,0.0,0,1,1,0,0,0,0,0,0,0,0,1,0,0,0,0,0,0,1,0,1,0,0,0
540104.txt,https://www.siyahgribeyaz.com,28,www.siyahgribeyaz.com,21,0,com,100.0,1.0,0.5229071,0.051933442,3,1,0,0,0.0,15,0.536,0,0.0,0,0,0,1,0.036,1,9790,4705,1,siyahgribeyaz,100.0,100.0,1,0,0,0,0,0,126,20,0,1,1,0,0,0,1,0,0,51,3,8,465,0,727,1
792633.txt,https://www.skytrac.ca,21,www.skytrac.ca,14,0,ca,100.0,1.0,0.0101825,0.05368655,2,1,0,0,0.0,8,0.381,0,0.0,0,0,0,1,0.048,1,2634,9381,1,skytra,85.71428571,85.71428571,1,1,1,0,0,1,0,3,0,1,0,1,1,0,0,0,1,33,43,33,278,5,309,1
390294.txt,https://www.happyathomeinhomecare.com,36,www.happyathomeinhomecare.com,29,0,com,100.0,1.0,0.5229071,0.063584151,3,1,0,0,0.0,23,0.639,0,0.0,0,0,0,1,0.028,1,3053,1961,1,happyathomeinhomecare,100.0,100.0,0,0,1,0,0,1,0,5,0,1,1,1,0,0,0,0,1,103,11,13,184,0,189,1
48921.txt,https://www.druglibrary.org,26,www.druglibrary.org,19,0,org,100.0,1.0,0.0799628,0.051161576,3,1,0,0,0.0,13,0.5,0,0.0,0,0,0,1,0.038,1,467,287,1,druglibrary,100.0,100.0,0,0,0,0,0,1,0,0,0,0,1,1,0,0,0,0,0,1,1,3,9,0,54,1
mw15424.txt,http://www.nftmatrixed.info,26,www.nftmatrixed.info,20,0,info,53.33333333,1.0,0.0075051,0.050716154,4,1,0,0,0.0,14,0.538,0,0.0,0,0,0,1,0.038,0,2,35,0,0,0.0,0.0,0,0,0,0,0,0,0,0,0,0,0,0,0,0,0,0,0,0,0,0,0,0,0,0
462975.txt,https://www.loose-canon.info,27,www.loose-canon.info,20,0,info,100.0,0.545454545,0.0075051,0.069252535,4,1,0,0,0.0,13,0.481,0,0.0,0,0,0,2,0.074,1,567,504,1,loose-canon,100.0,100.0,0,0,0,0,0,1,0,0,0,0,0,0,0,0,0,0,0,3,5,7,15,0,16,1
8122423.txt,https://bafybeiciybgr4yyk73flu2j6nknw4nnlpvapm5ocuz4hloq2l724w42xfa.ipfs.dweb.link/,83,bafybeiciybgr4yyk73flu2j6nknw4nnlpvapm5ocuz4hloq2l724w42xfa.ipfs.dweb.link,74,0,link,11.0513757,0.246376812,0.0003306,0.031816412,4,2,0,0,0.0,57,0.687,14,0.169,0,0,0,4,0.048,1,86,88255,1,bafybeiciybgr4yyk73flu2j6nknw4nnlpvapm5ocuz4hloq2l724w42xfaipfsdweb,0.0,0.0,0,0,1,0,0,1,0,0,0,0,0,0,0,0,1,0,0,0,0,0,4,0,6,0
8085599.txt,https://steepawfulconditionals.arrrt.repl.co,44,steepawfulconditionals.arrrt.repl.co,36,0,co,38.54043393,0.696969697,0.0059772,0.060566674,2,2,0,0,0.0,33,0.75,0,0.0,0,0,0,3,0.068,1,314,871,1,steepawfulnditionalsarrrtrepl,0.0,0.0,0,0,0,0,0,0,0,0,0,0,0,0,0,0,0,0,0,0,0,0,0,0,3,0
8023324.txt,https://bankingpromerica2.sa32434245.repl.co/,44,bankingpromerica2.sa32434245.repl.co,36,0,co,37.20804137,0.757575758,0.0059772,0.045200947,2,2,0,0,0.0,24,0.545,9,0.205,0,0,0,3,0.068,1,314,871,1,bankingpromerica2sa32434245repl,0.0,0.0,0,0,0,0,0,0,0,0,0,0,0,0,0,1,0,0,0,0,0,0,0,0,3,0
172241.txt,https://www.buildersshow.com,27,www.buildersshow.com,20,0,com,100.0,1.0,0.5229071,0.054725346,3,1,0,0,0.0,14,0.519,0,0.0,0,0,0,1,0.037,1,1025,1796,1,buildersshow,100.0,100.0,1,0,1,0,0,0,0,1,0,1,1,0,0,0,0,0,1,33,3,7,112,5,47,1
8047867.txt,https://us-east4-alvera.cloudfunctions.net/alvers,49,us-east4-alvera.cloudfunctions.net,34,0,net,34.86586782,0.533333333,0.0384199,0.057624329,3,1,0,0,0.0,35,0.714,1,0.02,0,0,0,5,0.102,1,17,123,0,0,0.0,0.0,0,0,0,1,0,0,0,0,0,0,0,0,0,0,0,0,0,0,0,0,0,0,0,0
oph05338.txt,https://thebabytheater.com/00ad7e3/,35,thebabytheater.com,18,0,com,62.7438089,1.0,0.5229071,0.050372561,3,0,0,0,0.0,20,0.571,4,0.114,0,0,0,3,0.086,1,21,200,1,thebabytheater00ad7e3,0.0,100.0,0,0,0,0,0,0,0,0,0,0,0,0,0,0,0,0,0,0,0,0,1,0,0,0
432065.txt,https://www.flashscore.pt,24,www.flashscore.pt,17,0,pt,100.0,1.0,0.0015361,0.056912132,2,1,0,0,0.0,11,0.458,0,0.0,0,0,0,1,0.042,1,1560,11957,1,flashscore,100.0,100.0,1,1,1,1,1,1,0,7,0,1,0,1,0,0,0,0,1,7,1,6,346,0,11,1
595543.txt,https://www.thediamondfamily.com,31,www.thediamondfamily.com,24,0,com,100.0,1.0,0.5229071,0.058229387,3,1,0,0,0.0,18,0.581,0,0.0,0,0,0,1,0.032,1,6973,593,1,thediamondfamily,100.0,100.0,1,0,1,0,0,1,0,2,0,1,1,1,0,0,0,0,1,49,14,21,249,3,18,1
434282.txt,https://www.dwu.edu,18,www.dwu.edu,11,0,edu,100.0,1.0,0.0115013,0.038517098,3,1,0,0,0.0,5,0.278,0,0.0,0,0,0,1,0.056,1,1013,664,1,dwu,100.0,100.0,0,0,1,0,0,0,0,2,1,1,0,1,0,0,1,0,1,38,6,9,209,10,168,1
141191.txt,https://www.argonauts.ca,23,www.argonauts.ca,16,0,ca,100.0,1.0,0.0101825,0.062871268,2,1,0,0,0.0,10,0.435,0,0.0,0,0,0,1,0.043,1,2876,18410,1,argonauts,100.0,100.0,1,1,1,0,0,1,0,23,0,1,0,1,0,1,0,0,1,53,6,50,198,13,307,1
157056.txt,https://www.drive2.ru,20,www.drive2.ru,13,0,ru,100.0,1.0,0.0180132,0.04574603,2,1,0,0,0.0,6,0.3,1,0.05,0,0,0,1,0.05,1,747,1863,1,dive2,0.0,0.0,0,0,1,0,0,1,0,0,0,0,1,0,0,0,0,0,1,4,3,7,192,0,9,1
oph08255.txt,http://1636365.com/assets/40element-plus.6b0e43d0.js/assets/40element-plus.48bbde93.js/assets/,94,1636365.com,11,0,com,10.65005626,1.0,0.5229071,0.042578606,3,0,0,0,0.0,54,0.574,20,0.213,0,0,0,13,0.138,0,86,266643,1,1636365assets40element-plus6b0e43d0jsassets40element-plus48bbde93jsassets,0.0,0.0,1,0,1,0,0,0,0,0,0,0,0,0,0,1,0,0,0,0,4,63,67,0,1,0
119437.txt,https://www.moas.eu,18,www.moas.eu,11,0,eu,100.0,1.0,0.0056158,0.078156861,2,1,0,0,0.0,5,0.278,0,0.0,0,0,0,1,0.056,1,1451,20238,1,moas,100.0,100.0,0,1,1,0,0,0,1,0,0,1,1,1,0,0,1,0,1,23,20,29,90,1,116,1
566958.txt,https://www.theplacetobrace.com,30,www.theplacetobrace.com,23,0,com,100.0,1.0,0.5229071,0.067152968,3,1,0,0,0.0,17,0.567,0,0.0,0,0,0,1,0.033,1,405,5478,1,theplacetobrace,100.0,100.0,1,0,1,0,0,1,0,0,0,1,0,0,0,0,1,0,0,22,4,9,33,0,13,1
39257.txt,https://www.eosworldwide.com,27,www.eosworldwide.com,20,0,com,100.0,1.0,0.5229071,0.061785359,3,1,0,0,0.0,14,0.519,0,0.0,0,0,0,1,0.037,1,4314,37071,1,eosworldwide,100.0,100.0,0,1,1,1,0,1,3,3,1,1,1,1,1,0,0,0,1,48,54,69,129,2,152,1
8067128.txt,https://folder77838783s-s908938ui3.firebaseapp.com/,51,folder77838783s-s908938ui3.firebaseapp.com,42,0,com,43.52721373,0.526315789,0.5229071,0.036130841,3,1,0,0,0.0,24,0.471,15,0.294,0,0,0,4,0.078,1,108,8125,1,folder77838783s-s908938ui3firebaseapp,0.0,0.0,0,0,1,0,0,0,0,0,0,0,0,0,0,0,0,0,0,0,0,0,0,0,3,0
718143.txt,https://www.kvedomosti.com,25,www.kvedomosti.com,18,0,com,100.0,1.0,0.5229071,0.063520062,3,1,0,0,0.0,12,0.48,0,0.0,0,0,0,1,0.04,1,585,787,1,kvedomosti,100.0,100.0,1,0,1,0,0,1,0,0,0,0,0,0,0,0,0,0,1,27,2,4,0,0,104,1
8077193.txt,https://bestsign-wrcpabmiscyrx.firebaseapp.com/,47,bestsign-wrcpabmiscyrx.firebaseapp.com,38,0,com,43.94488245,0.411764706,0.5229071,0.053803874,3,1,0,0,0.0,35,0.745,0,0.0,0,0,0,4,0.085,1,366,257,1,bestsign-wrcpabmiscyrxfirebaseapp,0.0,0.0,0,0,0,0,0,0,0,0,0,0,0,0,0,1,0,0,0,2,0,0,0,0,1,0
482890.txt,https://www.morganchaney.com,27,www.morganchaney.com,20,0,com,100.0,1.0,0.5229071,0.064830377,3,1,0,0,0.0,14,0.519,0,0.0,0,0,0,1,0.037,1,1190,2425,1,morganchaney,100.0,100.0,0,0,1,1,0,1,0,9,0,1,1,0,0,0,1,0,1,29,11,25,61,4,32,1
8059998.txt,https://att-mail-108336.square.site/,36,att-mail-108336.square.site,27,0,site,58.2010582,0.590909091,0.0017656,0.044967371,4,1,0,0,0.0,17,0.472,6,0.167,0,0,0,5,0.139,1,13,117,1,att-mail-108336square,0.0,0.0,0,0,0,1,0,0,0,0,0,0,0,0,0,0,0,0,0,0,0,0,0,0,1,0
391044.txt,https://www.tehachapinews.com,28,www.tehachapinews.com,21,0,com,100.0,1.0,0.5229071,0.060346198,3,1,0,0,0.0,15,0.536,0,0.0,0,0,0,1,0.036,1,3370,9609,1,tehachapinews,100.0,100.0,0,1,1,0,0,1,0,2,0,1,1,1,0,1,0,0,1,86,5,41,164,1,37,1
mw203188.txt,http://www.especialistassm.com.mx,32,www.especialistassm.com.mx,26,0,mx,68.55910888,0.842105263,0.0017218,0.065643812,2,2,0,0,0.0,19,0.594,0,0.0,0,0,0,2,0.062,0,9,85,1,especialistassco,0.0,0.0,0,0,0,0,0,0,0,0,0,0,0,0,0,0,0,0,0,0,0,0,1,0,1,0
492852.txt,https://www.quintanaevents.com,29,www.quintanaevents.com,22,0,com,100.0,1.0,0.5229071,0.060209472,3,1,0,0,0.0,16,0.552,0,0.0,0,0,0,1,0.034,1,770,9381,1,quintanaevents,100.0,100.0,1,1,1,0,0,1,0,0,0,1,1,1,0,0,0,0,1,27,5,17,42,0,44,1
440390.txt,https://www.rupertport.com,25,www.rupertport.com,18,0,com,100.0,1.0,0.5229071,0.062112031,3,1,0,0,0.0,12,0.48,0,0.0,0,0,0,1,0.04,1,2673,9743,1,rupertport,100.0,100.0,1,1,1,0,0,1,0,1,1,1,1,1,0,0,0,0,1,126,5,24,165,35,288,1
oph02579.txt,http://haydi-bakalim-900tl-kampanyamiz-online.com.tr/,53,haydi-bakalim-900tl-kampanyamiz-online.com.tr,45,0,tr,28.46376812,0.357142857,0.0011882,0.051268656,2,1,0,0,0.0,36,0.679,3,0.057,0,0,0,7,0.132,0,209,200,1,haydi-bakalim-900tl-kampanyamiz-onlinecom,0.0,0.0,1,0,1,0,0,0,0,0,0,0,1,0,0,0,0,0,0,3,17,3,0,0,2,0
8085949.txt,https://houserenovationfiles5.firebaseapp.com/,46,houserenovationfiles5.firebaseapp.com,37,0,com,53.43892968,0.666666667,0.5229071,0.059998068,3,1,0,0,0.0,34,0.739,1,0.022,0,0,0,3,0.065,1,108,8125,1,houserenovationfiles5firebaseapp,0.0,0.0,0,0,1,0,0,0,0,0,0,0,0,0,0,0,0,0,0,0,0,0,0,0,3,0
542705.txt,https://www.altatac.com,22,www.altatac.com,15,0,com,100.0,1.0,0.5229071,0.071731334,3,1,0,0,0.0,9,0.409,0,0.0,0,0,0,1,0.045,1,2613,4436,1,altatac,100.0,100.0,0,0,1,1,0,0,0,0,0,1,1,1,0,1,1,0,1,31,4,11,207,1,210,1
723020.txt,https://www.europadreaming.eu,28,www.europadreaming.eu,21,0,eu,100.0,1.0,0.0056158,0.063736784,2,1,0,0,0.0,15,0.536,0,0.0,0,0,0,1,0.036,1,2397,779,1,uropadraming,0.0,0.0,1,0,1,0,0,1,0,11,0,1,0,0,0,0,0,0,0,37,14,21,2,0,21,1
mw66255.txt,http://www.tnk.nowurl.fun,24,www.tnk.nowurl.fun,18,0,fun,51.29251701,0.7,0.0001194,0.043900911,3,2,0,0,0.0,11,0.458,0,0.0,0,0,0,2,0.083,0,8,41,1,tnknowurl,0.0,0.0,0,0,0,0,0,0,0,0,0,0,0,0,0,0,0,0,0,0,0,0,0,0,0,0
515341.txt,https://www.technosrk.com,24,www.technosrk.com,17,0,com,100.0,1.0,0.5229071,0.064556678,3,1,0,0,0.0,11,0.458,0,0.0,0,0,0,1,0.042,1,3354,9458,1,technosrk,100.0,100.0,0,1,1,0,0,1,0,3,1,1,1,0,1,0,0,0,1,18,12,23,93,8,102,1
8105302.txt,https://maildinshaakckjnw199.web.app/,37,maildinshaakckjnw199.web.app,28,0,app,36.68191414,0.875,0.001502,0.041544249,3,1,0,0,0.0,23,0.622,3,0.081,0,0,0,3,0.081,1,108,8125,1,maildinshaakckjnw199web,0.0,0.0,0,0,1,0,0,0,0,0,0,0,0,0,0,0,0,0,0,0,0,0,0,0,3,0
540129.txt,https://www.catchyfreebies.com,29,www.catchyfreebies.com,22,0,com,100.0,1.0,0.5229071,0.061376137,3,1,0,0,0.0,16,0.552,0,0.0,0,0,0,1,0.034,1,1647,13715,1,catchyfreebies,100.0,100.0,1,0,1,0,0,0,4,0,0,1,1,0,0,0,0,0,1,35,48,41,155,0,176,1
oph05346.txt,https://dutsh-helppackage.ecranul.ro/public/9vem7ejpr4tqmlir8rwqhadwikv93vva,76,dutsh-helppackage.ecranul.ro,28,0,ro,15.01303846,0.48,0.001523,0.042605664,2,1,0,0,0.0,57,0.75,6,0.079,0,0,0,5,0.066,1,13,125,1,dutsh-helppackageecranulpublic9vem7ejpr4tqmlir8rwqhadwikv93vva,0.0,0.0,0,0,0,1,1,0,0,0,0,0,0,0,0,0,0,0,0,0,0,0,1,0,1,0
7964532.txt,https://helpcenter-servicesde24.de/,34,helpcenter-servicesde24.de,26,0,de,55.3802323,0.565217391,0.0326503,0.056242188,2,0,0,0,0.0,22,0.647,2,0.059,0,0,0,2,0.059,1,2,1096,1,helpcenter-services24,0.0,0.0,1,0,1,0,0,0,0,0,0,0,0,0,0,0,0,0,0,1,1,1,0,0,0,0
885120.txt,https://www.oldpark.org,22,www.oldpark.org,15,0,org,100.0,1.0,0.0799628,0.058273065,3,1,0,0,0.0,9,0.409,0,0.0,0,0,0,1,0.045,1,651,419,1,oldpark,100.0,100.0,0,0,1,0,0,0,0,1,0,0,0,0,0,1,0,0,0,20,5,6,160,26,8,1
mw76953.txt,http://www.915783.com,20,www.915783.com,14,0,com,69.45454545,1.0,0.5229071,0.022689376,3,1,0,0,0.0,2,0.1,6,0.3,0,0,0,1,0.05,0,8,41,1,915783,100.0,100.0,0,0,0,0,0,0,0,0,0,0,0,0,0,0,0,0,0,0,0,0,0,0,0,0
514144.txt,https://www.andyrourke.com,25,www.andyrourke.com,18,0,com,100.0,1.0,0.5229071,0.060166253,3,1,0,0,0.0,12,0.48,0,0.0,0,0,0,1,0.04,1,2310,12941,1,andyrourke,100.0,100.0,1,0,1,0,0,1,0,0,0,1,0,1,0,0,1,0,1,19,2,11,35,0,13,1
mw31j25936.txt,http://www.usinmail.com,22,www.usinmail.com,16,0,com,73.61111111,1.0,0.5229071,0.06329314,3,1,0,0,0.0,10,0.455,0,0.0,0,0,0,1,0.045,0,9,50,1,usinmail,100.0,100.0,0,0,0,0,0,0,0,0,0,0,0,0,0,0,0,0,0,0,0,0,0,0,0,0
729065.txt,https://www.moonbears.org,24,www.moonbears.org,17,0,org,100.0,1.0,0.0799628,0.072739386,3,1,0,0,0.0,11,0.458,0,0.0,0,0,0,1,0.042,1,293,1048,1,moonbears,100.0,100.0,1,0,0,0,0,0,0,0,0,0,0,0,0,0,0,0,1,8,2,10,1,1,2,1
152664.txt,https://www.knoll.com,20,www.knoll.com,13,0,com,100.0,1.0,0.5229071,0.062414002,3,1,0,0,0.0,7,0.35,0,0.0,0,0,0,1,0.05,1,3907,28867,1,knoll,100.0,100.0,0,0,1,1,0,1,1,2,0,1,1,1,0,1,1,1,1,49,41,68,122,1,31,1
53846.txt,https://www.snhu.edu,19,www.snhu.edu,12,0,edu,100.0,1.0,0.0115013,0.048096617,3,1,0,0,0.0,6,0.316,0,0.0,0,0,0,1,0.053,1,1718,4274,1,snhu,100.0,100.0,1,1,1,1,0,1,0,6,0,1,1,0,0,0,1,0,1,10,2,10,104,5,23,1
8048665.txt,https://sasopj17yvfd.web.app/,29,sasopj17yvfd.web.app,20,0,app,58.80952381,0.5625,0.001502,0.036265997,3,1,0,0,0.0,16,0.552,2,0.069,0,0,0,3,0.103,1,108,8125,1,sasopj17yvfdweb,0.0,0.0,0,0,1,0,0,0,0,0,0,0,0,0,0,0,0,0,0,0,0,0,0,0,3,0
586639.txt,https://www.scholzefamilybeef.com,32,www.scholzefamilybeef.com,25,0,com,100.0,1.0,0.5229071,0.055871625,3,1,0,0,0.0,19,0.594,0,0.0,0,0,0,1,0.031,1,2423,8121,1,scholzefamilybeef,100.0,100.0,0,1,1,0,0,0,0,0,1,1,1,1,1,0,1,0,1,114,2,62,146,1,161,1
20840.txt,https://www.clio.com,19,www.clio.com,12,0,com,100.0,1.0,0.5229071,0.076095115,3,1,0,0,0.0,6,0.316,0,0.0,0,0,0,1,0.053,1,2271,8047,1,clio,100.0,100.0,1,1,1,0,0,1,0,0,0,1,1,0,0,0,1,0,0,36,2,5,113,1,128,1
797198.txt,https://www.franken-weinland.de,30,www.franken-weinland.de,23,0,de,100.0,0.5625,0.0326503,0.0526614,2,1,0,0,0.0,16,0.533,0,0.0,0,0,0,2,0.067,1,744,2723,1,franken-weinlan,93.75,93.75,1,1,1,0,0,1,0,0,0,0,0,0,0,0,0,0,1,16,2,4,168,0,2,1
629616.txt,https://www.batikamarillis-shop.com,34,www.batikamarillis-shop.com,27,0,com,100.0,0.789473684,0.5229071,0.058771016,3,1,0,0,0.0,20,0.588,0,0.0,0,0,0,2,0.059,1,473,1452,1,batikamarillis-shop,100.0,100.0,1,1,0,0,0,1,0,1,0,1,1,1,0,1,1,0,1,24,15,9,25,0,48,1
427503.txt,https://www.clint.be,19,www.clint.be,12,0,be,100.0,1.0,0.0033189,0.052401306,2,1,0,0,0.0,6,0.316,0,0.0,0,0,0,1,0.053,1,1553,971,1,clint,100.0,100.0,1,0,1,0,0,0,0,4,0,1,0,1,0,0,1,0,1,37,3,18,92,8,72,1
8131763.txt,https://cf-ipfs.com/ipfs/qmywnzn6yrieptd34a84fu8emsljpq8ofvtfd7alio5zyx,71,cf-ipfs.com,11,0,com,14.60537919,0.714285714,0.5229071,0.036372155,3,0,0,0,0.0,50,0.704,9,0.127,0,0,0,4,0.056,1,11,353814,0,0,0.0,0.0,0,0,0,0,0,0,0,0,0,0,0,0,0,0,0,0,0,0,0,0,0,0,0,0
636543.txt,https://www.thatpollygirl.com,28,www.thatpollygirl.com,21,0,com,100.0,1.0,0.5229071,0.05425661,3,1,0,0,0.0,15,0.536,0,0.0,0,0,0,1,0.036,1,2091,26870,1,thatpollygirl,100.0,100.0,0,0,1,0,0,1,0,2,0,1,1,1,0,0,0,1,1,21,19,18,68,4,58,1
7998536.txt,http://mingovplopap.righlarodabfa.ml/,36,mingovplopap.righlarodabfa.ml,29,0,ml,34.99009116,0.538461538,0.0001306,0.05286958,2,1,0,0,0.0,27,0.75,0,0.0,0,0,0,2,0.056,0,2,45,0,0,0.0,0.0,0,0,0,0,0,0,0,0,0,0,0,0,0,0,0,0,0,0,0,0,0,0,0,0
42395.txt,https://www.papercall.io,23,www.papercall.io,16,0,io,100.0,1.0,0.0129268,0.058645948,2,1,0,0,0.0,10,0.435,0,0.0,0,0,0,1,0.043,1,394,838,1,papercall,100.0,100.0,0,0,1,0,0,1,0,4,0,1,0,0,0,0,0,0,1,18,3,8,40,0,24,1
411010.txt,https://www.rrca.org,19,www.rrca.org,12,0,org,100.0,1.0,0.0799628,0.073839422,3,1,0,0,0.0,6,0.316,0,0.0,0,0,0,1,0.053,1,2425,47615,1,rrca,100.0,100.0,1,1,1,0,0,1,0,0,0,1,1,1,0,0,0,0,1,14,30,50,407,2,422,1
8027995.txt,https://pcrcpbpagesadministrationpbloginpageaspxgrupopromericagrupo.grupoapromerica.repl.co/?diasm=202326,104,pcrcpbpagesadministrationpbloginpageaspxgrupopromericagrupo.grupoapromerica.repl.co,83,0,co,16.71738522,0.75,0.0059772,0.054997728,2,2,0,0,0.0,85,0.817,5,0.048,1,1,0,4,0.058,1,198,869,1,pcrcpbpagesadministrationpbloginpageaspxgrupopromericagrupogrupoapromericarepl?diasm=20232,0.0,0.0,0,0,0,0,0,0,0,0,0,0,0,0,0,0,0,0,0,0,0,0,0,0,2,0
oph12626.txt,http://miscotiaenlinepe.eshost.com.ar/?i=1,42,miscotiaenlinepe.eshost.com.ar,30,0,ar,39.92743764,0.62962963,0.0020445,0.065472385,2,2,0,0,0.0,28,0.667,1,0.024,1,1,0,4,0.143,0,2,841,0,0,0.0,0.0,0,0,0,0,0,0,0,0,0,0,0,0,0,0,0,0,0,0,0,1,1,0,1,0
582474.txt,https://www.3gchimney.com,24,www.3gchimney.com,17,0,com,100.0,1.0,0.5229071,0.053357032,3,1,0,0,0.0,10,0.417,1,0.042,0,0,0,1,0.042,1,931,394,1,3gchimney,100.0,100.0,1,0,1,1,0,1,0,1,0,1,1,0,0,0,0,0,1,47,9,16,3,3,20,1
mw96454.txt,http://www.vpn.bshades.eu,25,www.vpn.bshades.eu,18,0,eu,51.56462585,0.727272727,0.0056158,0.047828708,2,2,0,0,0.0,12,0.48,0,0.0,0,0,0,2,0.08,0,9,50,1,vpnbshades,0.0,0.0,0,0,0,0,0,0,0,0,0,0,0,0,0,0,0,0,0,0,0,0,0,0,0,0
388993.txt,https://www.ecco-eu.org,22,www.ecco-eu.org,15,0,org,100.0,0.714285714,0.0799628,0.077933983,3,1,0,0,0.0,8,0.364,0,0.0,0,0,0,2,0.091,1,2130,47935,1,ecco-eu,100.0,100.0,0,1,1,1,1,0,0,0,0,1,1,1,0,0,0,0,1,70,25,30,114,12,129,1
mw29893.txt,http://www.f0564330.xsph.ru,26,www.f0564330.xsph.ru,20,0,ru,67.50919118,0.923076923,0.0180132,0.014836268,2,2,0,0,0.0,6,0.231,7,0.269,0,0,0,2,0.077,0,9,44,1,f0564330xsph,0.0,0.0,0,0,0,0,0,0,0,0,0,0,0,0,0,0,0,0,0,0,0,0,0,0,0,0
703406.txt,https://www.marko.net,20,www.marko.net,13,0,net,100.0,1.0,0.0384199,0.067260289,3,1,0,0,0.0,7,0.35,0,0.0,0,0,0,1,0.05,1,1064,10046,1,marko,100.0,100.0,0,1,1,0,0,1,0,0,0,0,1,1,1,0,0,0,1,6,6,2,43,0,47,1
mw173283.txt,http://www.ferienhaus-ammerland.de,34,www.ferienhaus-ammerland.de,27,0,de,71.90277778,0.55,0.0326503,0.059906714,2,1,0,0,0.0,21,0.618,0,0.0,0,0,0,2,0.059,0,9,86,1,ferienhaus-ammerland,100.0,100.0,0,0,0,0,0,0,0,0,0,0,0,0,0,0,0,0,0,0,0,0,1,0,1,0
8042512.txt,https://account-status-64988.web.app/,37,account-status-64988.web.app,28,0,app,44.44053483,0.541666667,0.001502,0.044474603,3,1,0,0,0.0,19,0.514,5,0.135,0,0,0,5,0.135,1,6,67,0,0,0.0,0.0,0,0,0,1,0,0,0,0,0,0,0,0,0,0,0,0,0,0,0,0,0,0,0,0
889968.txt,https://www.totalmk.co.uk,24,www.totalmk.co.uk,17,0,uk,100.0,0.8,0.028555,0.062166673,2,2,0,0,0.0,10,0.417,0,0.0,0,0,0,2,0.083,1,398,319,1,totalmkco,0.0,0.0,0,0,1,0,0,0,0,0,0,1,0,0,0,0,1,0,1,22,3,9,73,0,8,1
586625.txt,https://www.iwonaludygadesign.com,32,www.iwonaludygadesign.com,25,0,com,100.0,1.0,0.5229071,0.054919993,3,1,0,0,0.0,19,0.594,0,0.0,0,0,0,1,0.031,1,2067,2686,1,iwonaludygadesign,100.0,100.0,0,0,1,0,0,1,0,19,0,1,1,1,1,1,1,0,1,186,2,15,70,8,9,1
124784.txt,https://www.mybasis.com,22,www.mybasis.com,15,0,com,100.0,1.0,0.5229071,0.058814346,3,1,0,0,0.0,9,0.409,0,0.0,0,0,0,1,0.045,1,501,8047,1,mybasis,100.0,100.0,0,1,1,0,0,1,0,2,0,0,1,0,0,1,0,1,1,14,3,5,110,1,111,1
604010.txt,https://www.eldersmusic.com,26,www.eldersmusic.com,19,0,com,100.0,1.0,0.5229071,0.063872369,3,1,0,0,0.0,13,0.5,0,0.0,0,0,0,1,0.038,1,1598,5852,1,eldersmusic,100.0,100.0,0,0,1,0,0,1,0,2,0,1,1,1,0,0,1,0,0,11,5,3,26,22,51,1
163205.txt,https://www.well-net.jp,22,www.well-net.jp,15,0,jp,100.0,0.625,0.0230451,0.049253713,2,1,0,0,0.0,8,0.364,0,0.0,0,0,0,2,0.091,1,362,1693,1,well-net,100.0,100.0,0,0,0,0,0,1,1,0,0,0,0,1,0,1,0,0,1,15,7,6,57,0,25,1
242488.txt,https://www.equationsdigital.com,31,www.equationsdigital.com,24,0,com,100.0,1.0,0.5229071,0.059886123,3,1,0,0,0.0,18,0.581,0,0.0,0,0,0,1,0.032,1,1316,9381,1,equationsdigital,100.0,100.0,0,1,1,0,0,0,0,1,0,1,1,1,0,0,1,0,1,15,12,35,87,9,63,1
8107151.txt,https://ipfs.io/ipfs/qmsqhgzpn2gpmvpdbcgyugpnidqvobnw2zfz6amjzpst8h?filename=zim.html,85,ipfs.io,7,0,io,10.60670931,1.0,0.0129268,0.037480681,2,0,0,0,0.0,67,0.788,4,0.047,1,1,0,4,0.071,1,9,93,1,ipfsipfsqmsqhgzpn2gpmvpdbcgyugpnidqvobnw2zfz6amjzpst8h?filename=zimhtml,0.0,0.0,0,0,0,0,0,0,0,0,0,0,0,0,0,0,0,0,0,0,0,0,0,0,0,0
8012852.txt,https://qbeonline.com/dwwwqqqdn/,31,qbeonline.com,13,0,com,53.90674228,1.0,0.5229071,0.043763583,3,0,0,0,0.0,21,0.677,0,0.0,0,0,0,2,0.065,1,11,85,1,qbeonlinedwwwqqqdn,0.0,100.0,0,0,0,0,0,0,0,0,0,0,0,0,0,0,0,0,0,0,0,0,0,0,0,0
797616.txt,https://www.nwfinancial.com,26,www.nwfinancial.com,19,0,com,100.0,1.0,0.5229071,0.059912023,3,1,0,0,0.0,13,0.5,0,0.0,0,0,0,1,0.038,1,989,2213,1,nwfinancial,100.0,100.0,1,1,1,0,0,1,0,1,0,1,1,1,0,0,0,0,1,17,6,23,55,0,67,1
877430.txt,https://www.chicxulubcrater.org,30,www.chicxulubcrater.org,23,0,org,100.0,1.0,0.0799628,0.056086826,3,1,0,0,0.0,17,0.567,0,0.0,0,0,0,1,0.033,1,362,259,1,chicxulubcrater,100.0,100.0,0,0,0,0,0,0,0,0,0,0,0,0,0,0,0,0,1,7,3,7,3,0,4,1
460985.txt,https://www.turnermuseum.org,27,www.turnermuseum.org,20,0,org,100.0,1.0,0.0799628,0.061075688,3,1,0,0,0.0,14,0.519,0,0.0,0,0,0,1,0.037,1,1240,613,1,turnermuseum,100.0,100.0,0,1,0,1,0,1,2,0,0,0,1,0,1,0,0,0,1,11,4,12,45,0,17,1
856360.txt,https://www.ticketatlantic.com,29,www.ticketatlantic.com,22,0,com,100.0,1.0,0.5229071,0.06479038,3,1,0,0,0.0,16,0.552,0,0.0,0,0,0,1,0.034,1,1179,2236,1,ticketatlantic,100.0,100.0,1,0,1,0,0,0,0,2,0,0,0,1,0,1,1,0,1,37,2,7,25,3,31,1
8023447.txt,https://reunion-la-departementale.firebaseapp.com/,49,reunion-la-departementale.firebaseapp.com,41,0,com,45.78623835,0.405405405,0.5229071,0.063430959,3,1,0,0,0.0,37,0.755,0,0.0,0,0,0,4,0.082,1,108,8125,1,reunion-la-departementalefirebaseapp,0.0,0.0,0,0,1,0,0,0,0,0,0,0,0,0,0,0,0,0,0,0,0,0,0,0,3,0
87582.txt,https://www.cerias.purdue.edu,28,www.cerias.purdue.edu,21,0,edu,100.0,0.538461538,0.0115013,0.058218329,3,2,0,0,0.0,14,0.5,0,0.0,0,0,0,2,0.071,1,381,575,1,ceriaspurdue,0.0,0.0,1,0,1,0,0,1,0,0,0,1,1,0,0,0,0,1,1,8,2,4,68,0,24,1
638306.txt,https://www.helenamor.co.il,26,www.helenamor.co.il,19,0,il,100.0,0.833333333,0.0013543,0.07079852,2,2,0,0,0.0,12,0.462,0,0.0,0,0,0,2,0.077,1,973,11328,1,helenamorco,0.0,0.0,0,1,1,1,0,0,0,4,0,1,1,1,0,0,0,0,1,26,31,44,90,10,103,1
mw143595.txt,http://www.dayimachine.com,26,www.dayimachine.com,19,0,com,79.33333333,1.0,0.5229071,0.062552441,3,1,0,0,0.0,14,0.538,0,0.0,0,0,0,1,0.038,0,9,50,1,dayimachine,100.0,100.0,0,0,0,0,0,0,0,0,0,0,0,0,0,0,0,0,0,0,0,0,0,0,0,0
421832.txt,https://www.californiascapitol.com,33,www.californiascapitol.com,26,0,com,100.0,1.0,0.5229071,0.065791505,3,1,0,0,0.0,20,0.606,0,0.0,0,0,0,1,0.03,1,681,1820,1,californiascapitol,100.0,100.0,1,0,0,0,0,0,0,0,0,1,0,0,0,0,0,0,1,10,6,10,82,0,82,1
8136297.txt,https://ipfs.io/ipfs/qmbyxrdvj85bjtxg8r2wq3tq3jcajyq9qfp5bnnxtctahu/,68,ipfs.io,7,0,io,12.21296562,1.0,0.0129268,0.029168208,2,0,0,0,0.0,48,0.706,8,0.118,0,0,0,4,0.059,1,9,76,1,ipfsipfsqmbyxrdvj85bjtxg8r2wq3tq3jcajyq9qfp5bnnxtctahu,0.0,100.0,0,0,0,0,0,0,0,0,0,0,0,0,0,0,0,0,0,0,0,0,0,0,0,0
515333.txt,https://www.thecanadianfacts.org,31,www.thecanadianfacts.org,24,0,org,100.0,1.0,0.0799628,0.063258112,3,1,0,0,0.0,18,0.581,0,0.0,0,0,0,1,0.032,1,231,339,1,thecanadianfacts,100.0,100.0,0,0,0,0,0,0,0,4,0,1,0,0,0,0,0,0,0,5,1,2,1,0,10,1
725208.txt,https://www.practicefusion.com,29,www.practicefusion.com,22,0,com,100.0,1.0,0.5229071,0.063924128,3,1,0,0,0.0,16,0.552,0,0.0,0,0,0,1,0.034,1,695,1280,1,practicefusion,100.0,100.0,1,0,1,0,0,1,0,2,0,1,0,0,0,0,1,0,1,26,1,6,67,0,20,1
501543.txt,https://www.jenstark.com,23,www.jenstark.com,16,0,com,100.0,1.0,0.5229071,0.0598279,3,1,0,0,0.0,10,0.435,0,0.0,0,0,0,1,0.043,1,3579,15827,1,jenstark,100.0,100.0,1,0,1,0,0,1,0,0,0,1,0,1,0,0,1,0,1,446,4,14,21,0,11,1
99265.txt,https://www.reviews.org,22,www.reviews.org,15,0,org,100.0,1.0,0.0799628,0.060708068,3,1,0,0,0.0,9,0.409,0,0.0,0,0,0,1,0.045,1,2079,9304,1,reviews,100.0,100.0,1,1,1,0,0,1,0,4,0,1,1,0,0,0,0,0,1,56,1,10,269,0,112,1
536206.txt,https://www.colonialzone-dr.com,30,www.colonialzone-dr.com,23,0,com,100.0,0.866666667,0.5229071,0.067974355,3,1,0,0,0.0,16,0.533,0,0.0,0,0,0,2,0.067,1,2283,9537,1,lonialzone-dr,86.66666667,86.66666667,0,1,1,0,0,1,0,2,0,1,1,1,0,0,1,0,0,16,10,24,1088,1,1138,1
693011.txt,https://www.sollers-auto.com,27,www.sollers-auto.com,20,0,com,100.0,0.666666667,0.5229071,0.069003839,3,1,0,0,0.0,13,0.481,0,0.0,0,0,0,2,0.074,1,1310,3822,1,sollers-auto,100.0,100.0,0,1,1,0,0,1,0,0,0,0,1,1,0,1,0,0,1,27,2,3,53,9,12,1
893031.txt,https://www.haydnsocietyna.org,29,www.haydnsocietyna.org,22,0,org,100.0,1.0,0.0799628,0.060155897,3,1,0,0,0.0,16,0.552,0,0.0,0,0,0,1,0.034,1,804,15586,1,haydnsocietyna,100.0,100.0,1,0,1,0,0,1,0,0,0,1,0,1,0,0,1,0,0,10,4,14,51,0,20,1
48197.txt,https://www.terpconnect.umd.edu,30,www.terpconnect.umd.edu,23,0,edu,100.0,0.8,0.0115013,0.061429214,3,2,0,0,0.0,16,0.533,0,0.0,0,0,0,2,0.067,1,463,3925,1,terpconnectumd,0.0,0.0,0,0,1,0,0,1,0,0,0,1,1,1,0,0,1,0,1,9,28,30,19,2,28,1
mw134795.txt,http://www.er-dadsara.gq,23,www.er-dadsara.gq,17,0,gq,55.19864751,0.8,5.3e-05,0.060246999,2,1,0,0,0.0,10,0.435,0,0.0,0,0,0,2,0.087,0,8,49,1,er-dadsara,100.0,100.0,0,0,0,0,0,0,0,0,0,0,0,0,0,0,0,0,0,0,0,0,0,0,0,0
8018867.txt,https://bafybeia5lbqhyoxsk22k2q473toiphxxhrpldwztpvnlw76qkjcs4fkhji.ipfs.dweb.link/,82,bafybeia5lbqhyoxsk22k2q473toiphxxhrpldwztpvnlw76qkjcs4fkhji.ipfs.dweb.link,74,0,link,9.675188702,0.347826087,0.0003306,0.030246894,4,2,0,0,0.0,61,0.744,10,0.122,0,0,0,3,0.037,1,9,91,1,bafybeia5lbqhyoxsk22k2q473toiphxxhrpldwztpvnlw76qkjcs4fkhjiipfsdweb,0.0,0.0,0,0,0,0,0,0,0,0,0,0,0,0,0,0,0,0,0,0,0,0,0,0,0,0
484540.txt,https://www.theaterkikker.nl,27,www.theaterkikker.nl,20,0,nl,100.0,1.0,0.0082003,0.055506078,2,1,0,0,0.0,14,0.519,0,0.0,0,0,0,1,0.037,1,1194,2555,1,theaterkikker,100.0,100.0,1,1,1,0,0,1,0,3,0,1,1,1,0,0,0,0,1,41,3,7,87,0,49,1
622360.txt,https://www.modernmusings.co,27,www.modernmusings.co,20,0,co,100.0,1.0,0.0059772,0.05930107,2,1,0,0,0.0,14,0.519,0,0.0,0,0,0,1,0.037,1,4102,6160,1,modernmusings,100.0,100.0,1,0,0,0,0,0,3,8,0,1,1,1,0,0,0,0,1,17,9,17,36,0,59,1
8028628.txt,https://infoeticweb.com/bbasti/,30,infoeticweb.com,15,0,com,51.41933166,1.0,0.5229071,0.058995772,3,0,0,0,0.0,20,0.667,0,0.0,0,0,0,2,0.067,1,9,76,1,infoeticwebbbasti,0.0,100.0,0,0,0,0,0,0,0,0,0,0,0,0,0,0,0,0,0,0,0,0,1,0,0,0
59187.txt,https://www.math.hkbu.edu.hk,27,www.math.hkbu.edu.hk,20,0,hk,100.0,0.384615385,0.0008316,0.04100008,2,3,0,0,0.0,12,0.444,0,0.0,0,0,0,3,0.111,1,501,266,1,matkbuedu,0.0,0.0,0,0,1,0,0,0,0,0,0,1,0,0,0,0,0,0,1,24,6,4,97,1,22,1
537963.txt,https://www.gaurcity2.com,24,www.gaurcity2.com,17,0,com,100.0,1.0,0.5229071,0.053254608,3,1,0,0,0.0,10,0.417,1,0.042,0,0,0,1,0.042,1,2994,4373,1,gaurcity2,100.0,100.0,1,0,1,0,0,1,0,1,0,1,1,1,0,0,0,0,1,140,8,19,66,1,71,1
159696.txt,https://www.dfes.wa.gov.au,25,www.dfes.wa.gov.au,18,0,au,100.0,0.454545455,0.0100856,0.050554147,2,3,0,0,0.0,10,0.4,0,0.0,0,0,0,3,0.12,1,947,737,1,dfeswgov,0.0,0.0,0,0,0,0,0,0,0,2,0,1,0,0,0,0,0,0,1,50,3,9,85,1,30,1
62890.txt,https://www.esselte.com,22,www.esselte.com,15,0,com,100.0,1.0,0.5229071,0.072555962,3,1,0,0,0.0,9,0.409,0,0.0,0,0,0,1,0.045,1,855,1079,1,esselte,100.0,100.0,0,0,1,0,0,1,0,0,0,0,0,0,0,0,0,0,1,16,6,16,10,5,5,1
527170.txt,https://www.barreforte.com,25,www.barreforte.com,18,0,com,100.0,1.0,0.5229071,0.06809328,3,1,0,0,0.0,12,0.48,0,0.0,0,0,0,1,0.04,1,1464,24707,1,barreforte,100.0,100.0,0,1,1,0,0,0,0,3,0,1,1,0,1,0,0,0,1,13,26,48,59,3,78,1
8133119.txt,https://laplantisserie.es/mtbankx1/login.php?online_id=cd24aa678ae917e4d768c6e8f&country=&iso=,94,laplantisserie.es,17,0,es,14.2170667,1.0,0.0064109,0.046710508,2,0,0,0,0.0,60,0.638,15,0.16,3,1,0,7,0.117,1,216,961,1,laplantisseriemtbankx1loginphp?online_id=cd24aa678ae917e4d768c6e8f&country=&iso=,0.0,0.0,1,0,1,0,0,0,0,0,0,0,1,0,1,1,0,0,1,0,0,3,3,0,13,0
64502.txt,https://www.mtgox.com,20,www.mtgox.com,13,0,com,100.0,1.0,0.5229071,0.060899372,3,1,0,0,0.0,7,0.35,0,0.0,0,0,0,1,0.05,1,505,983,1,mtgox,100.0,100.0,0,0,1,0,0,1,0,0,0,0,1,0,0,1,1,1,0,1,0,0,162,0,7,1
mw1823.txt,http://www.reservecdn.pro,24,www.reservecdn.pro,18,0,pro,71.09044801,1.0,0.0005555,0.058915254,3,1,0,0,0.0,12,0.5,0,0.0,0,0,0,1,0.042,0,2,32,0,0,0.0,0.0,0,0,0,0,0,0,0,0,0,0,0,0,0,0,0,0,0,0,0,0,0,0,0,0
175426.txt,https://www.trendytree.com,25,www.trendytree.com,18,0,com,100.0,1.0,0.5229071,0.064953881,3,1,0,0,0.0,12,0.48,0,0.0,0,0,0,1,0.04,1,39998,3948,1,trendytree,100.0,100.0,0,0,1,1,0,1,0,19,0,1,1,1,1,1,1,0,1,710,9,34,588,6,20,1
oph10268.txt,https://ipfs.io/ipfs/qmcqbp8tqe6kadrx5uqbzlvv2cc6nafuymnj1vyvkfeya5?filename=wetransfer,87,ipfs.io,7,0,io,10.2403461,1.0,0.0129268,0.039754047,2,0,0,0,0.0,67,0.77,7,0.08,1,1,0,3,0.057,1,422,212,1,ipfsipfsqmcqbp8tqe6kadrx5uqbzlvv2cc6nafuymnj1vyvkfeya5?filename=wetransfer,0.0,100.0,0,0,1,1,0,0,0,0,0,0,1,1,1,0,0,0,0,1,0,8,0,0,1,0
426961.txt,https://www.mrm.org,18,www.mrm.org,11,0,org,100.0,1.0,0.0799628,0.070006276,3,1,0,0,0.0,5,0.278,0,0.0,0,0,0,1,0.056,1,1154,8692,1,mrm,100.0,100.0,0,1,1,0,0,0,0,0,1,1,1,1,0,0,0,0,1,11,28,35,90,4,110,1
495078.txt,https://www.hirose.com,21,www.hirose.com,14,0,com,100.0,1.0,0.5229071,0.071495763,3,1,0,0,0.0,8,0.381,0,0.0,0,0,0,1,0.048,1,2560,392,1,hirose,100.0,100.0,1,1,1,0,0,1,0,2,0,0,1,1,1,0,1,0,1,47,4,100,140,18,106,1
797465.txt,https://www.tiestolive.fr,24,www.tiestolive.fr,17,0,fr,100.0,1.0,0.0141483,0.058391346,2,1,0,0,0.0,11,0.458,0,0.0,0,0,0,1,0.042,1,2592,743,1,tiestolive,100.0,100.0,0,1,1,0,0,1,0,0,0,1,1,0,0,0,1,0,1,21,4,11,51,0,41,1
595778.txt,https://www.brosphoneparts.com,29,www.brosphoneparts.com,22,0,com,100.0,1.0,0.5229071,0.062229186,3,1,0,0,0.0,16,0.552,0,0.0,0,0,0,1,0.034,1,7466,13522,1,brosphoneparts,100.0,100.0,0,0,1,0,0,1,0,19,0,1,1,1,1,1,1,0,1,81,9,34,1817,0,81,1
8109111.txt,https://vn092-d0e55.firebaseapp.com/,36,vn092-d0e55.firebaseapp.com,27,0,com,61.24455014,0.652173913,0.5229071,0.043470081,3,1,0,0,0.0,18,0.5,6,0.167,0,0,0,4,0.111,1,108,8125,1,vn092-d0e55firebaseapp,0.0,0.0,0,0,1,0,0,0,0,0,0,0,0,0,0,0,0,0,0,0,0,0,0,0,3,0
7900320.txt,http://adefi.info,16,adefi.info,10,0,info,82.6446281,1.0,0.0075051,0.051855435,4,0,0,0,0.0,8,0.5,0,0.0,0,0,0,1,0.062,0,9,50,1,adefi,100.0,100.0,0,0,0,0,0,0,0,0,0,0,0,0,0,0,0,0,0,0,0,0,0,0,0,0
119107.txt,https://www.fellesstudentsystem.no,33,www.fellesstudentsystem.no,26,0,no,100.0,1.0,0.0023289,0.054938123,2,1,0,0,0.0,20,0.606,0,0.0,0,0,0,1,0.03,1,1612,283,1,fellesstudetsystem,0.0,0.0,1,0,0,0,0,1,0,0,0,0,1,1,0,0,0,0,0,1,6,6,59,2,54,1
794128.txt,https://www.friesens.com,23,www.friesens.com,16,0,com,100.0,1.0,0.5229071,0.066323369,3,1,0,0,0.0,10,0.435,0,0.0,0,0,0,1,0.043,1,761,9381,1,friesens,100.0,100.0,1,1,1,0,0,0,0,3,0,1,0,1,0,1,0,0,1,21,19,35,118,0,125,1
8104981.txt,https://maildinshaakckjnw365.firebaseapp.com/,45,maildinshaakckjnw365.firebaseapp.com,36,0,com,49.38560977,0.65625,0.5229071,0.04917417,3,1,0,0,0.0,31,0.689,3,0.067,0,0,0,3,0.067,1,108,8125,1,maildinshaakckjnw365firebaseapp,0.0,0.0,0,0,1,0,0,0,0,0,0,0,0,0,0,0,0,0,0,0,0,0,0,0,3,0
249652.txt,https://www.siamdrink.com,24,www.siamdrink.com,17,0,com,100.0,1.0,0.5229071,0.060583606,3,1,0,0,0.0,11,0.458,0,0.0,0,0,0,1,0.042,1,675,461,1,siamdrink,100.0,100.0,1,0,1,0,0,0,0,0,0,1,0,0,0,0,0,0,0,21,10,19,57,7,71,1
144409.txt,https://www.silhouetteamerica.com,32,www.silhouetteamerica.com,25,0,com,100.0,1.0,0.5229071,0.068250845,3,1,0,0,0.0,19,0.594,0,0.0,0,0,0,1,0.031,1,915,949,1,silhouetteamerica,100.0,100.0,1,0,0,0,0,1,0,2,1,1,1,0,0,0,0,0,1,5,2,21,58,6,72,1
178337.txt,https://www.kauhava.fi,21,www.kauhava.fi,14,0,fi,100.0,1.0,0.0027596,0.042739234,2,1,0,0,0.0,8,0.381,0,0.0,0,0,0,1,0.048,1,944,2533,1,kauhava,100.0,100.0,1,0,1,0,0,1,0,2,0,0,0,0,0,0,0,0,0,10,5,12,126,0,19,1
mw307.txt,http://www.visaaprepaiddprocess0.web.app,39,www.visaaprepaiddprocess0.web.app,33,0,app,58.51513019,0.88,0.001502,0.053610438,3,2,0,0,0.0,25,0.641,1,0.026,0,0,0,2,0.051,0,2,46,0,0,4.0,4.0,0,0,0,0,0,0,0,0,0,0,0,0,0,0,0,0,0,0,0,0,0,0,0,0
107076.txt,https://www.mhpcolorado.org,26,www.mhpcolorado.org,19,0,org,100.0,1.0,0.0799628,0.067048353,3,1,0,0,0.0,13,0.5,0,0.0,0,0,0,1,0.038,1,1164,1687,1,mhpcolado,0.0,0.0,1,1,1,0,0,1,0,1,0,1,1,0,0,0,1,0,1,36,31,77,110,0,111,1
129812.txt,https://www.shana.ir,19,www.shana.ir,12,0,ir,100.0,1.0,0.0012232,0.060556462,2,1,0,0,0.0,6,0.316,0,0.0,0,0,0,1,0.053,1,1315,493,1,shana,100.0,100.0,1,0,1,0,0,1,0,0,0,0,1,1,0,0,0,0,1,56,1,6,192,2,11,1
27694.txt,https://www.dataprotection.ie,28,www.dataprotection.ie,21,0,ie,100.0,1.0,0.0015878,0.066445432,2,1,0,0,0.0,15,0.536,0,0.0,0,0,0,1,0.036,1,707,496,1,dataprotecton,0.0,0.0,1,0,1,0,0,1,0,0,0,0,1,0,0,0,0,0,1,37,53,3,123,1,21,1
mw59134.txt,http://www.disinvestigations.com,31,www.disinvestigations.com,25,0,com,69.98556999,1.0,0.5229071,0.061220511,3,1,0,0,0.0,19,0.613,0,0.0,0,0,0,1,0.032,0,30,115,1,disinvestigations,100.0,100.0,0,0,1,0,0,0,0,0,0,0,0,0,0,0,0,0,0,1,2,0,2,0,0,0
mw10161.txt,http://www.rockwall.investments,30,www.rockwall.investments,24,0,investments,61.373661,1.0,3.9e-06,0.057073633,11,1,0,0,0.0,18,0.6,0,0.0,0,0,0,1,0.033,0,2,39,0,0,0.0,0.0,0,0,0,0,0,0,0,0,0,0,0,0,0,0,0,0,0,0,0,0,0,0,0,0
253209.txt,https://www.infokombinat.com,27,www.infokombinat.com,20,0,com,100.0,1.0,0.5229071,0.062393387,3,1,0,0,0.0,14,0.519,0,0.0,0,0,0,1,0.037,1,206,215,1,infokombinat,100.0,100.0,1,0,1,0,0,1,0,0,0,0,1,0,0,0,0,0,1,3,3,8,5,0,4,1
756477.txt,https://www.aquariumstuffs.com,29,www.aquariumstuffs.com,22,0,com,100.0,1.0,0.5229071,0.051140277,3,1,0,0,0.0,16,0.552,0,0.0,0,0,0,1,0.034,1,615,9381,1,aquariumstuffs,100.0,100.0,1,1,1,0,0,1,0,0,0,1,1,1,0,0,0,0,0,9,28,2,58,0,72,1
49430.txt,https://www.komei.or.jp,22,www.komei.or.jp,15,0,jp,100.0,0.75,0.0230451,0.062883711,2,2,0,0,0.0,8,0.364,0,0.0,0,0,0,2,0.091,1,594,2989,1,komeior,0.0,0.0,0,0,1,0,0,1,0,2,0,1,1,1,0,0,0,0,1,50,6,16,110,0,38,1
8007616.txt,http://dzyedguyze.temp.swtest.ru/28312/infos.php,47,dzyedguyze.temp.swtest.ru,25,0,ru,19.88612221,0.5,0.0180132,0.039243551,2,2,0,0,0.0,29,0.617,5,0.106,0,0,0,6,0.128,0,120,143897,1,dzyedguyzetempswtest28312infosph,0.0,0.0,0,0,1,0,0,0,0,0,0,0,0,0,0,0,1,0,0,0,0,0,1,0,3,0
877215.txt,https://www.paultracy.com,24,www.paultracy.com,17,0,com,100.0,1.0,0.5229071,0.0583185,3,1,0,0,0.0,11,0.458,0,0.0,0,0,0,1,0.042,1,721,3209,1,paultracy,100.0,100.0,0,1,1,0,0,1,0,0,0,0,1,1,0,0,0,0,1,27,51,78,102,0,112,1
8057482.txt,https://hmb2dgtvk.web.app/,26,hmb2dgtvk.web.app,17,0,app,57.13187236,0.538461538,0.001502,0.033700655,3,1,0,0,0.0,14,0.538,1,0.038,0,0,0,3,0.115,1,108,8125,1,hmb2dgtvkweb,0.0,0.0,0,0,1,0,0,0,0,0,0,0,0,0,0,0,0,0,0,0,0,0,0,0,3,0
mw6304.txt,http://www.bac.eimaragon.org,27,www.bac.eimaragon.org,21,0,org,63.86005383,0.769230769,0.0799628,0.069251623,3,2,0,0,0.0,14,0.519,0,0.0,0,0,0,2,0.074,0,17,395,0,0,0.0,0.0,0,0,1,0,0,0,0,0,0,0,0,0,0,0,0,0,0,0,0,0,1,0,1,0
mw15540.txt,http://www.aouynopd.cf,21,www.aouynopd.cf,15,0,cf,58.86752137,1.0,0.0001858,0.057469966,2,1,0,0,0.0,9,0.429,0,0.0,0,0,0,1,0.048,0,20,208,1,aouynopd,100.0,100.0,0,0,0,1,1,0,0,0,0,0,0,0,0,0,0,0,0,0,0,0,0,0,0,0
mw20764.txt,http://www.domainithere.com,26,www.domainithere.com,20,0,com,76.01102941,1.0,0.5229071,0.068227587,3,1,0,0,0.0,14,0.538,0,0.0,0,0,0,1,0.038,0,14,272,1,domainithere,100.0,100.0,0,0,1,0,0,0,0,0,0,0,0,0,0,0,0,0,0,3,0,0,3,0,0,0
831545.txt,https://www.trappingtoday.com,28,www.trappingtoday.com,21,0,com,100.0,1.0,0.5229071,0.057039188,3,1,0,0,0.0,15,0.536,0,0.0,0,0,0,1,0.036,1,584,9381,1,trappingtoday,100.0,100.0,0,1,1,0,0,0,1,0,1,0,1,1,0,0,1,0,1,10,14,12,55,0,65,1
8035586.txt,http://www.joinourjourney.org/03/office365/,42,www.joinourjourney.org,22,0,org,39.88033299,1.0,0.0799628,0.047985111,3,1,0,0,0.0,23,0.548,5,0.119,0,0,0,3,0.071,0,212,4070,1,joinourjourney03office365,0.0,100.0,0,0,1,0,0,0,0,0,0,0,0,0,0,0,0,0,1,1,0,0,1,0,1,0
574167.txt,https://www.great-wallpaper.com,30,www.great-wallpaper.com,23,0,com,100.0,0.666666667,0.5229071,0.059557674,3,1,0,0,0.0,16,0.533,0,0.0,0,0,0,2,0.067,1,867,9381,1,great-wallpaper,100.0,100.0,1,1,1,0,0,0,0,0,0,0,1,1,1,0,0,0,1,19,7,11,59,2,58,1
8055601.txt,https://sadlazyspyware.locoser.repl.co,38,sadlazyspyware.locoser.repl.co,30,0,co,37.68210198,0.555555556,0.0059772,0.058177079,2,2,0,0,0.0,27,0.711,0,0.0,0,0,0,3,0.079,1,198,869,1,sadlazyspywareloserrepl,0.0,0.0,0,0,0,0,0,0,0,0,0,0,0,0,0,0,0,0,0,0,0,0,0,0,2,0
7978941.txt,https://yahoocommunicationservice.boxmode.io/,44,yahoocommunicationservice.boxmode.io,36,0,io,42.51334668,0.787878788,0.0129268,0.065583404,2,1,0,0,0.0,34,0.773,0,0.0,0,0,0,2,0.045,1,53,197,1,yahoocommunicatnserviceboxmode,0.0,0.0,1,0,1,0,0,1,0,0,0,0,0,0,0,0,0,0,0,15,1,0,0,0,24,0
8105223.txt,https://maildinshaakckjnw235.firebaseapp.com/,45,maildinshaakckjnw235.firebaseapp.com,36,0,com,49.38560977,0.65625,0.5229071,0.049215796,3,1,0,0,0.0,31,0.689,3,0.067,0,0,0,3,0.067,1,108,8125,1,maildinshaakckjnw235firebaseapp,0.0,0.0,0,0,1,0,0,0,0,0,0,0,0,0,0,0,0,0,0,0,0,0,0,0,3,0
62329.txt,https://www.winuae.net,21,www.winuae.net,14,0,net,100.0,1.0,0.0384199,0.060221709,3,1,0,0,0.0,8,0.381,0,0.0,0,0,0,1,0.048,1,736,9533,1,winuae,100.0,100.0,0,1,1,0,0,0,0,0,0,0,1,1,0,1,1,0,0,2,5,5,52,0,58,1
416819.txt,https://www.aip.ci,17,www.aip.ci,10,0,ci,100.0,1.0,3.88e-05,0.060645274,2,1,0,0,0.0,4,0.235,0,0.0,0,0,0,1,0.059,1,2441,12218,1,aip,100.0,100.0,0,1,1,1,0,0,0,7,0,1,1,1,0,0,1,0,1,170,23,53,396,21,411,1
8019199.txt,https://whitewaterwashing.com/whidhet/,37,whitewaterwashing.com,21,0,com,63.28973444,1.0,0.5229071,0.051709311,3,0,0,0,0.0,27,0.73,0,0.0,0,0,0,2,0.054,1,2,46,0,0,0.0,0.0,0,0,0,0,0,0,0,0,0,0,0,0,0,0,0,0,0,0,0,0,0,0,0,0
649675.txt,https://www.flower-smart.com,27,www.flower-smart.com,20,0,com,100.0,0.583333333,0.5229071,0.062597515,3,1,0,0,0.0,13,0.481,0,0.0,0,0,0,2,0.074,1,1278,1162,1,flower-smart,100.0,100.0,1,0,1,0,0,1,0,3,0,1,1,1,0,0,1,0,0,40,3,16,37,8,31,1
7978204.txt,http://gressfic.com,18,gressfic.com,12,0,com,67.52136752,1.0,0.5229071,0.061719354,3,0,0,0,0.0,10,0.556,0,0.0,0,0,0,1,0.056,0,2,27,0,0,0.0,0.0,0,0,0,0,0,0,0,0,0,0,0,0,0,0,0,0,0,0,0,0,0,0,0,0
885071.txt,https://www.indiacitytrip.com,28,www.indiacitytrip.com,21,0,com,100.0,1.0,0.5229071,0.058741552,3,1,0,0,0.0,15,0.536,0,0.0,0,0,0,1,0.036,1,1876,586,1,indiacitytrip,100.0,100.0,0,0,0,0,0,0,0,0,0,0,0,0,0,0,0,0,1,0,2,6,141,0,144,1
8012289.txt,https://croisthegame.web.app/,28,croisthegame.web.app,20,0,app,53.88095238,0.8125,0.001502,0.057796689,3,1,0,0,0.0,18,0.643,0,0.0,0,0,0,2,0.071,1,17,110,1,croisthegameweb,0.0,0.0,0,0,0,1,1,0,0,0,0,0,0,0,0,0,0,0,0,0,0,0,0,0,2,0
829008.txt,https://www.magdalena-neuner.de,30,www.magdalena-neuner.de,23,0,de,100.0,0.625,0.0326503,0.060813616,2,1,0,0,0.0,16,0.533,0,0.0,0,0,0,2,0.067,1,773,9698,1,magalena-neuner,0.0,0.0,0,1,1,0,0,1,0,0,0,0,1,1,0,0,0,0,1,14,21,33,38,1,46,1
8127344.txt,https://myservice.icu/verify/security/index.html,48,myservice.icu,13,0,icu,30.95121951,1.0,3.98e-05,0.051794433,3,0,0,0,0.0,35,0.729,0,0.0,0,0,0,5,0.104,1,72,13177,1,myserviceverifysecurityindexhtml,0.0,0.0,1,0,1,0,0,0,0,1,0,0,1,1,0,1,0,0,0,2,9,15,3,0,0,0
120836.txt,https://www.flyingdoctor.org.au,30,www.flyingdoctor.org.au,23,0,au,100.0,0.8125,0.0100856,0.057466139,2,2,0,0,0.0,16,0.533,0,0.0,0,0,0,2,0.067,1,2563,10620,1,flyingdoctororg,0.0,0.0,1,0,1,1,0,1,0,115,0,1,1,0,0,0,1,0,0,78,2,15,117,2,16,1
117245.txt,https://www.nightingale.com,26,www.nightingale.com,19,0,com,100.0,1.0,0.5229071,0.05894143,3,1,0,0,0.0,13,0.5,0,0.0,0,0,0,1,0.038,1,2373,46976,1,nightingale,100.0,100.0,1,1,1,1,1,1,10,7,0,1,1,1,0,1,1,0,1,105,25,52,169,2,201,1
mw20869.txt,http://www.laomoodwin.com,24,www.laomoodwin.com,18,0,com,76.8707483,1.0,0.5229071,0.069196537,3,1,0,0,0.0,12,0.5,0,0.0,0,0,0,1,0.042,0,3,33,0,0,0.0,0.0,0,0,0,0,0,0,0,0,0,0,0,0,0,0,0,0,0,0,0,0,0,0,0,0
520044.txt,https://www.vivalafloradesigns.com,33,www.vivalafloradesigns.com,26,0,com,100.0,1.0,0.5229071,0.057495371,3,1,0,0,0.0,20,0.606,0,0.0,0,0,0,1,0.03,1,3438,686,1,vivalafloradesigns,100.0,100.0,0,0,1,0,0,1,0,1,0,1,1,1,0,0,0,0,1,15,4,7,18,0,22,1
55638.txt,https://www.record.pt,20,www.record.pt,13,0,pt,100.0,1.0,0.0015361,0.063438078,2,1,0,0,0.0,7,0.35,0,0.0,0,0,0,1,0.05,1,5855,5882,1,record,100.0,100.0,1,1,1,1,0,1,0,3,0,1,1,1,0,0,0,0,1,346,7,22,533,2,95,1
523445.txt,https://www.careercornerstone.org,32,www.careercornerstone.org,25,0,org,100.0,1.0,0.0799628,0.075201388,3,1,0,0,0.0,19,0.594,0,0.0,0,0,0,1,0.031,1,596,2658,1,careercnerstone,0.0,0.0,1,0,0,0,0,1,0,0,0,0,0,0,0,0,0,0,1,19,0,0,1,0,1,1
8025933.txt,https://bglcrcpr.bnolgnt.repl.co/,32,bglcrcpr.bnolgnt.repl.co,24,0,co,37.47534517,0.428571429,0.0059772,0.054759661,2,2,0,0,0.0,21,0.656,0,0.0,0,0,0,3,0.094,1,337,4336498,1,bglcrcprbnolgntrepl,0.0,0.0,0,0,1,0,0,0,0,3,0,0,1,1,1,1,1,0,1,1,2,0,1,6,0,0
114050.txt,https://www.naval-history.net,28,www.naval-history.net,21,0,net,100.0,0.615384615,0.0384199,0.05695479,3,1,0,0,0.0,14,0.5,0,0.0,0,0,0,2,0.071,1,367,529,1,naval-history,100.0,100.0,0,0,1,0,0,1,0,0,0,1,1,1,0,0,0,0,0,12,1,0,0,0,4,1
8042513.txt,https://aasvertagtlkom.firebaseapp.com/,38,aasvertagtlkom.firebaseapp.com,30,0,com,59.29749104,0.576923077,0.5229071,0.059699844,3,1,0,0,0.0,28,0.737,0,0.0,0,0,0,2,0.053,1,14,100,1,aasvertagtlkomfirebaseapp,0.0,0.0,0,0,0,1,0,0,0,0,0,0,0,0,0,0,0,0,0,0,0,0,0,0,2,0
719616.txt,https://www.architecturecourses.org,34,www.architecturecourses.org,27,0,org,100.0,1.0,0.0799628,0.066380351,3,1,0,0,0.0,21,0.618,0,0.0,0,0,0,1,0.029,1,451,1034,1,architecturecourses,100.0,100.0,0,0,1,0,0,0,0,1,0,0,1,1,1,0,0,0,1,11,3,21,76,0,19,1
8123639.txt,https://ipfs.litnet.work/ipfs/bafkreifjr3vmsdkemaskenifttszpkl4bdo5g2hf2ghctawqhcnzb2w4qm,89,ipfs.litnet.work,16,0,work,12.55013922,0.636363636,0.0002358,0.039288307,4,1,0,0,0.0,70,0.787,7,0.079,0,0,0,4,0.045,1,88,3417,1,ipfslitnetipfsbafkreifjr3vmsdkemaskenifttszpkl4bdo5g2hf2ghctawqhcnzb2w4qm,0.0,0.0,0,1,1,0,0,0,0,0,0,0,0,1,0,0,0,0,0,0,1,0,1,0,0,0
mw143246.txt,http://www.criee-des-saveurs.com,32,www.criee-des-saveurs.com,25,0,com,61.49247578,0.470588235,0.5229071,0.065372896,3,1,0,0,0.0,18,0.562,0,0.0,0,0,0,3,0.094,0,2,41,0,0,0.0,0.0,0,0,0,0,0,0,0,0,0,0,0,0,0,0,0,0,0,0,0,0,0,0,0,0
445884.txt,https://www.jcd.org.in,21,www.jcd.org.in,14,0,in,100.0,0.571428571,0.0050842,0.052095244,2,2,0,0,0.0,7,0.333,0,0.0,0,0,0,2,0.095,1,464,733,1,jcdorg,0.0,0.0,0,0,0,0,0,1,0,0,0,0,0,1,0,0,0,0,1,1,3,5,2,0,4,1
421972.txt,https://www.morgantownwv.gov,27,www.morgantownwv.gov,20,0,gov,100.0,1.0,0.0033282,0.055134889,3,1,0,0,0.0,14,0.519,0,0.0,0,0,0,1,0.037,1,4205,1310,1,morgantownwv,100.0,100.0,1,0,1,1,0,1,0,4,0,0,0,1,0,0,1,0,1,1,38,23,65,0,17,1
771359.txt,https://www.magicalarmchair.com,30,www.magicalarmchair.com,23,0,com,100.0,1.0,0.5229071,0.065652764,3,1,0,0,0.0,17,0.567,0,0.0,0,0,0,1,0.033,1,638,9381,1,magicalarmchair,100.0,100.0,0,1,0,0,0,0,0,2,0,1,1,0,0,0,1,0,0,16,20,25,118,0,133,1
138356.txt,https://www.holyoke.org,22,www.holyoke.org,15,0,org,100.0,1.0,0.0799628,0.061673081,3,1,0,0,0.0,9,0.409,0,0.0,0,0,0,1,0.045,1,707,9381,1,holyoke,100.0,100.0,0,1,1,0,0,1,0,1,0,1,1,1,0,0,1,0,0,12,2,9,50,13,62,1
mw163572.txt,http://www.weeb-tv.pl,21,www.weeb-tv.pl,14,0,pl,66.11570248,0.714285714,0.0069695,0.043323287,2,1,0,0,0.0,8,0.381,0,0.0,0,0,0,2,0.095,0,2,30,0,0,0.0,0.0,0,0,0,0,0,0,0,0,0,0,0,0,0,0,0,0,0,0,0,0,0,0,0,0
505702.txt,https://www.jan-magazine.nl,26,www.jan-magazine.nl,19,0,nl,100.0,0.75,0.0082003,0.055888563,2,1,0,0,0.0,12,0.462,0,0.0,0,0,0,2,0.077,1,6577,138518,1,ja-magazie,0.0,0.0,0,1,1,0,0,1,0,6,0,1,1,1,0,0,1,0,1,129,7,18,141,5,35,1
mw72345.txt,http://www.houseofsisson.com,27,www.houseofsisson.com,21,0,com,77.23952326,1.0,0.5229071,0.06571161,3,1,0,0,0.0,15,0.556,0,0.0,0,0,0,1,0.037,0,2,36,0,0,0.0,0.0,0,0,0,0,0,0,0,0,0,0,0,0,0,0,0,0,0,0,0,0,0,0,0,0
mw145172.txt,http://www.metalgas.com.ar,25,www.metalgas.com.ar,19,0,ar,80.44444444,0.75,0.0020445,0.067879393,2,2,0,0,0.0,12,0.48,0,0.0,0,0,0,2,0.08,0,2,35,0,0,0.0,0.0,0,0,0,0,0,0,0,0,0,0,0,0,0,0,0,0,0,0,0,0,0,0,0,0
725327.txt,https://www.visit-andalucia.com,30,www.visit-andalucia.com,23,0,com,100.0,0.666666667,0.5229071,0.060404863,3,1,0,0,0.0,16,0.533,0,0.0,0,0,0,2,0.067,1,600,486,1,visit-andalucia,100.0,100.0,1,0,1,0,0,1,0,0,1,1,1,0,0,0,0,0,1,23,3,14,5,0,7,1
412450.txt,https://www.jamesdflynn.com,26,www.jamesdflynn.com,19,0,com,100.0,1.0,0.5229071,0.052752557,3,1,0,0,0.0,13,0.5,0,0.0,0,0,0,1,0.038,1,456,1713,1,jamesdflynn,100.0,100.0,1,0,1,0,0,0,0,0,0,0,0,1,0,0,1,0,0,1,6,5,45,0,12,1
8016894.txt,https://9c2a18ba-b516-4b98-9fac-5e4686794ed3.id.repl.co/,55,9c2a18ba-b516-4b98-9fac-5e4686794ed3.id.repl.co,47,0,co,34.92044981,0.272727273,0.0059772,0.029774167,2,2,0,0,0.0,20,0.364,20,0.364,0,0,0,7,0.127,1,198,869,1,9c2a18ba-b516-4b98-9fac-5e4686794ed3idrepl,0.0,0.0,0,0,0,0,0,0,0,0,0,0,0,0,0,0,0,0,0,0,0,0,0,0,2,0
8030594.txt,https://bisaboverifi--bisaverifica.repl.co/,42,bisaboverifi--bisaverifica.repl.co,34,0,co,33.45845846,0.451612903,0.0059772,0.057613249,2,1,0,0,0.0,30,0.714,0,0.0,0,0,0,4,0.095,1,198,869,1,bisaboverifi--bisaverificarepl,0.0,0.0,0,0,0,0,0,0,0,0,0,0,0,0,0,0,0,0,0,0,0,0,0,0,2,0
133490.txt,https://www.carmate.co.jp,24,www.carmate.co.jp,17,0,jp,100.0,0.8,0.0230451,0.068517619,2,2,0,0,0.0,10,0.417,0,0.0,0,0,0,2,0.083,1,571,225,1,carmateco,0.0,0.0,1,0,1,0,0,1,0,0,0,1,0,0,0,0,1,0,1,11,1,9,60,0,97,1
124128.txt,https://www.afar.org,19,www.afar.org,12,0,org,100.0,1.0,0.0799628,0.067397169,3,1,0,0,0.0,6,0.316,0,0.0,0,0,0,1,0.053,1,2421,29462,1,afar,100.0,100.0,1,0,1,0,0,1,0,2,0,1,1,0,0,0,0,0,1,41,3,14,115,2,129,1
mw1jan1226.txt,http://www.attnet-101605.square.site,35,www.attnet-101605.square.site,29,0,site,58.81846154,0.65,0.0017656,0.042814167,4,2,0,0,0.0,15,0.429,6,0.171,0,0,0,3,0.086,0,13,113,1,attnet-101605square,0.0,0.0,0,0,0,1,1,0,0,0,0,0,0,0,0,0,0,0,0,0,0,0,1,0,1,0
805072.txt,https://www.dww.com,18,www.dww.com,11,0,com,100.0,1.0,0.5229071,0.045424251,3,1,0,0,0.0,5,0.278,0,0.0,0,0,0,1,0.056,1,1261,1978,1,dww,100.0,100.0,1,0,1,0,0,1,0,2,0,1,0,1,0,0,0,0,1,26,2,8,58,0,15,1
mw184301.txt,http://www.playthefinancialgame.com,35,www.playthefinancialgame.com,28,0,com,62.73611111,1.0,0.5229071,0.059326803,3,1,0,0,0.0,23,0.657,0,0.0,0,0,0,1,0.029,0,178,264,1,playthefinancialgame,100.0,100.0,0,0,0,0,0,0,0,0,0,0,0,0,0,0,1,1,0,5,1,1,0,0,8,0
133649.txt,https://www.gwlr.org,19,www.gwlr.org,12,0,org,100.0,1.0,0.0799628,0.051433117,3,1,0,0,0.0,6,0.316,0,0.0,0,0,0,1,0.053,1,620,2127,1,gwlr,100.0,100.0,0,1,1,0,0,1,0,0,0,1,1,0,0,0,0,0,1,8,10,21,94,0,95,1
133326.txt,https://www.nttr.co.jp,21,www.nttr.co.jp,14,0,jp,100.0,0.714285714,0.0230451,0.058668307,2,2,0,0,0.0,7,0.333,0,0.0,0,0,0,2,0.095,1,608,2610,1,nttrco,0.0,0.0,1,0,1,0,0,1,0,2,0,1,0,0,0,0,0,0,1,76,3,6,60,0,45,1
738464.txt,https://www.washington-demographics.com,38,www.washington-demographics.com,31,0,com,100.0,0.565217391,0.5229071,0.058639911,3,1,0,0,0.0,24,0.632,0,0.0,0,0,0,2,0.053,1,582,344,1,washington-demographics,100.0,100.0,0,0,1,0,0,1,0,2,0,0,0,0,0,0,0,0,1,12,1,6,71,0,7,1
390399.txt,https://www.lauracgeorge.com,27,www.lauracgeorge.com,20,0,com,100.0,1.0,0.5229071,0.067713685,3,1,0,0,0.0,14,0.519,0,0.0,0,0,0,1,0.037,1,1115,9381,1,lauracgeorge,100.0,100.0,1,1,1,0,0,1,0,3,0,1,1,1,0,0,0,0,0,21,7,23,41,1,31,1
551006.txt,https://www.yourclassickitchens.com,34,www.yourclassickitchens.com,27,0,com,100.0,1.0,0.5229071,0.060161276,3,1,0,0,0.0,21,0.618,0,0.0,0,0,0,1,0.029,1,935,10274,1,yourclassickitchens,100.0,100.0,0,1,1,0,0,1,0,2,0,1,1,1,1,0,1,0,1,41,23,32,79,0,80,1
8131647.txt,https://gateway.ipfs.io/ipfs/bafybeifc3bu3pkgvmmhnshl2gbguyvyz6dmsssxo5fm7c3o7pzyitjim7i,88,gateway.ipfs.io,15,0,io,19.12615741,0.666666667,0.0129268,0.037320972,2,1,0,0,0.0,67,0.761,9,0.102,0,0,0,4,0.045,1,9,96,1,gatewayipfsipfsbafybeifc3bu3pkgvmmhnshl2gbguyvyz6dmsssxo5fm7c3o7pzyitjim7i,0.0,0.0,0,0,0,0,0,0,0,0,0,0,0,0,0,0,0,0,0,0,0,0,0,0,0,0
715917.txt,https://www.girlscoutsla.org,27,www.girlscoutsla.org,20,0,org,100.0,1.0,0.0799628,0.061339396,3,1,0,0,0.0,14,0.519,0,0.0,0,0,0,1,0.037,1,3340,1921,1,girlscoutsla,100.0,100.0,1,0,1,0,0,1,0,0,0,1,1,1,0,1,0,0,1,96,93,17,108,0,57,1
83923.txt,https://www.worldstatesmen.org,29,www.worldstatesmen.org,22,0,org,100.0,1.0,0.0799628,0.063382841,3,1,0,0,0.0,16,0.552,0,0.0,0,0,0,1,0.034,1,2529,166,1,wldstatesmen,0.0,0.0,1,0,0,0,0,1,0,0,0,1,1,1,0,0,1,0,0,3,0,0,0,0,13,1
889990.txt,https://www.alexboxer.com,24,www.alexboxer.com,17,0,com,100.0,1.0,0.5229071,0.061211455,3,1,0,0,0.0,11,0.458,0,0.0,0,0,0,1,0.042,1,753,596,1,alexboxer,100.0,100.0,0,0,1,0,0,1,0,0,0,0,0,0,0,0,0,1,0,7,3,14,0,0,9,1
8123703.txt,https://ipfs.eth.aragon.network/ipfs/bafybeidzso4mumpjqm2d4ehwtdtsylrd4kskmpdrrgyyrew7rl3slvzjau,96,ipfs.eth.aragon.network,23,0,network,12.69587473,0.466666667,0.0002818,0.041371623,7,2,0,0,0.0,77,0.802,6,0.062,0,0,0,5,0.052,1,4,104,0,0,0.0,0.0,0,0,0,0,0,0,0,0,0,0,0,0,0,0,0,0,0,0,0,0,1,0,0,0
oph07903.txt,https://tinyurl.com/2sy24pzn?x41uyab,36,tinyurl.com,11,0,com,40.93068262,1.0,0.5229071,0.035272995,3,0,0,0,0.0,20,0.556,5,0.139,0,1,0,2,0.083,1,13,163,1,tinyurl2sy24pzn?x41uyab,0.0,100.0,0,0,0,1,1,0,0,0,0,0,0,0,0,0,0,0,0,0,0,0,1,0,1,0
797801.txt,https://www.parkforesthistory.org,32,www.parkforesthistory.org,25,0,org,100.0,1.0,0.0799628,0.05812345,3,1,0,0,0.0,19,0.594,0,0.0,0,0,0,1,0.031,1,529,2790,1,parkfesthisty,0.0,0.0,0,0,1,0,0,1,0,0,0,1,1,1,0,0,1,0,0,5,14,18,37,0,10,1
7954140.txt,https://g-c.godaddysites.com/,28,g-c.godaddysites.com,20,0,com,62.8458498,0.8125,0.5229071,0.057251912,3,1,0,0,0.0,17,0.607,0,0.0,0,0,0,3,0.107,1,30,115,1,g-cgodaddysites,0.0,0.0,0,0,1,0,0,0,0,0,0,0,0,0,0,0,0,0,0,1,2,0,2,0,0,0
150998.txt,https://www.celtnet.org.uk,25,www.celtnet.org.uk,18,0,uk,100.0,0.727272727,0.028555,0.062461426,2,2,0,0,0.0,11,0.44,0,0.0,0,0,0,2,0.08,1,510,3394,1,celtnetorg,0.0,0.0,1,0,0,0,0,1,1,0,0,0,1,1,0,1,1,0,1,0,4,6,3,0,14,1
8105103.txt,https://maildinshaakckjnw301.web.app/,37,maildinshaakckjnw301.web.app,28,0,app,36.68191414,0.875,0.001502,0.041594234,3,1,0,0,0.0,23,0.622,3,0.081,0,0,0,3,0.081,1,108,8125,1,maildinshaakckjnw301web,0.0,0.0,0,0,1,0,0,0,0,0,0,0,0,0,0,0,0,0,0,0,0,0,0,0,3,0
op80.txt,https://mybusinessflash.square.site/,36,mybusinessflash.square.site,27,0,site,58.53419557,0.727272727,0.0017656,0.052457629,4,1,0,0,0.0,25,0.694,0,0.0,0,0,0,3,0.083,1,68,80,1,mybusinessflashsquare,0.0,0.0,0,0,0,0,0,0,0,0,0,0,0,0,0,0,0,0,0,0,0,0,0,0,1,0
8097736.txt,https://8fc.co/ncsbrank,23,8fc.co,6,0,co,35.66666667,1.0,0.0059772,0.053041297,2,0,0,0,0.0,12,0.522,1,0.043,0,0,0,2,0.087,1,9,42,1,8fcncsbrank,0.0,100.0,0,0,0,0,0,0,0,0,0,0,0,0,0,0,0,0,0,0,0,0,0,0,0,0
515218.txt,https://www.oceansandmountains.de,32,www.oceansandmountains.de,25,0,de,100.0,1.0,0.0326503,0.064496552,2,1,0,0,0.0,19,0.594,0,0.0,0,0,0,1,0.031,1,1334,14193,1,oceansanmountains,0.0,0.0,0,1,1,0,0,0,0,2,0,1,1,1,0,0,1,0,1,27,34,47,163,0,175,1
92403.txt,https://www.mindsetworks.com,27,www.mindsetworks.com,20,0,com,100.0,1.0,0.5229071,0.059650489,3,1,0,0,0.0,14,0.519,0,0.0,0,0,0,1,0.037,1,1280,14789,1,mindsetworks,100.0,100.0,0,1,1,1,0,1,0,2,0,1,0,1,1,0,0,0,1,19,1,20,63,8,21,1
8067186.txt,http://service-demande-esim.fr/,31,service-demande-esim.fr,23,0,fr,58.38059231,0.4,0.0141483,0.061551825,2,0,0,0,0.0,20,0.645,0,0.0,0,0,0,4,0.129,0,14,114,1,service-demande-esim,100.0,100.0,0,0,0,0,0,0,0,0,0,0,0,0,0,0,0,0,1,0,0,1,0,0,0,0
807031.txt,https://www.alicedimicele.com,28,www.alicedimicele.com,21,0,com,100.0,1.0,0.5229071,0.069230364,3,1,0,0,0.0,15,0.536,0,0.0,0,0,0,1,0.036,1,1175,9381,1,alicedimicele,100.0,100.0,0,1,1,0,0,0,0,0,1,1,1,1,0,0,1,0,1,29,36,94,87,6,114,1
7967227.txt,https://sblofficialkycpage82.web.app/,36,sblofficialkycpage82.web.app,28,0,app,38.52040816,0.875,0.001502,0.044660016,3,1,0,0,0.0,24,0.667,2,0.056,0,0,0,2,0.056,1,108,8125,1,sblofficialkycpage82web,0.0,0.0,0,0,1,0,0,0,0,0,0,0,0,0,0,0,0,0,0,0,0,0,0,0,3,0
25841.txt,https://www.pc.gov.au,20,www.pc.gov.au,13,0,au,100.0,0.666666667,0.0100856,0.053477389,2,2,0,0,0.0,6,0.3,0,0.0,0,0,0,2,0.1,1,1015,363,1,pcgov,0.0,0.0,1,0,1,0,0,1,0,0,1,1,1,1,0,0,1,0,1,20,9,22,121,0,131,1
8090162.txt,https://business-request-appeal-9694182.web.app/,48,business-request-appeal-9694182.web.app,39,0,app,34.35239974,0.457142857,0.001502,0.04192564,3,1,0,0,0.0,27,0.562,7,0.146,0,0,0,6,0.125,1,2,1929,1,business-request-eal-9694182web,0.0,0.0,1,0,1,0,0,0,0,0,0,0,0,0,0,0,0,0,0,0,1,1,1,0,1,0
512805.txt,https://www.primarybeginnings.com,32,www.primarybeginnings.com,25,0,com,100.0,1.0,0.5229071,0.056220754,3,1,0,0,0.0,19,0.594,0,0.0,0,0,0,1,0.031,1,463,9381,1,primarybeginnings,100.0,100.0,1,1,1,0,0,1,0,4,0,1,1,0,0,0,0,0,1,9,12,15,118,0,122,1
87424.txt,https://www.in-mind.org,22,www.in-mind.org,15,0,org,100.0,0.714285714,0.0799628,0.062256685,3,1,0,0,0.0,8,0.364,0,0.0,0,0,0,2,0.091,1,666,4888,1,in-mind,100.0,100.0,1,0,1,1,0,0,0,0,0,1,1,1,0,0,0,0,0,25,7,11,138,3,51,1
704881.txt,https://www.pigboats.com,23,www.pigboats.com,16,0,com,100.0,1.0,0.5229071,0.060907581,3,1,0,0,0.0,10,0.435,0,0.0,0,0,0,1,0.043,1,1739,4496,1,pigboats,100.0,100.0,0,0,1,0,0,0,2,0,0,0,1,1,0,1,1,0,1,84,3,2,4,0,148,1
mw39717.txt,http://www.share.jobsadvanced.com,32,www.share.jobsadvanced.com,26,0,com,53.37043908,0.722222222,0.5229071,0.059395122,3,2,0,0,0.0,19,0.594,0,0.0,0,0,0,2,0.062,0,2,41,0,0,0.0,0.0,0,0,0,0,0,0,0,0,0,0,0,0,0,0,0,0,0,0,0,0,0,0,0,0
705433.txt,https://www.torqlite.com,23,www.torqlite.com,16,0,com,100.0,1.0,0.5229071,0.064700927,3,1,0,0,0.0,10,0.435,0,0.0,0,0,0,1,0.043,1,785,4406,1,torqlite,100.0,100.0,0,0,0,0,0,0,0,0,0,1,1,1,0,0,0,0,1,56,30,4,102,6,106,1
459832.txt,https://www.pnfsoftware.com,26,www.pnfsoftware.com,19,0,com,100.0,1.0,0.5229071,0.057258208,3,1,0,0,0.0,13,0.5,0,0.0,0,0,0,1,0.038,1,320,396,1,pnfsoftware,100.0,100.0,0,0,1,0,0,1,0,0,0,1,0,0,0,0,0,0,1,2,4,10,54,5,12,1
84896.txt,https://www.kra.go.ke,20,www.kra.go.ke,13,0,ke,100.0,0.666666667,0.0002005,0.051035777,2,2,0,0,0.0,6,0.3,0,0.0,0,0,0,2,0.1,1,1880,1113,1,rago,0.0,0.0,1,0,1,1,0,1,8,2,0,1,1,1,0,0,1,0,1,16,3,24,197,48,54,1
8128645.txt,https://bio.site/wdnddwhhdw,27,bio.site,8,0,site,44.54293629,1.0,0.0017656,0.041790196,4,0,0,0,0.0,17,0.63,0,0.0,0,0,0,2,0.074,1,3332,444703,1,biowdnddwhhdw,0.0,100.0,0,0,1,0,0,0,0,9,0,1,0,0,0,1,1,0,0,5,0,2,3,0,14,0
163633.txt,https://www.cloudcustodian.io,28,www.cloudcustodian.io,21,0,io,100.0,1.0,0.0129268,0.059575813,2,1,0,0,0.0,15,0.536,0,0.0,0,0,0,1,0.036,1,868,1600,1,cloudcustodan,0.0,0.0,1,0,1,0,0,0,0,0,0,0,1,1,0,0,0,0,1,4,4,3,0,1,24,1
mw26889.txt,http://www.clubhouse.site,24,www.clubhouse.site,18,0,site,79.45900254,1.0,0.0017656,0.053963244,4,1,0,0,0.0,12,0.5,0,0.0,0,0,0,1,0.042,0,2,87,0,0,0.0,0.0,0,0,0,0,0,0,0,0,0,0,0,0,0,0,0,0,0,0,0,0,0,0,1,0
mw99111.txt,http://www.control1domain.com,28,www.control1domain.com,22,0,com,76.23990773,0.571428571,0.5229071,0.066830719,3,1,0,0,0.0,15,0.536,1,0.036,0,0,0,1,0.036,0,2,37,0,0,0.0,0.0,0,0,0,0,0,0,0,0,0,0,0,0,0,0,0,0,0,0,0,0,0,0,0,0
mw207496.txt,http://www.9coupons.xyz,23,www.9coupons.xyz,16,0,xyz,49.78632479,1.0,0.0017496,0.042770947,3,1,0,0,0.0,10,0.435,1,0.043,0,0,0,1,0.043,0,119,320,1,9coupons,100.0,100.0,0,0,1,0,0,0,2,0,0,0,0,1,0,0,0,0,1,2,2,0,1,2,4,0
540860.txt,https://www.mygraduateschool.com,31,www.mygraduateschool.com,24,0,com,100.0,1.0,0.5229071,0.061690301,3,1,0,0,0.0,18,0.581,0,0.0,0,0,0,1,0.032,1,229,1189,1,mygraduateschool,100.0,100.0,0,0,0,0,0,1,0,0,0,1,1,0,0,0,1,0,1,7,0,4,0,0,18,1
8014614.txt,https://metafb-4p2hl40.firebaseapp.com/,38,metafb-4p2hl40.firebaseapp.com,30,0,com,62.15053763,0.538461538,0.5229071,0.047049143,3,1,0,0,0.0,23,0.605,4,0.105,0,0,0,3,0.079,1,36,247,1,metafb-4p2hl40firebaseapp,0.0,0.0,0,0,0,1,0,0,0,0,0,0,0,0,0,0,0,0,0,0,0,2,0,0,1,0
247639.txt,https://www.zarzilla.com,23,www.zarzilla.com,16,0,com,100.0,1.0,0.5229071,0.055920779,3,1,0,0,0.0,10,0.435,0,0.0,0,0,0,1,0.043,1,1156,764,1,zarzilla,100.0,100.0,1,0,1,0,0,1,0,0,0,1,0,0,0,0,1,0,1,28,13,29,41,5,23,1
7999325.txt,https://okaybearsworld.web.app/,30,okaybearsworld.web.app,22,0,app,43.01113906,0.833333333,0.001502,0.051404806,3,1,0,0,0.0,20,0.667,0,0.0,0,0,0,2,0.067,1,14,89,1,okaybearsworldweb,0.0,0.0,0,0,0,1,0,0,0,0,0,0,0,0,0,0,0,0,0,0,0,0,0,0,0,0
8082545.txt,http://www.rakcten-carb.cpqgdae.cn/,35,www.rakcten-carb.cpqgdae.cn,27,0,cn,53.90674228,0.4,0.0033218,0.05664984,2,2,0,0,0.0,20,0.571,0,0.0,0,0,0,4,0.114,0,13,71,1,rakcten-carbcpqgdae,0.0,0.0,0,0,0,0,0,0,0,0,0,0,0,0,0,0,0,0,0,0,0,0,0,0,0,0
8057956.txt,https://bisainformacionbanca--nuevobloqueo.repl.co/,51,bisainformacionbanca--nuevobloqueo.repl.co,42,0,co,31.87786743,0.564102564,0.0059772,0.062083701,2,1,0,0,0.0,38,0.745,0,0.0,0,0,0,5,0.098,1,198,869,1,bisainformacionbanca--nuevobloqueorepl,0.0,0.0,0,0,0,0,0,0,0,0,0,0,0,0,0,0,0,0,0,0,0,0,0,0,2,0
170407.txt,https://www.armblog.net,22,www.armblog.net,15,0,net,100.0,1.0,0.0384199,0.060974698,3,1,0,0,0.0,9,0.409,0,0.0,0,0,0,1,0.045,1,7952,17420,1,armblog,100.0,100.0,1,0,0,1,0,0,3,18,0,1,1,1,0,1,1,1,1,112,7,24,525,1,561,1
657523.txt,https://www.ompackersnmovers.com,31,www.ompackersnmovers.com,24,0,com,100.0,1.0,0.5229071,0.065651357,3,1,0,0,0.0,18,0.581,0,0.0,0,0,0,1,0.032,1,1505,8902,1,ompackersnmovers,100.0,100.0,0,1,1,0,0,0,0,0,0,1,1,1,0,0,0,0,0,32,16,31,252,1,264,1
mw205086.txt,http://www.pharmonline.space,28,www.pharmonline.space,21,0,space,73.61923327,1.0,0.0003175,0.061989308,5,1,0,0,0.0,16,0.571,0,0.0,0,0,0,1,0.036,0,2,37,0,0,0.0,0.0,0,0,0,0,0,0,0,0,0,0,0,0,0,0,0,0,0,0,0,0,0,0,0,0
8093451.txt,https://onlineauth-1c.cfd/43478,31,onlineauth-1c.cfd,17,0,cfd,45.52614997,0.923076923,1.12e-05,0.04014428,3,0,0,0,0.0,14,0.452,6,0.194,0,0,0,3,0.097,1,95,394,1,onlineauth-1c43478,0.0,100.0,0,1,1,0,0,0,0,0,0,0,0,0,0,0,0,0,0,0,2,0,2,0,1,0
233985.txt,https://www.magicapps.co,23,www.magicapps.co,16,0,co,100.0,1.0,0.0059772,0.056747487,2,1,0,0,0.0,10,0.435,0,0.0,0,0,0,1,0.043,1,1279,10170,1,magiapps,0.0,0.0,1,0,1,0,0,0,0,5,0,1,1,1,0,0,0,0,1,53,7,112,36,1,51,1
712444.txt,https://www.binational.ch,24,www.binational.ch,17,0,ch,100.0,1.0,0.0049832,0.063698199,2,1,0,0,0.0,11,0.458,0,0.0,0,0,0,1,0.042,1,1476,9948,1,binational,100.0,100.0,1,1,1,0,0,1,0,0,1,1,1,1,0,0,0,0,0,41,24,28,90,5,112,1
659657.txt,https://www.rockdaledentalassociates.com,39,www.rockdaledentalassociates.com,32,0,com,100.0,1.0,0.5229071,0.067010598,3,1,0,0,0.0,26,0.667,0,0.0,0,0,0,1,0.026,1,530,1136,1,rockdaledentalassociates,100.0,100.0,0,1,1,0,0,1,2,0,0,1,0,0,0,0,0,0,1,5,3,8,68,0,69,1
7976919.txt,https://id.address-match.workers.dev/v3/signup,45,id.address-match.workers.dev,28,0,dev,34.22828326,0.333333333,0.0009613,0.050675069,3,2,0,0,0.0,30,0.667,1,0.022,0,0,0,6,0.133,1,6,166540,0,0,0.0,0.0,0,0,0,0,0,0,0,0,0,0,0,0,0,0,1,0,0,0,0,0,0,0,0,0
611939.txt,https://www.vintagefloralcottage.com,35,www.vintagefloralcottage.com,28,0,com,100.0,1.0,0.5229071,0.063295478,3,1,0,0,0.0,22,0.629,0,0.0,0,0,0,1,0.029,1,926,9490,1,vintagefloralttage,0.0,0.0,0,1,0,0,0,0,1,0,0,1,1,1,0,0,1,0,0,69,7,6,79,0,86,1
mw65430.txt,http://www.bfhj.urlfb.co,23,www.bfhj.urlfb.co,17,0,co,53.84615385,0.6,0.0059772,0.031429471,2,2,0,0,0.0,10,0.435,0,0.0,0,0,0,2,0.087,0,8,41,1,bfhjurlfb,0.0,0.0,0,0,0,0,0,0,0,0,0,0,0,0,0,0,0,0,0,0,0,0,0,0,0,0
47158.txt,https://www.apus.edu,19,www.apus.edu,12,0,edu,100.0,1.0,0.0115013,0.052275437,3,1,0,0,0.0,6,0.316,0,0.0,0,0,0,1,0.053,1,1075,3051,1,apus,100.0,100.0,0,0,1,0,0,1,0,0,0,1,1,1,0,0,1,0,0,4,2,11,96,0,104,1
708628.txt,https://www.emaratyah.ae,23,www.emaratyah.ae,16,0,ae,100.0,1.0,0.0004267,0.063190467,2,1,0,0,0.0,10,0.435,0,0.0,0,0,0,1,0.043,1,1234,9381,1,emrtyh,0.0,0.0,1,1,1,0,0,1,0,0,0,1,1,1,0,0,0,0,1,34,24,12,132,1,141,1
8062660.txt,http://www.kuerennkaycaato-co-jp.kuerccnkayccata.nbejzl.top/ai/?authenticated=true&amp;amp;amp;amp;amp;openid/gp/signin/x&amp;amp;amp;amp;amp;i=a&amp;amp;amp;amp;amp;oauth=m&amp;amp;amp;amp;amp;i?ie=utf8&amp;amp;amp;amp;amp;ref_=rhf_custrec_signin6db9a5bfbc1df3d08aee182258237276bd684384,287,www.kuerennkaycaato-co-jp.kuerccnkayccata.nbejzl.top,52,0,top,3.283096261,0.363636364,0.0002752,0.048302689,3,3,0,0,0.0,200,0.697,26,0.091,5,2,0,43,0.174,0,474,780,1,kuerennkaycaato-co-jpkuerccnkayccatanbejzlai?authenticated=true&amp;amp;amp;amp;amp;openidgpsigninx&amp;amp;amp;amp;amp;i=a&amp;amp;amp;amp;amp;oauth=m&amp;amp;amp;amp;amp;i?ie=utf8&amp;amp;amp;amp;amp;ref_=rhf_custrec_signin6db9a5bfbc1df3d08aee182258237276bd684384,0.0,0.0,0,0,1,0,0,0,0,0,0,0,1,1,0,0,0,0,1,10,2,1,0,0,0,0
590489.txt,https://www.flatbushfood.coop,28,www.flatbushfood.coop,21,0,coop,100.0,1.0,0.0001617,0.057039293,4,1,0,0,0.0,15,0.536,0,0.0,0,0,0,1,0.036,1,407,4549,1,flatbushfood,100.0,100.0,1,0,1,0,0,0,0,0,0,1,0,0,0,0,0,0,1,12,42,16,34,0,11,1
mw72293.txt,http://www.labkitsforstudents.com,32,www.labkitsforstudents.com,26,0,com,54.36579231,1.0,0.5229071,0.056102488,3,1,0,0,0.0,20,0.625,0,0.0,0,0,0,1,0.031,0,9,50,1,labkitsforstudents,100.0,100.0,0,0,0,0,0,0,0,0,0,0,0,0,0,0,0,0,0,0,0,0,0,0,0,0
593051.txt,https://www.feelandfilm.com,26,www.feelandfilm.com,19,0,com,100.0,1.0,0.5229071,0.05875334,3,1,0,0,0.0,13,0.5,0,0.0,0,0,0,1,0.038,1,468,1902,1,feelandfilm,100.0,100.0,1,0,1,0,0,1,0,0,0,1,1,0,0,0,0,0,1,6,21,72,52,2,63,1
904684.txt,https://www.grabbarspecialists.com,33,www.grabbarspecialists.com,26,0,com,100.0,1.0,0.5229071,0.059824463,3,1,0,0,0.0,20,0.606,0,0.0,0,0,0,1,0.03,1,1364,1639,1,grabbarspecialists,100.0,100.0,1,0,1,0,0,1,0,4,0,1,1,1,1,0,1,0,1,42,6,11,199,10,25,1
132152.txt,https://www.mbientlab.com,24,www.mbientlab.com,17,0,com,100.0,1.0,0.5229071,0.061125209,3,1,0,0,0.0,11,0.458,0,0.0,0,0,0,1,0.042,1,1582,28372,1,mbientlab,100.0,100.0,1,1,1,0,0,0,0,0,0,1,1,1,0,0,0,0,0,22,28,46,64,1,89,1
45425.txt,https://www.universal-devices.com,32,www.universal-devices.com,25,0,com,100.0,0.588235294,0.5229071,0.060132087,3,1,0,0,0.0,18,0.562,0,0.0,0,0,0,2,0.062,1,1492,14955,1,universal-devices,100.0,100.0,0,1,1,1,0,1,0,2,0,1,1,1,1,0,0,0,1,31,41,73,80,1,91,1
899517.txt,https://www.fenians.org,22,www.fenians.org,15,0,org,100.0,1.0,0.0799628,0.064926905,3,1,0,0,0.0,9,0.409,0,0.0,0,0,0,1,0.045,1,492,453,1,fenians,100.0,100.0,0,1,0,0,0,1,0,1,0,1,0,0,0,0,0,0,1,17,0,0,5,0,30,1
mw160562.txt,http://www.fywybyra.1dumb.com,28,www.fywybyra.1dumb.com,22,0,com,53.24875048,0.714285714,0.5229071,0.037118005,3,2,0,0,0.0,14,0.5,1,0.036,0,0,0,2,0.071,0,2,483,1,fywybyra1dumb,0.0,0.0,0,0,0,1,1,0,0,0,0,0,0,0,0,0,0,0,0,0,0,0,0,0,0,0
mw143719.txt,http://www.cawada.com,21,www.cawada.com,14,0,com,89.09090909,1.0,0.5229071,0.066149293,3,1,0,0,0.0,9,0.429,0,0.0,0,0,0,1,0.048,0,9,73,1,cawada,100.0,100.0,0,0,0,0,0,0,0,0,0,0,0,0,0,0,0,0,0,0,0,0,1,0,1,0
493291.txt,https://www.vinylpulse.com,25,www.vinylpulse.com,18,0,com,100.0,1.0,0.5229071,0.050690673,3,1,0,0,0.0,12,0.48,0,0.0,0,0,0,1,0.04,1,646,1835,1,vinylpulse,100.0,100.0,0,1,1,0,0,1,2,0,0,1,1,1,0,0,0,0,1,16,15,15,41,0,49,1
144301.txt,https://www.hudsonvalley360.com,30,www.hudsonvalley360.com,23,0,com,100.0,1.0,0.5229071,0.044786957,3,1,0,0,0.0,14,0.467,3,0.1,0,0,0,1,0.033,1,5003,18028,1,hudsonvalley360,100.0,100.0,0,1,1,0,0,1,0,1,0,1,1,1,0,1,1,0,1,62,5,39,292,1,60,1
mw155784.txt,http://www.eloyed.com,21,www.eloyed.com,14,0,com,80.0,1.0,0.5229071,0.067221573,3,1,0,0,0.0,9,0.429,0,0.0,0,0,0,1,0.048,0,2,30,0,0,0.0,0.0,0,0,0,0,0,0,0,0,0,0,0,0,0,0,0,0,0,0,0,0,0,0,0,0
8079457.txt,http://itau-py-seguridad.atsnx.com/,35,itau-py-seguridad.atsnx.com,27,0,com,44.52282971,0.434782609,0.5229071,0.053612363,3,1,0,0,0.0,23,0.657,0,0.0,0,0,0,5,0.143,0,2,838,0,0,0.0,0.0,0,0,0,0,0,0,0,0,0,0,0,0,0,0,0,0,0,0,0,1,1,0,1,0
170138.txt,https://www.tvazteca.com,23,www.tvazteca.com,16,0,com,100.0,1.0,0.5229071,0.062656689,3,1,0,0,0.0,10,0.435,0,0.0,0,0,0,1,0.043,1,12694,4738,1,tvazteca,100.0,100.0,1,0,1,0,0,1,0,12,0,1,0,0,0,0,0,0,1,682,3,10,429,0,553,1
8115709.txt,https://email.plusydlabiznesu.pl/email/n?l=https://cartomanziatrigono3.it/wp-includes/new/auth//bxpygi////user@example.org,122,email.plusydlabiznesu.pl,24,0,pl,9.586675672,0.761904762,0.0069695,0.053128096,2,1,0,0,0.0,86,0.705,1,0.008,1,1,0,17,0.156,1,90,394,1,emailusydlabiznesuemailn?l=cartomanziatrigono3itwp-includesnewauthbxpygiuser@exameorg,0.0,0.0,0,1,1,0,0,0,0,0,0,0,1,1,0,0,0,0,0,0,2,0,2,0,2,0
7969326.txt,https://monthlyanxiousfields.g45tu.repl.co/,42,monthlyanxiousfields.g45tu.repl.co,34,0,co,38.21057835,0.741935484,0.0059772,0.050347127,2,2,0,0,0.0,29,0.69,2,0.048,0,0,0,3,0.071,1,198,869,1,monthlyanxiousfieldsg45turepl,0.0,0.0,0,0,0,0,0,0,0,0,0,0,0,0,0,0,0,0,0,0,0,0,0,0,2,0
mw37302.txt,http://www.ipv4.itunesmusic.jkub.com,35,www.ipv4.itunesmusic.jkub.com,29,0,com,45.80319965,0.619047619,0.5229071,0.047139364,3,3,0,0,0.0,20,0.571,1,0.029,0,0,0,3,0.086,0,16,50,1,ipv4itunesmusicjkub,0.0,0.0,0,0,0,0,0,0,0,0,0,0,0,0,0,0,0,0,0,0,0,0,0,0,0,0
mw54112.txt,http://www.sfaewxftg.ga,22,www.sfaewxftg.ga,16,0,ga,50.0,1.0,0.0002256,0.038230109,2,1,0,0,0.0,10,0.455,0,0.0,0,0,0,1,0.045,0,20,210,1,sfaewxft,88.88888889,88.88888889,0,0,0,1,1,0,0,0,0,0,0,0,0,0,0,0,0,0,0,0,0,0,0,0
741959.txt,https://www.portodigioiatauro.it,31,www.portodigioiatauro.it,24,0,it,100.0,1.0,0.012178,0.065290151,2,1,0,0,0.0,18,0.581,0,0.0,0,0,0,1,0.032,1,1055,1050,1,portodgoatauro,0.0,0.0,0,0,1,0,0,1,0,0,0,1,0,0,0,0,0,0,1,40,16,26,77,13,32,1
8107839.txt,http://www.uberaatsc.com.aia91.top/,35,www.uberaatsc.com.aia91.top,27,0,top,49.36988028,0.631578947,0.0002752,0.060073391,3,3,0,0,0.0,18,0.514,2,0.057,0,0,0,4,0.114,0,2,43,0,0,0.0,0.0,0,0,0,0,0,0,0,0,0,0,0,0,0,0,0,0,0,0,0,0,0,0,0,0
68484.txt,https://www.whyweprotest.net,27,www.whyweprotest.net,20,0,net,100.0,1.0,0.0384199,0.052896218,3,1,0,0,0.0,14,0.519,0,0.0,0,0,0,1,0.037,1,3659,273,1,whyweprotest,100.0,100.0,0,0,1,1,0,1,0,0,0,1,1,1,1,0,0,0,1,8,4,10,9,11,16,1
117685.txt,https://www.backingthepack.com,29,www.backingthepack.com,22,0,com,100.0,1.0,0.5229071,0.055071977,3,1,0,0,0.0,16,0.552,0,0.0,0,0,0,1,0.034,1,5072,29749,1,backingthepack,100.0,100.0,1,0,1,0,0,1,0,2,0,1,1,0,0,1,1,1,1,57,4,15,172,0,255,1
oph00735.txt,https://xaoumii-philipinss.blogspot.tw/,38,xaoumii-philipinss.blogspot.tw,30,0,tw,32.70250896,0.407407407,0.0021745,0.051231489,2,1,0,0,0.0,27,0.711,0,0.0,0,0,0,3,0.079,1,11,83,1,xaoumii-philipinssblogspot,0.0,0.0,0,0,0,0,0,0,0,0,0,0,0,0,0,0,0,0,0,0,0,0,0,0,1,0
645063.txt,https://www.bornbytheshore.com,29,www.bornbytheshore.com,22,0,com,100.0,1.0,0.5229071,0.05989732,3,1,0,0,0.0,16,0.552,0,0.0,0,0,0,1,0.034,1,2386,39784,1,bornbytheshore,100.0,100.0,1,0,1,0,0,1,0,19,0,1,1,1,1,1,1,0,1,12,8,32,57,4,12,1
411615.txt,https://www.piping-designer.com,30,www.piping-designer.com,23,0,com,100.0,0.6,0.5229071,0.057097472,3,1,0,0,0.0,16,0.533,0,0.0,0,0,0,2,0.067,1,457,8239,1,piping-designer,100.0,100.0,0,0,0,0,0,1,0,0,0,1,1,1,1,0,0,0,0,27,22,22,68,0,5,1
21106.txt,https://www.youscribe.com,24,www.youscribe.com,17,0,com,100.0,1.0,0.5229071,0.062653802,3,1,0,0,0.0,11,0.458,0,0.0,0,0,0,1,0.042,1,1480,26876,1,youscribe,100.0,100.0,1,0,1,0,0,1,0,1,0,1,0,1,0,0,1,1,1,98,1,12,139,1,100,1
140819.txt,https://www.pregnancybirthbaby.org.au,36,www.pregnancybirthbaby.org.au,29,0,au,100.0,0.863636364,0.0100856,0.051360807,2,2,0,0,0.0,22,0.611,0,0.0,0,0,0,2,0.056,1,847,953,1,pregnncybirthbbyorg,0.0,0.0,1,0,1,0,0,1,0,1,0,1,1,0,0,0,0,0,1,14,1,9,121,0,17,1
7961126.txt,https://meta-fb1000239954.web.app/,33,meta-fb1000239954.web.app,25,0,app,39.40923077,0.714285714,0.001502,0.026980524,3,1,0,0,0.0,12,0.364,10,0.303,0,0,0,3,0.091,1,108,8125,1,meta-fb1000239954web,0.0,0.0,0,0,1,0,0,0,0,0,0,0,0,0,0,0,0,0,0,0,0,0,0,0,3,0
882883.txt,https://www.denimboulevard.com,29,www.denimboulevard.com,22,0,com,100.0,1.0,0.5229071,0.059477075,3,1,0,0,0.0,16,0.552,0,0.0,0,0,0,1,0.034,1,1092,8047,1,denimboulevard,100.0,100.0,0,1,1,0,0,0,0,2,1,1,1,1,1,0,0,0,1,34,18,36,107,8,114,1
8131199.txt,https://gateway.pinata.cloud/ipfs/bafybeigvnd42jom7e3wimgpo2abup6bsnp53cbes2gkjsp4nuyidanryv4,93,gateway.pinata.cloud,20,0,cloud,23.94785548,0.571428571,0.0001819,0.04047164,5,1,0,0,0.0,70,0.753,11,0.118,0,0,0,4,0.043,1,2,101,0,0,0.0,0.0,0,0,0,0,0,0,0,0,0,0,0,0,0,0,0,0,0,0,0,0,0,0,0,0
8019973.txt,https://microsoftonlinedrive365.weebly.com/,42,microsoftonlinedrive365.weebly.com,34,0,com,49.0430839,0.8,0.5229071,0.055252535,3,1,0,0,0.0,29,0.69,3,0.071,0,0,0,2,0.048,1,129,368,1,microsoftonlinedrive365weebly,0.0,0.0,0,1,1,0,0,0,0,0,0,0,0,0,0,0,0,0,0,1,0,1,3,0,0,0
oph06440.txt,http://rentorownsgv.com/public/yuvib7bnsgvph1k1gr8syhakhtc0icyy,63,rentorownsgv.com,16,0,com,20.13404046,1.0,0.5229071,0.041050812,3,0,0,0,0.0,48,0.762,5,0.079,0,0,0,3,0.048,0,13,99,1,rentorownsgvpublicyuvib7bnsgvph1k1gr8syhakhtc0icyy,0.0,100.0,0,0,0,1,1,0,0,0,0,0,0,0,0,0,0,0,0,0,0,0,1,0,1,0
620094.txt,https://www.medialab3dsolutions.com,34,www.medialab3dsolutions.com,27,0,com,100.0,0.578947368,0.5229071,0.059358833,3,1,0,0,0.0,20,0.588,1,0.029,0,0,0,1,0.029,1,1497,9381,1,medialab3dsolutions,100.0,100.0,0,1,1,0,0,1,1,4,0,1,1,1,0,0,0,0,1,10,39,58,75,1,86,1
mw80417.txt,http://www.ebpost.net,21,www.ebpost.net,14,0,net,78.54545455,1.0,0.0384199,0.061392847,3,1,0,0,0.0,9,0.429,0,0.0,0,0,0,1,0.048,0,135,322,1,ebpost,100.0,100.0,0,0,1,0,0,0,0,0,0,0,0,0,0,0,0,0,1,2,0,0,5,0,6,0
616411.txt,https://www.andreahowey.com,26,www.andreahowey.com,19,0,com,100.0,1.0,0.5229071,0.062909866,3,1,0,0,0.0,13,0.5,0,0.0,0,0,0,1,0.038,1,1720,2677,1,andreahowey,100.0,100.0,1,0,1,0,0,1,0,19,0,1,1,1,1,1,1,0,1,14,12,32,58,4,9,1
517887.txt,https://www.amaralashes.com,26,www.amaralashes.com,19,0,com,100.0,1.0,0.5229071,0.068661339,3,1,0,0,0.0,13,0.5,0,0.0,0,0,0,1,0.038,1,9994,8406,1,amaralashes,100.0,100.0,0,0,1,0,0,1,0,21,0,1,1,1,1,1,1,0,0,88,11,22,60,1,20,1
883785.txt,https://www.deathofanationmovie.com,34,www.deathofanationmovie.com,27,0,com,100.0,1.0,0.5229071,0.06662853,3,1,0,0,0.0,21,0.618,0,0.0,0,0,0,1,0.029,1,1049,905,1,deathofanationmovie,100.0,100.0,1,0,1,0,0,1,0,1,1,1,1,1,0,0,0,0,1,77,3,12,41,2,95,1
mw76743.txt,http://www.778189.com,20,www.778189.com,14,0,com,70.18181818,1.0,0.5229071,0.022634568,3,1,0,0,0.0,2,0.1,6,0.3,0,0,0,1,0.05,0,14,564,1,778189,100.0,100.0,0,0,0,0,0,1,0,0,0,0,0,0,0,0,0,0,0,0,0,2,0,0,0,0
901380.txt,https://www.surahyaseenpdf.com,29,www.surahyaseenpdf.com,22,0,com,100.0,1.0,0.5229071,0.05546092,3,1,0,0,0.0,16,0.552,0,0.0,0,0,0,1,0.034,1,832,5326,1,surahyaseenpdf,100.0,100.0,0,0,0,0,0,0,0,1,0,1,1,0,0,0,0,0,1,10,2,4,67,0,77,1
801426.txt,https://www.pigjian.com,22,www.pigjian.com,15,0,com,100.0,1.0,0.5229071,0.055527278,3,1,0,0,0.0,9,0.409,0,0.0,0,0,0,1,0.045,1,656,241,1,pigjian,100.0,100.0,1,0,1,0,0,1,0,0,1,0,0,0,0,0,0,0,1,17,1,5,99,0,102,1
mw70776.txt,http://www.sarahkim.world,24,www.sarahkim.world,18,0,world,66.66666667,1.0,0.0002282,0.055317728,5,1,0,0,0.0,12,0.5,0,0.0,0,0,0,1,0.042,0,9,50,1,sarahkim,100.0,100.0,0,0,0,0,0,0,0,0,0,0,0,0,0,0,0,0,0,0,0,0,0,0,0,0
41812.txt,https://www.puertorico.com,25,www.puertorico.com,18,0,com,100.0,1.0,0.5229071,0.070142442,3,1,0,0,0.0,12,0.48,0,0.0,0,0,0,1,0.04,1,1105,10595,1,puertori,80.0,80.0,0,1,1,0,0,1,0,4,0,1,0,0,0,0,0,0,0,79,13,14,142,10,147,1
892998.txt,https://www.gripboard.com,24,www.gripboard.com,17,0,com,100.0,1.0,0.5229071,0.059341452,3,1,0,0,0.0,11,0.458,0,0.0,0,0,0,1,0.042,1,4247,504,1,gripboard,100.0,100.0,0,0,1,0,0,0,0,0,0,0,1,1,1,0,1,0,1,56,10,10,208,12,209,1
760419.txt,https://www.cmes.lu.se,21,www.cmes.lu.se,14,0,se,100.0,0.714285714,0.0040185,0.058580324,2,2,0,0,0.0,7,0.333,0,0.0,0,0,0,2,0.095,1,3331,6579,1,cmelu,0.0,0.0,1,0,1,0,0,0,0,0,0,1,1,1,0,0,0,0,0,11,2,4,106,0,20,1
8042439.txt,https://track-il.web.app/,25,track-il.web.app,16,0,app,57.67463235,0.5,0.001502,0.049869368,3,1,0,0,0.0,13,0.52,0,0.0,0,0,0,4,0.16,1,2,123,0,0,0.0,0.0,0,0,0,1,0,0,0,0,0,0,0,0,0,0,0,0,0,0,0,0,0,0,0,0
8120520.txt,https://www.xtzhilong.com/ibg/client/ag004_001_p.php,52,www.xtzhilong.com,17,0,com,23.16768293,1.0,0.5229071,0.038069695,3,1,0,0,0.0,27,0.519,6,0.115,0,0,0,7,0.135,1,9,60,1,xtzhilongibgclientag004_001_pphp,0.0,0.0,0,0,0,0,0,0,0,0,0,0,0,0,0,0,0,0,0,0,0,0,0,0,0,0
859425.txt,https://www.townofgypsum.com,27,www.townofgypsum.com,20,0,com,100.0,1.0,0.5229071,0.05244484,3,1,0,0,0.0,14,0.519,0,0.0,0,0,0,1,0.037,1,1878,21492,1,townofgypsum,100.0,100.0,1,0,1,1,0,1,0,1,0,1,0,0,0,0,1,0,1,1,25,53,102,5,6,1
811064.txt,https://www.aiu.ac.in,20,www.aiu.ac.in,13,0,in,100.0,0.666666667,0.0050842,0.065713291,2,2,0,0,0.0,6,0.3,0,0.0,0,0,0,2,0.1,1,3166,404,1,auac,0.0,0.0,0,0,1,0,0,0,1,2,0,1,0,0,0,0,1,0,0,104,28,14,0,0,118,1
855881.txt,https://www.rhkr.org,19,www.rhkr.org,12,0,org,100.0,1.0,0.0799628,0.054750878,3,1,0,0,0.0,6,0.316,0,0.0,0,0,0,1,0.053,1,2632,737,1,rhkr,100.0,100.0,1,0,0,0,0,0,1,0,0,0,0,0,0,1,1,0,1,6,0,0,11,0,12,1
631646.txt,https://www.flybodecaribbean.com,31,www.flybodecaribbean.com,24,0,com,100.0,1.0,0.5229071,0.058069307,3,1,0,0,0.0,18,0.581,0,0.0,0,0,0,1,0.032,1,1587,4309,1,flybodecaribbean,100.0,100.0,0,0,1,0,0,1,0,4,0,1,0,1,0,0,1,0,1,13,6,13,26,2,2,1
452864.txt,https://www.lflus.com,20,www.lflus.com,13,0,com,100.0,1.0,0.5229071,0.051885313,3,1,0,0,0.0,7,0.35,0,0.0,0,0,0,1,0.05,1,1251,9800,1,lflus,100.0,100.0,0,1,1,0,0,1,0,5,1,1,1,1,1,1,1,0,1,22,1,13,71,11,75,1
901209.txt,https://www.forthdd.com,22,www.forthdd.com,15,0,com,100.0,1.0,0.5229071,0.054848676,3,1,0,0,0.0,9,0.409,0,0.0,0,0,0,1,0.045,1,2016,9381,1,forthdd,100.0,100.0,1,1,1,0,0,0,0,0,0,1,1,0,0,0,0,0,1,16,29,26,91,1,94,1
501480.txt,https://www.thehistorylist.com,29,www.thehistorylist.com,22,0,com,100.0,1.0,0.5229071,0.058519227,3,1,0,0,0.0,16,0.552,0,0.0,0,0,0,1,0.034,1,680,260,1,thehistorylist,100.0,100.0,1,0,1,0,0,0,0,0,0,1,1,1,1,0,0,0,1,41,4,7,54,1,27,1
873600.txt,https://www.lumeneo.fr,21,www.lumeneo.fr,14,0,fr,100.0,1.0,0.0141483,0.061282441,2,1,0,0,0.0,8,0.381,0,0.0,0,0,0,1,0.048,1,817,10777,1,lumeneo,100.0,100.0,1,1,1,0,0,1,0,3,0,0,0,1,0,0,0,0,1,77,2,10,70,2,71,1
mw201422.txt,http://www.onlinebuy24.eu,24,www.onlinebuy24.eu,18,0,eu,66.12244898,1.0,0.0056158,0.047844338,2,1,0,0,0.0,10,0.417,2,0.083,0,0,0,1,0.042,0,3,34,0,0,0.0,0.0,0,0,0,0,0,0,0,0,0,0,0,0,0,0,0,0,0,0,0,0,0,0,0,0
8097422.txt,https://targettike4356565--090963.repl.co,41,targettike4356565--090963.repl.co,33,0,co,28.42867174,0.633333333,0.0059772,0.034564722,2,1,0,0,0.0,16,0.39,13,0.317,0,0,0,4,0.098,1,198,869,1,targettike4356565--090963repl,0.0,0.0,0,0,0,0,0,0,0,0,0,0,0,0,0,0,0,0,0,0,0,0,0,0,2,0
688943.txt,https://www.visitburra.com,25,www.visitburra.com,18,0,com,100.0,1.0,0.5229071,0.056978969,3,1,0,0,0.0,12,0.48,0,0.0,0,0,0,1,0.04,1,2611,17850,1,visitburra,100.0,100.0,0,1,1,0,0,0,0,0,0,1,1,1,1,0,0,0,1,40,32,30,106,0,113,1
mw32845.txt,http://www.x.com,15,www.x.com,9,0,com,100.0,1.0,0.5229071,0.059627544,3,1,0,0,0.0,3,0.2,0,0.0,0,0,0,1,0.067,0,2,24,0,0,0.0,0.0,0,0,0,0,0,0,0,0,0,0,0,0,0,0,0,0,0,0,0,0,0,0,0,0
8014732.txt,http://adresuesxl.duckdns.org,28,adresuesxl.duckdns.org,22,0,org,53.14408911,0.611111111,0.0799628,0.05269176,3,1,0,0,0.0,19,0.679,0,0.0,0,0,0,2,0.071,0,2,37,0,0,0.0,0.0,0,0,0,0,0,0,0,0,0,0,0,0,0,0,0,0,0,0,0,0,0,0,0,0
8008113.txt,https://meuacesso-acompanhe2023.com/luiza/home.php?userid=&uri=hgtjdgumb9ypoq6hswp4r2kfoideibvdnii/1ophhza=,106,meuacesso-acompanhe2023.com,27,0,com,12.2983369,0.608695652,0.5229071,0.046010833,3,0,0,0,0.0,79,0.745,9,0.085,2,1,0,7,0.094,1,90,394,1,meuacesso-apanhe2023luizahomephp?userid=&uri=hgtjdgumb9ypoq6hswp4r2kfoideibvdnii1ophhza,0.0,0.0,0,1,1,0,0,0,0,0,0,0,1,1,0,0,0,0,0,0,2,0,2,0,2,0
588358.txt,https://www.thelampliter.com,27,www.thelampliter.com,20,0,com,100.0,1.0,0.5229071,0.061969629,3,1,0,0,0.0,14,0.519,0,0.0,0,0,0,1,0.037,1,953,9381,1,thelampliter,100.0,100.0,1,1,1,0,0,0,0,2,0,0,1,1,0,0,1,0,1,28,16,36,93,10,89,1
111306.txt,https://www.i-escape.com,23,www.i-escape.com,16,0,com,100.0,0.875,0.5229071,0.072499197,3,1,0,0,0.0,9,0.391,0,0.0,0,0,0,2,0.087,1,667,3286,1,i-escape,100.0,100.0,0,0,1,0,0,1,0,1,0,1,1,0,0,0,1,0,1,4,2,11,37,0,34,1
8082262.txt,https://jp.raknten.login.answer293.xyz,38,jp.raknten.login.answer293.xyz,30,0,xyz,44.51612903,0.423076923,0.0017496,0.043373399,3,3,0,0,0.0,23,0.605,3,0.079,0,0,0,4,0.105,1,2,464,0,0,0.0,0.0,1,0,0,0,0,0,0,0,0,0,0,0,0,0,0,0,0,0,1,1,0,0,0,0
8045678.txt,https://serviidor23.com/?gclid=eaiaiqobchmi36nsrown_qivk0fiab1p4g87eaayasaaeglwk_d_bwe,86,serviidor23.com,15,0,com,14.36430063,1.0,0.5229071,0.0450435,3,0,0,0,0.0,62,0.721,9,0.105,1,1,0,5,0.081,1,182,255,1,serviidor23?gclid=eaiaiqobchmi36nsrown_qivk0fiab1p4g87eaayasaaeglwk_d_bwe,0.0,100.0,1,0,1,0,0,1,0,0,0,0,0,1,1,0,0,0,0,3,3,4,0,0,1,0
711446.txt,https://www.rongeesin.com,24,www.rongeesin.com,17,0,com,100.0,1.0,0.5229071,0.071006513,3,1,0,0,0.0,11,0.458,0,0.0,0,0,0,1,0.042,1,328,543,1,rongeesin,100.0,100.0,0,0,1,0,0,1,0,0,0,1,0,0,0,0,0,0,1,3,4,7,13,0,8,1
240896.txt,https://www.coxspace.com,23,www.coxspace.com,16,0,com,100.0,1.0,0.5229071,0.067855689,3,1,0,0,0.0,10,0.435,0,0.0,0,0,0,1,0.043,1,9936,13694,1,xspace,75.0,75.0,0,0,1,0,0,0,0,2,0,1,0,1,0,0,1,0,1,116,35,83,42,0,43,1
598126.txt,https://www.castlesales.com,26,www.castlesales.com,19,0,com,100.0,1.0,0.5229071,0.069062864,3,1,0,0,0.0,13,0.5,0,0.0,0,0,0,1,0.038,1,752,2066,1,castlesales,100.0,100.0,1,1,0,0,0,1,0,5,0,1,1,1,0,0,1,0,0,39,8,29,218,31,215,1
235636.txt,https://www.1stnatbk.com,23,www.1stnatbk.com,16,0,com,100.0,1.0,0.5229071,0.052106954,3,1,0,0,0.0,9,0.391,1,0.043,0,0,0,1,0.043,1,285,4440,1,1stnatbk,100.0,100.0,0,0,1,0,0,0,0,3,0,1,1,1,0,1,1,0,1,9,1,6,60,0,9,1
109325.txt,https://www.thecricketmonthly.com,32,www.thecricketmonthly.com,25,0,com,100.0,1.0,0.5229071,0.059592856,3,1,0,0,0.0,19,0.594,0,0.0,0,0,0,1,0.031,1,993,399,1,thecricketmonthly,100.0,100.0,1,1,1,0,0,1,3,0,0,1,0,0,0,0,0,0,0,37,5,22,48,3,54,1
24132.txt,https://www.carthrottle.com,26,www.carthrottle.com,19,0,com,100.0,1.0,0.5229071,0.067505124,3,1,0,0,0.0,13,0.5,0,0.0,0,0,0,1,0.038,1,915,2406,1,carthrottle,100.0,100.0,1,0,1,0,0,1,0,3,1,1,1,0,1,0,1,0,0,37,3,12,110,8,34,1
mw37156.txt,http://www.ftp.praskovya-ulyanova.dumb1.com,42,www.ftp.praskovya-ulyanova.dumb1.com,36,0,com,35.98552369,0.392857143,0.5229071,0.047762192,3,3,0,0,0.0,26,0.619,1,0.024,0,0,0,4,0.095,0,16,51,1,ftppraskovya-ulyanovadumb1,0.0,0.0,0,0,0,0,0,0,0,0,0,0,0,0,0,0,0,0,0,0,0,0,0,0,0,0
8113585.txt,https://sign-in-att-101119.weeblysite.com/,42,sign-in-att-101119.weeblysite.com,33,0,com,39.55598768,0.586206897,0.5229071,0.046363652,3,1,0,0,0.0,22,0.524,6,0.143,0,0,0,6,0.143,1,68,80,1,sign-in-att-101119weeblysite,0.0,0.0,0,0,0,0,0,0,0,0,0,0,0,0,0,0,0,0,0,0,0,0,0,0,1,0
242355.txt,https://www.elemanuzmani.com,27,www.elemanuzmani.com,20,0,com,100.0,1.0,0.5229071,0.064203791,3,1,0,0,0.0,14,0.519,0,0.0,0,0,0,1,0.037,1,708,320,1,elemanuzmani,100.0,100.0,1,0,1,1,0,1,0,2,0,1,0,1,0,0,0,0,1,36,5,12,53,0,10,1
146792.txt,https://www.businessbloomer.com,30,www.businessbloomer.com,23,0,com,100.0,1.0,0.5229071,0.064172342,3,1,0,0,0.0,17,0.567,0,0.0,0,0,0,1,0.033,1,967,9455,1,businessbloomer,100.0,100.0,0,1,1,0,0,1,0,0,0,0,1,1,1,0,1,0,1,54,15,15,101,0,99,1
716249.txt,https://www.nickindia.com,24,www.nickindia.com,17,0,com,100.0,1.0,0.5229071,0.061877585,3,1,0,0,0.0,11,0.458,0,0.0,0,0,0,1,0.042,1,4151,2408,1,nickindia,100.0,100.0,1,1,1,0,0,1,0,1,0,1,1,1,0,1,0,0,1,257,45,40,205,0,329,1
752110.txt,https://www.sierre-zinal.com,27,www.sierre-zinal.com,20,0,com,100.0,0.583333333,0.5229071,0.065196243,3,1,0,0,0.0,13,0.481,0,0.0,0,0,0,2,0.074,1,1226,397,1,sierre-zinal,100.0,100.0,1,0,1,0,0,1,0,1,0,1,0,0,0,0,1,0,0,34,8,13,118,13,39,1
711386.txt,https://www.buffalohockeybeat.com,32,www.buffalohockeybeat.com,25,0,com,100.0,1.0,0.5229071,0.055432623,3,1,0,0,0.0,19,0.594,0,0.0,0,0,0,1,0.031,1,1353,8047,1,buffalohockeybeat,100.0,100.0,1,1,1,0,0,1,0,1,0,1,1,0,0,1,1,0,1,21,14,32,93,0,77,1
844304.txt,https://www.crewlist.org.uk,26,www.crewlist.org.uk,19,0,uk,100.0,0.75,0.028555,0.056398302,2,2,0,0,0.0,12,0.462,0,0.0,0,0,0,2,0.077,1,436,320,1,crewlistorg,0.0,0.0,0,0,1,0,0,0,0,0,0,0,0,0,0,0,0,0,1,1,2,2,33,0,5,1
8117507.txt,http://cg11873.tw1.ru/c-certicode/,34,cg11873.tw1.ru,14,0,ru,30.44049967,0.727272727,0.0180132,0.044584365,2,1,0,0,0.0,16,0.471,6,0.176,0,0,0,5,0.147,0,663,929377,1,cg11873tw1c-certicode,0.0,0.0,0,0,1,0,0,0,0,4,0,0,1,1,0,0,1,0,0,4,0,2,0,64,2,0
838946.txt,https://www.gunholstersandmore.com,33,www.gunholstersandmore.com,26,0,com,100.0,1.0,0.5229071,0.063245994,3,1,0,0,0.0,20,0.606,0,0.0,0,0,0,1,0.03,1,719,9381,1,gunholstersandmore,100.0,100.0,1,1,1,0,0,1,0,0,1,0,1,1,0,0,0,0,1,8,11,18,32,0,32,1
7971377.txt,https://metacaseid.100981509652098612.com/?fbclid=10056108205810,63,metacaseid.100981509652098612.com,33,0,com,19.92816864,1.0,0.5229071,0.024149619,3,1,0,0,0.0,19,0.302,31,0.492,1,1,0,3,0.079,1,104,2116,1,metacaseid100981509652098612?fbclid=1005610820581,0.0,0.0,0,1,1,0,0,0,0,0,0,0,0,1,0,0,0,0,0,0,1,0,1,0,1,0
248843.txt,https://www.dapenastra.com,25,www.dapenastra.com,18,0,com,100.0,1.0,0.5229071,0.066230717,3,1,0,0,0.0,12,0.48,0,0.0,0,0,0,1,0.04,1,782,1447,1,dapenastra,100.0,100.0,1,1,0,0,0,1,1,1,0,1,1,1,1,0,1,0,1,35,3,11,60,0,62,1
106761.txt,https://www.thechampaignroom.com,31,www.thechampaignroom.com,24,0,com,100.0,1.0,0.5229071,0.064873123,3,1,0,0,0.0,18,0.581,0,0.0,0,0,0,1,0.032,1,4803,29769,1,thechampaignroom,100.0,100.0,1,0,1,0,0,1,0,2,0,1,1,0,0,1,0,1,1,62,4,15,159,0,244,1
89347.txt,https://www.dragondoor.com,25,www.dragondoor.com,18,0,com,100.0,1.0,0.5229071,0.069517334,3,1,0,0,0.0,12,0.48,0,0.0,0,0,0,1,0.04,1,1242,4455,1,dragondoor,100.0,100.0,0,0,1,1,0,1,0,2,0,1,0,1,0,0,1,0,1,19,6,13,113,2,45,1
7962782.txt,https://764746login.weebly.com/,30,764746login.weebly.com,22,0,com,46.43982357,0.722222222,0.5229071,0.040265452,3,1,0,0,0.0,14,0.467,6,0.2,0,0,0,2,0.067,1,129,368,1,764746loginweebly,0.0,0.0,0,1,1,0,0,0,0,0,0,0,0,0,0,0,0,0,0,1,0,1,3,0,0,0
126692.txt,https://www.radio912.de,22,www.radio912.de,15,0,de,100.0,1.0,0.0326503,0.041630876,2,1,0,0,0.0,6,0.273,3,0.136,0,0,0,1,0.045,1,1082,4992,1,raio912,0.0,0.0,1,0,1,0,0,1,2,1,0,1,0,0,0,0,0,0,1,39,1,7,45,2,42,1
405000.txt,https://www.nickleeson.com,25,www.nickleeson.com,18,0,com,100.0,1.0,0.5229071,0.068533137,3,1,0,0,0.0,12,0.48,0,0.0,0,0,0,1,0.04,1,423,9381,1,nickleeson,100.0,100.0,1,1,1,0,0,1,0,0,0,0,0,0,0,1,1,1,1,10,9,18,79,1,81,1
8087805.txt,http://www.kejutan-hadiah-untung-beliung-britama.finansialbisnis.com/.well-known/pki-validation/content/content.php,115,www.kejutan-hadiah-untung-beliung-britama.finansialbisnis.com,61,0,com,12.63436884,0.301886792,0.5229071,0.054643325,3,2,0,0,0.0,90,0.783,0,0.0,0,0,0,14,0.122,0,11,123,1,kejutan-hadiah-untung-beliung-britamafinansialbisniswell-knownpki-validationcontentcontentphp,0.0,0.0,0,0,0,0,0,0,0,0,0,0,0,0,0,0,0,0,0,0,0,0,0,0,0,0
622282.txt,https://www.niagarapallet.ca,27,www.niagarapallet.ca,20,0,ca,100.0,1.0,0.0101825,0.061815572,2,1,0,0,0.0,14,0.519,0,0.0,0,0,0,1,0.037,1,526,333,1,niagarapallet,100.0,100.0,1,0,1,0,0,1,0,4,0,1,0,0,0,0,0,0,1,16,1,5,38,0,7,1
67421.txt,https://www.registertovote.ca.gov,32,www.registertovote.ca.gov,25,0,gov,100.0,0.882352941,0.0033282,0.066989927,3,2,0,0,0.0,18,0.562,0,0.0,0,0,0,2,0.062,1,411,342,1,registertovoteca,0.0,0.0,0,0,1,0,0,1,0,0,0,1,1,0,0,0,0,0,1,6,6,3,17,0,40,1
mw213713.txt,http://www.capitalbravo.ru,25,www.capitalbravo.ru,19,0,ru,75.55555556,1.0,0.0180132,0.058759021,2,1,0,0,0.0,13,0.52,0,0.0,0,0,0,1,0.04,0,11,78,1,capitalbavo,0.0,0.0,0,0,0,0,0,0,0,0,0,0,0,0,0,0,0,0,0,0,0,0,1,0,1,0
581618.txt,https://www.ilikevinyl.com,25,www.ilikevinyl.com,18,0,com,100.0,1.0,0.5229071,0.05319797,3,1,0,0,0.0,12,0.48,0,0.0,0,0,0,1,0.04,1,344,293,1,ilikevinyl,100.0,100.0,0,1,1,0,0,1,0,0,0,1,0,0,0,0,0,0,1,6,1,11,44,5,8,1
563679.txt,https://www.phylsflowers.com,27,www.phylsflowers.com,20,0,com,100.0,1.0,0.5229071,0.051016131,3,1,0,0,0.0,14,0.519,0,0.0,0,0,0,1,0.037,1,1415,1162,1,phylsflowers,100.0,100.0,1,0,1,0,0,1,0,4,0,1,1,1,0,0,1,0,0,40,2,14,81,11,39,1
72795.txt,https://www.okyou.com.vn,23,www.okyou.com.vn,16,0,vn,100.0,0.666666667,0.0013635,0.057115016,2,2,0,0,0.0,9,0.391,0,0.0,0,0,0,2,0.087,1,4043,881,1,okyoucom,0.0,0.0,0,1,1,1,0,1,0,4,0,1,1,1,0,0,0,0,1,168,44,26,3,0,14,1
94580.txt,https://www.lulea.se,19,www.lulea.se,12,0,se,100.0,1.0,0.0040185,0.057382635,2,1,0,0,0.0,6,0.316,0,0.0,0,0,0,1,0.053,1,1116,4670,1,lulea,100.0,100.0,0,0,1,0,0,1,0,0,0,1,1,0,0,0,0,0,0,9,18,15,76,2,43,1
571426.txt,https://www.gunsmokenet.com,26,www.gunsmokenet.com,19,0,com,100.0,1.0,0.5229071,0.063101078,3,1,0,0,0.0,13,0.5,0,0.0,0,0,0,1,0.038,1,233,962,1,gunsmokenet,100.0,100.0,0,0,0,0,0,1,0,0,0,0,0,0,0,0,0,0,0,10,1,0,5,5,8,1
oph14627.txt,https://bancolombia.com7mua7todo1.repl.co/?edft35/,50,bancolombia.com7mua7todo1.repl.co,33,0,co,37.69015042,0.433333333,0.0059772,0.055650184,2,2,0,0,0.0,31,0.62,5,0.1,0,1,0,5,0.12,1,150,123,1,banlombiam7mua7todo1repl?edft35,0.0,0.0,0,0,0,0,0,1,0,0,0,0,0,0,0,0,0,0,0,2,0,4,1,0,1,0
567121.txt,https://www.todalamusica.es,26,www.todalamusica.es,19,0,es,100.0,1.0,0.0064109,0.065374549,2,1,0,0,0.0,13,0.5,0,0.0,0,0,0,1,0.038,1,1252,8714,1,todalamusica,100.0,100.0,0,0,1,0,0,1,0,1,0,0,1,1,0,0,0,0,1,145,33,40,313,14,322,1
735329.txt,https://www.bitpoint.co.jp,25,www.bitpoint.co.jp,18,0,jp,100.0,0.818181818,0.0230451,0.056843106,2,2,0,0,0.0,11,0.44,0,0.0,0,0,0,2,0.08,1,1291,348,1,bitpointco,0.0,0.0,1,0,1,0,0,1,0,1,0,1,0,0,0,0,0,0,1,19,2,11,166,0,33,1
58338.txt,https://www.ontvtonight.com,26,www.ontvtonight.com,19,0,com,100.0,1.0,0.5229071,0.060506064,3,1,0,0,0.0,13,0.5,0,0.0,0,0,0,1,0.038,1,356,6103,1,ontvtonight,100.0,100.0,0,1,1,0,0,1,0,0,0,1,1,1,0,0,0,0,1,9,1,20,17,2,17,1
mw99136.txt,http://www.zaxswder.xyz,23,www.zaxswder.xyz,16,0,xyz,57.7991453,1.0,0.0017496,0.032777792,3,1,0,0,0.0,11,0.478,0,0.0,0,0,0,1,0.043,0,2,31,0,0,0.0,0.0,0,0,0,0,0,0,0,0,0,0,0,0,0,0,0,0,0,0,0,0,0,0,0,0
mw143502.txt,http://www.thexanhmy.com,23,www.thexanhmy.com,17,0,com,76.75401522,1.0,0.5229071,0.053230359,3,1,0,0,0.0,11,0.478,0,0.0,0,0,0,1,0.043,0,9,75,1,thexanhmy,100.0,100.0,0,0,0,0,0,0,0,0,0,0,0,0,0,0,0,0,0,0,0,0,1,0,1,0
8071795.txt,http://www.saiconcard.co.jp.souwjw.top/ai/sign.php,50,www.saiconcard.co.jp.souwjw.top,31,0,top,39.56607495,0.47826087,0.0002752,0.053394359,3,4,0,0,0.0,32,0.64,0,0.0,0,0,0,7,0.14,0,11,113,0,0,0.0,0.0,0,0,0,0,0,0,0,1,0,0,0,0,0,0,0,0,0,0,0,0,0,0,0,0
8119575.txt,https://bradesco-livelo-ocnqpjugja-ew.a.run.app/,48,bradesco-livelo-ocnqpjugja-ew.a.run.app,39,0,app,26.38395792,0.314285714,0.001502,0.052908771,3,2,0,0,0.0,33,0.688,0,0.0,0,0,0,7,0.146,1,9,297,0,0,0.0,0.0,0,0,0,1,0,0,0,0,0,0,0,0,0,0,0,0,0,0,0,0,0,0,1,0
652533.txt,https://www.joannemaryrawlings.com,33,www.joannemaryrawlings.com,26,0,com,100.0,1.0,0.5229071,0.059524557,3,1,0,0,0.0,20,0.606,0,0.0,0,0,0,1,0.03,1,682,8047,1,joannemaryrawlings,100.0,100.0,1,1,1,0,0,0,0,2,0,1,0,0,0,0,0,0,1,28,18,26,55,0,70,1
234574.txt,https://www.newresalhaider.com,29,www.newresalhaider.com,22,0,com,100.0,1.0,0.5229071,0.063455504,3,1,0,0,0.0,16,0.552,0,0.0,0,0,0,1,0.034,1,421,311,1,newresalhaider,100.0,100.0,0,0,1,0,0,0,0,0,0,1,0,0,0,0,0,0,1,7,2,2,43,0,38,1
520838.txt,https://www.etonchagrinblvd.com,30,www.etonchagrinblvd.com,23,0,com,100.0,1.0,0.5229071,0.057405695,3,1,0,0,0.0,17,0.567,0,0.0,0,0,0,1,0.033,1,760,4263,1,etonchagrinblvd,100.0,100.0,1,0,1,0,0,1,0,1,1,1,1,1,0,0,0,0,1,30,21,79,64,1,82,1
7979320.txt,https://demo2.cloudwp.dev/trial-wu5zwv5y/wp-content/plugins/d/ing.es/es/ing/,75,demo2.cloudwp.dev,17,0,dev,25.93005124,0.692307692,0.0009613,0.046741891,3,1,0,0,0.0,52,0.693,3,0.04,0,0,0,12,0.16,1,9,6651,1,demo2cloudwptrial-wu5zwv5ywp-contentpluginsdingesesing,0.0,0.0,0,0,1,0,0,0,0,1,0,0,1,1,0,0,0,0,0,0,0,0,1,0,2,0
687346.txt,https://www.wreac.org,20,www.wreac.org,13,0,org,100.0,1.0,0.0799628,0.068765542,3,1,0,0,0.0,7,0.35,0,0.0,0,0,0,1,0.05,1,829,11161,1,wreac,100.0,100.0,1,1,1,0,0,1,0,0,0,0,0,1,0,1,1,0,1,32,0,2,11,1,73,1
mw145543.txt,http://www.bramynapilota.com.pl,31,www.bramynapilota.com.pl,24,0,pl,65.11904762,0.823529412,0.0069695,0.058647081,2,2,0,0,0.0,18,0.581,0,0.0,0,0,0,2,0.065,0,35,360,1,bramynapilotacom,0.0,0.0,0,0,0,1,0,0,0,0,0,0,0,0,0,0,0,0,1,0,0,0,1,0,4,0
536961.txt,https://www.cricketweb.net,25,www.cricketweb.net,18,0,net,100.0,1.0,0.0384199,0.058495677,3,1,0,0,0.0,12,0.48,0,0.0,0,0,0,1,0.04,1,759,2718,1,cricketweb,100.0,100.0,0,1,1,0,0,1,0,1,0,1,1,1,0,0,0,1,1,66,7,12,185,1,210,1
570942.txt,https://www.zepponi.com,22,www.zepponi.com,15,0,com,100.0,1.0,0.5229071,0.060313592,3,1,0,0,0.0,9,0.409,0,0.0,0,0,0,1,0.045,1,1394,9381,1,zepponi,100.0,100.0,1,1,1,0,0,1,0,0,0,0,0,0,0,1,0,0,1,48,9,18,39,0,55,1
153451.txt,https://www.omnisys.com,22,www.omnisys.com,15,0,com,100.0,1.0,0.5229071,0.064996192,3,1,0,0,0.0,9,0.409,0,0.0,0,0,0,1,0.045,1,1009,9614,1,omnisys,100.0,100.0,1,1,0,0,0,1,0,2,0,1,1,1,0,0,1,0,1,14,28,38,85,0,86,1
mw132133.txt,http://www.sana-ebli.ml,23,www.sana-ebli.ml,16,0,ml,63.73626374,0.555555556,0.0001306,0.059932187,2,1,0,0,0.0,10,0.435,0,0.0,0,0,0,2,0.087,0,20,210,1,sana-ebli,100.0,100.0,0,0,0,1,1,0,0,0,0,0,0,0,0,0,0,0,0,0,0,0,0,0,0,0
683297.txt,https://www.inlaksfoundation.org,31,www.inlaksfoundation.org,24,0,org,100.0,1.0,0.0799628,0.059881141,3,1,0,0,0.0,18,0.581,0,0.0,0,0,0,1,0.032,1,161,3603,1,inlaksfoundation,100.0,100.0,1,1,1,0,0,1,0,0,0,0,0,0,0,0,0,0,1,7,11,14,41,0,45,1
410127.txt,https://www.deutsches-polen-institut.de,38,www.deutsches-polen-institut.de,31,0,de,100.0,0.416666667,0.0326503,0.056013395,2,1,0,0,0.0,23,0.605,0,0.0,0,0,0,3,0.079,1,1370,1091,1,eutsches-polen-institut,95.83333333,95.83333333,0,0,1,0,0,0,0,0,0,1,1,1,0,0,0,0,0,12,2,6,183,0,19,1
oph08587.txt,https://www.prizegives.com/apc/63ce7d59-2f3e-42cd-a8cc-be764cff5eb6/c41edb4c-a508-43a7-bfb4-e65c219519ea/deb8db55-0f32-45c6-bcef-57af86f67189/login?id=bkdvl1crum45b3pvmjbyvc9mylo3ww41qtfjzvlsznqrowmyd29hz3duy1jub1nmy0xeuxfhrhbxagr5ejnzy2fonznhm1e3dtrhcthzwfrkveznstiwovhwzwfznxftrwmydep3vi9vkzr4vww0bu5oowroectinfbusjlmdhkvzfk4zvd6tmninss5d1pgvxo5dy9tc1p4ytk0qzqxbs9cqu1benpsbjv3dflbt0tidghtsmx2tw1iqmvrsujvsvfha3v3m3dtk1zoly9ozkjhnkz4s3pzk3fslzdrqmlmeedpr0jrm0xpnktelzg4z2p5ahf1yudnd2vnblyzowyxyuu2ejlvelyxeenmmu12a0jqtvnmrdblz1plohpkothedezpbfqroxfur3bpvg9zy3fdenpsc3vysdnuqwhrk0l6afdhshpkuhjnszraes9qywyrbursk1f6yzb5qm85murqv3pvtehywwq0ddrrl1dkddrcwxbzl3ftr2tqdnl0dtjxa2hwrudjsk03dk9yeghvderpyne0ednlavvnehpac3k0uhzuzz0,722,www.prizegives.com,18,0,com,1.977268257,1.0,0.5229071,0.031004322,3,1,0,0,0.0,555,0.769,135,0.187,1,1,0,18,0.028,1,21,159078,1,prizegivesapc63ce7d59-2f3e-42cd-a8cc-be764cff5eb6c41edb4c-a508-43a7-bfb4-e65c219519eadeb8db55-0f32-45c6-bcef-57af86f67189login?id=bkdvl1crum45b3pvmjbyvc9mylo3ww41qtfjzvlsznqrowmyd29hz3duy1jub1nmy0xeuxfhrhbxagr5ejnzy2fonznhm1e3dtrhcthzwfrkveznstiwovhwzwfznxftrwmydep3vi9vkzr4vww0bu5oowroectinfbusjlmdhkvzfk4zvd6tmninss5d1pgvxo5dy9tc1p4ytk0qzqxbs9cqu1benpsbjv3dflbt0tidghtsmx2tw1iqmvrsujvsvfha3v3m3dtk1zoly9ozkjhnkz4s3pzk3fslzdrqmlmeedpr0jrm0xpnktelzg4z2p5ahf1yudnd2vnblyzowyxyuu2ejlvelyxeenmmu12a0jqtvnmrdblz1plohpkothedezpbfqroxfur3bpvg9zy3fdenpsc3vysdnuqwhrk0l6afdhshpkuhjnszraes9qywyrbursk1f6yzb5qm85murqv3pvtehywwq0ddrrl1dkddrcwxbzl3ftr2tqdnl0dtjxa2hwrudjsk03dk9yeghvderpyne0ednlavvnehpac3k0uhzuzz0,0.0,100.0,0,0,1,0,0,0,0,0,0,0,1,0,0,0,0,0,0,1,1,3,1,0,1,0
134099.txt,https://www.odysseyadventures.ca,31,www.odysseyadventures.ca,24,0,ca,100.0,1.0,0.0101825,0.055397861,2,1,0,0,0.0,18,0.581,0,0.0,0,0,0,1,0.032,1,269,1046,1,odysseyadventures,100.0,100.0,0,0,0,0,0,1,0,0,0,0,0,0,0,0,0,0,1,12,3,1,0,0,4,1
695461.txt,https://www.docnrollfestival.com,31,www.docnrollfestival.com,24,0,com,100.0,1.0,0.5229071,0.061219124,3,1,0,0,0.0,18,0.581,0,0.0,0,0,0,1,0.032,1,494,283,1,docnrollfestival,100.0,100.0,1,0,1,0,0,1,0,0,0,1,0,0,0,0,0,0,1,33,4,6,47,0,16,1
7995263.txt,https://email.notify.thinkific.com/c/ejwnjsukxcaurl8m7hj8j1m46m38rrhetsntoqoghvn6eqrqla5fecp0yhrjvhpidgdgwek0wgatyjs0uokxmsmv4lajsrndge2stuj8j_7ozgd4up_17uyug7y4lz-r-hjbtoq0khgxwvl0qm1ubmbwi928fzrrrqjj5uy9tem8jv4zgudzv88vfmdqu1vg8jvivkahxwymp_vc4e0hfdf4cvyrkwrgdtvditvluuvxmt895fxzyifdtnj98fvplpij1owe7dhf_y0uu9q,311,email.notify.thinkific.com,26,0,com,5.294065892,0.454545455,0.5229071,0.031002622,3,2,0,0,0.0,244,0.785,48,0.154,0,0,0,11,0.035,1,14,320,1,emailnotifythinkificcejwnjsukxcaurl8m7hj8j1m46m38rrhetsntoqoghvn6eqrqla5fecp0yhrjvhpidgdgwek0wgatyjs0uokxmsmv4lajsrndge2stuj8j_7ozgd4up_17uyug7y4lz-r-hjbtoq0khgxwvl0qm1ubmbwi928fzrrrqjj5uy9tem8jv4zgudzv88vfmdqu1vg8jvivkahxwymp_vc4e0hfdf4cvyrkwrgdtvditvluuvxmt895fxzyifdtnj98fvplpij1owe7dhf_y0uu9,0.0,0.0,0,1,0,0,0,0,0,0,0,0,0,0,0,0,0,0,0,0,0,0,0,0,1,0
mw155508.txt,http://www.online-counter.cn,28,www.online-counter.cn,21,0,cn,85.48476454,0.571428571,0.0033218,0.067664839,2,1,0,0,0.0,15,0.536,0,0.0,0,0,0,2,0.071,0,12,415,1,online-counter,100.0,100.0,0,0,0,0,0,0,0,0,0,0,0,0,0,0,0,0,0,0,0,2,0,0,0,0
444380.txt,https://www.hard-core-dx.com,27,www.hard-core-dx.com,20,0,com,100.0,0.416666667,0.5229071,0.061124184,3,1,0,0,0.0,12,0.444,0,0.0,0,0,0,3,0.111,1,683,7323,1,hard-re-dx,0.0,0.0,0,0,0,0,0,0,0,0,0,0,0,0,0,0,0,0,1,0,1,4,30,0,33,1
mw17539.txt,http://www.kommesantor.com,25,www.kommesantor.com,19,0,com,65.71428571,1.0,0.5229071,0.070831528,3,1,0,0,0.0,13,0.52,0,0.0,0,0,0,1,0.04,0,2,2826,1,kommesantor,100.0,100.0,0,0,1,0,0,0,0,0,0,0,0,0,0,0,0,0,0,0,0,1,1,0,1,0
7961046.txt,http://pageescovery11292022.rf.gd/,33,pageescovery11292022.rf.gd,26,0,gd,35.87552049,0.913043478,5.02e-05,0.036307463,2,1,0,0,0.0,16,0.485,8,0.242,0,0,0,2,0.061,0,2,837,0,0,4.347826087,4.347826087,0,0,0,0,0,0,0,0,0,0,0,0,0,0,0,0,0,0,0,1,1,0,1,0
150936.txt,https://www.nellyssecurity.com,29,www.nellyssecurity.com,22,0,com,100.0,1.0,0.5229071,0.057569758,3,1,0,0,0.0,16,0.552,0,0.0,0,0,0,1,0.034,1,2837,4014,1,nellyssecurity,100.0,100.0,1,1,1,0,0,1,0,2,1,1,1,1,0,0,1,0,1,97,19,16,144,1,149,1
mw50943.txt,http://www.fantasyleague.cc,26,www.fantasyleague.cc,20,0,cc,89.38869666,1.0,0.0010349,0.056859329,2,1,0,0,0.0,14,0.538,0,0.0,0,0,0,1,0.038,0,2,35,0,0,0.0,0.0,0,0,0,0,0,0,0,0,0,0,0,0,0,0,0,0,0,0,0,0,0,0,0,0
807302.txt,https://www.mediainfoline.com,28,www.mediainfoline.com,21,0,com,100.0,1.0,0.5229071,0.066178123,3,1,0,0,0.0,15,0.536,0,0.0,0,0,0,1,0.036,1,196,12283,1,mediainfoline,100.0,100.0,0,1,1,0,0,0,0,2,0,1,1,1,0,0,0,0,1,58,1,3,115,0,116,1
823543.txt,https://www.businesstalk-kudamm.com,34,www.businesstalk-kudamm.com,27,0,com,100.0,0.684210526,0.5229071,0.054274984,3,1,0,0,0.0,20,0.588,0,0.0,0,0,0,2,0.059,1,544,2159,1,businesstalk-kudamm,100.0,100.0,0,1,1,0,0,1,1,0,0,1,1,0,0,0,0,0,0,18,1,4,74,0,83,1
8110792.txt,https://noisy-voice-1030.rkmvad.workers.dev/,44,noisy-voice-1030.rkmvad.workers.dev,35,0,dev,41.98639456,0.387096774,0.0009613,0.047652496,3,2,0,0,0.0,26,0.591,4,0.091,0,0,0,6,0.136,1,90,394,1,noisy-voice-1030rkmvadworkers,0.0,0.0,0,1,1,0,0,0,0,0,0,0,1,1,0,0,0,0,0,0,2,0,2,0,2,0
mw78690.txt,http://www.fclouddown.co,23,www.fclouddown.co,17,0,co,61.87658495,1.0,0.0059772,0.051696829,2,1,0,0,0.0,11,0.478,0,0.0,0,0,0,1,0.043,0,9,51,1,flouddown,0.0,0.0,0,0,0,0,0,0,0,0,0,0,0,0,0,0,0,0,0,0,0,0,0,0,0,0
828694.txt,https://www.laybooks.com,23,www.laybooks.com,16,0,com,100.0,1.0,0.5229071,0.061234009,3,1,0,0,0.0,10,0.435,0,0.0,0,0,0,1,0.043,1,224,1301,1,laybooks,100.0,100.0,0,1,0,0,0,1,1,0,0,0,1,0,0,1,1,0,1,4,1,3,13,0,2,1
568721.txt,https://www.s-sm.org,19,www.s-sm.org,12,0,org,100.0,0.75,0.0799628,0.067488167,3,1,0,0,0.0,5,0.263,0,0.0,0,0,0,2,0.105,1,1120,17804,1,s-sm,100.0,100.0,1,0,1,0,0,1,0,5,0,1,1,1,0,0,0,0,1,21,3,14,47,0,31,1
522434.txt,https://www.anextour.com.ua,26,www.anextour.com.ua,19,0,ua,100.0,0.75,0.0023239,0.062709326,2,2,0,0,0.0,12,0.462,0,0.0,0,0,0,2,0.077,1,797,742,1,anextorcom,0.0,0.0,1,0,0,0,0,1,0,2,0,1,0,1,1,1,0,0,1,7,9,19,46,2,21,1
8032205.txt,https://kanagawanomori.com/hi/,29,kanagawanomori.com,18,0,com,71.79962894,1.0,0.5229071,0.063802337,3,0,0,0,0.0,19,0.655,0,0.0,0,0,0,2,0.069,1,163,120,1,kanagawanomorihi,0.0,100.0,0,1,1,0,0,0,0,0,0,0,0,0,0,0,0,0,1,0,0,0,0,0,0,0
8139317.txt,https://apple--id.firebaseapp.com/,34,apple--id.firebaseapp.com,25,0,com,79.53230769,0.619047619,0.5229071,0.057372016,3,1,0,0,0.0,21,0.618,0,0.0,0,0,0,5,0.147,1,11,1663,1,apple--idfirebaseapp,0.0,0.0,1,0,0,0,0,0,0,0,0,0,0,0,0,0,0,0,0,0,0,2,1,0,0,0
413561.txt,https://www.ukpia.com,20,www.ukpia.com,13,0,com,100.0,1.0,0.5229071,0.056115548,3,1,0,0,0.0,7,0.35,0,0.0,0,0,0,1,0.05,1,764,1837,1,ukpia,100.0,100.0,1,0,1,0,0,0,0,1,0,1,0,0,0,0,0,0,1,40,5,12,103,0,32,1
68847.txt,https://www.geekalerts.com,25,www.geekalerts.com,18,0,com,100.0,1.0,0.5229071,0.065436566,3,1,0,0,0.0,12,0.48,0,0.0,0,0,0,1,0.04,1,1725,8047,1,geekalerts,100.0,100.0,0,1,1,0,0,1,0,0,0,1,1,0,0,0,0,0,1,94,10,23,431,1,418,1
638738.txt,https://www.glassslipperboutique.net,35,www.glassslipperboutique.net,28,0,net,100.0,1.0,0.0384199,0.053301222,3,1,0,0,0.0,22,0.629,0,0.0,0,0,0,1,0.029,1,3790,2685,1,glassslipperboutique,100.0,100.0,0,0,1,0,0,1,0,19,0,1,1,0,1,1,1,0,1,56,3,25,165,10,13,1
8101970.txt,https://docs.google.com/presentation/d/e/2pacx-1vrfhvxeixkdl9hbmibq6l-ahzpnsuxv2-r83anprlirca6zx2bw0grkafoltdor_o-pdsbohq-g8vra/pub?start=false&loop=false&delayms=3000,167,docs.google.com,15,0,com,9.540761837,0.636363636,0.5229071,0.044802559,3,1,0,0,0.0,125,0.749,15,0.09,3,1,0,15,0.114,1,11,515,1,docsgooglepresentationde2pacx-1vrfhvxeixkdl9hbmibq6l-ahzpnsuxv2-r83anprlirca6zx2bw0grkafoltdor_o-pdsbohq-g8vrapub?start=false&loop=false&delayms=3000,0.0,0.0,0,0,0,0,0,0,0,0,0,0,0,0,0,0,0,0,0,0,0,0,1,0,1,0
8090120.txt,https://vnote-mbiselangor.firebaseapp.com/,42,vnote-mbiselangor.firebaseapp.com,33,0,com,56.29017447,0.413793103,0.5229071,0.061022418,3,1,0,0,0.0,30,0.714,0,0.0,0,0,0,4,0.095,1,108,8125,1,vnote-mbiselangorfirebaseapp,0.0,0.0,0,0,1,0,0,0,0,0,0,0,0,0,0,0,0,0,0,0,0,0,0,0,3,0
800832.txt,https://www.csmusic.net,22,www.csmusic.net,15,0,net,100.0,1.0,0.0384199,0.062317742,3,1,0,0,0.0,9,0.409,0,0.0,0,0,0,1,0.045,1,579,304,1,csmusic,100.0,100.0,1,0,1,0,0,0,0,0,0,1,1,0,0,0,0,0,1,7,7,4,90,0,7,1
604121.txt,https://www.lastbestbox.com,26,www.lastbestbox.com,19,0,com,100.0,1.0,0.5229071,0.058627295,3,1,0,0,0.0,13,0.5,0,0.0,0,0,0,1,0.038,1,777,1977,1,lastbestbox,100.0,100.0,0,0,1,0,0,1,0,0,0,1,0,1,0,0,0,0,0,4,6,13,22,0,6,1
43625.txt,https://www.denik.cz,19,www.denik.cz,12,0,cz,100.0,1.0,0.0036307,0.054890504,2,1,0,0,0.0,6,0.316,0,0.0,0,0,0,1,0.053,1,3618,893,1,denik,100.0,100.0,1,1,1,0,0,1,0,2,0,1,1,0,0,0,0,0,1,67,2,7,285,0,131,1
159360.txt,https://www.thefancarpet.com,27,www.thefancarpet.com,20,0,com,100.0,1.0,0.5229071,0.063106986,3,1,0,0,0.0,14,0.519,0,0.0,0,0,0,1,0.037,1,3724,9381,1,thefancarpet,100.0,100.0,1,1,1,0,0,1,3,13,0,1,1,0,0,1,1,0,1,138,32,38,450,2,487,1
oph07384.txt,http://silly-lehmann.151-80-13-4.plesk.page/b14ef,49,silly-lehmann.151-80-13-4.plesk.page,36,0,page,22.15366767,0.35483871,0.0001446,0.036131843,4,2,0,0,0.0,24,0.49,10,0.204,0,0,0,8,0.163,0,9,58,1,silly-lehmann151-80-13-4pleskb14ef,0.0,0.0,0,0,0,0,0,0,0,0,0,0,0,0,0,0,0,0,0,0,0,0,0,0,0,0
697024.txt,https://www.avmc.army.mil,24,www.avmc.army.mil,17,0,mil,100.0,0.555555556,0.0002984,0.05708971,3,2,0,0,0.0,10,0.417,0,0.0,0,0,0,2,0.083,1,889,3856,1,avmcarmy,0.0,0.0,1,1,1,0,0,0,0,2,0,1,0,1,0,0,0,0,1,16,6,7,30,3,44,1
8111865.txt,https://att-mail-102747.weeblysite.com/,39,att-mail-102747.weeblysite.com,30,0,com,39.5125448,0.653846154,0.5229071,0.046885668,3,1,0,0,0.0,20,0.513,6,0.154,0,0,0,5,0.128,1,68,80,1,att-mail-102747weeblysite,0.0,0.0,0,0,0,0,0,0,0,0,0,0,0,0,0,0,0,0,0,0,0,0,0,0,1,0
oph08069.txt,https://onlinequranteaching.com/public/vu1ztldladx8jmzdlcffkoeclasczhxc,71,onlinequranteaching.com,23,0,com,32.404258,1.0,0.5229071,0.047311785,3,0,0,0,0.0,58,0.817,2,0.028,0,0,0,3,0.042,1,13,115,1,onlinequranteachingpublicvu1ztldladx8jmzdlcffkoeclasczhxc,0.0,100.0,0,0,0,1,1,0,0,0,0,0,0,0,0,0,0,0,0,0,0,0,1,0,1,0
8060076.txt,https://att-mail-104132.square.site/,36,att-mail-104132.square.site,27,0,site,58.2010582,0.590909091,0.0017656,0.045088666,4,1,0,0,0.0,17,0.472,6,0.167,0,0,0,5,0.139,1,13,117,1,att-mail-104132square,0.0,0.0,0,0,0,1,0,0,0,0,0,0,0,0,0,0,0,0,0,0,0,0,0,0,1,0
802956.txt,https://www.webgerman.com,24,www.webgerman.com,17,0,com,100.0,1.0,0.5229071,0.061740522,3,1,0,0,0.0,11,0.458,0,0.0,0,0,0,1,0.042,1,361,651,1,webgerman,100.0,100.0,0,0,0,0,0,1,0,0,0,1,0,0,0,0,0,0,0,0,1,4,7,0,11,1
722542.txt,https://www.shotokankarate.ca,28,www.shotokankarate.ca,21,0,ca,100.0,1.0,0.0101825,0.063526144,2,1,0,0,0.0,15,0.536,0,0.0,0,0,0,1,0.036,1,132,1410,1,shotokankarate,100.0,100.0,1,1,1,0,0,0,0,2,0,0,0,0,0,0,0,0,1,10,2,9,5,0,5,1
105733.txt,https://www.liquid-technologies.com,34,www.liquid-technologies.com,27,0,com,100.0,0.684210526,0.5229071,0.059565891,3,1,0,0,0.0,20,0.588,0,0.0,0,0,0,2,0.059,1,911,392,1,liquid-technologies,100.0,100.0,0,0,1,0,0,1,0,0,0,1,0,0,0,1,0,0,1,81,0,3,150,0,8,1
143001.txt,https://www.startuptalky.com,27,www.startuptalky.com,20,0,com,100.0,1.0,0.5229071,0.053599041,3,1,0,0,0.0,14,0.519,0,0.0,0,0,0,1,0.037,1,1737,335,1,startuptalky,100.0,100.0,1,0,1,1,0,1,0,2,0,1,0,0,0,1,0,1,1,51,3,15,93,6,112,1
523762.txt,https://www.tillyandthebuttons.com,33,www.tillyandthebuttons.com,26,0,com,100.0,1.0,0.5229071,0.055544557,3,1,0,0,0.0,20,0.606,0,0.0,0,0,0,1,0.03,1,3913,4236,1,tillyandthebuttons,100.0,100.0,1,0,0,0,0,0,4,11,0,1,1,0,0,0,0,0,0,16,2,12,221,0,277,1
483307.txt,https://www.polinews.co.kr,25,www.polinews.co.kr,18,0,kr,100.0,0.818181818,0.0022733,0.058027253,2,2,0,0,0.0,11,0.44,0,0.0,0,0,0,2,0.08,1,2552,9465,1,polinewsco,0.0,0.0,1,0,1,0,0,1,0,0,0,1,1,1,0,1,0,0,1,100,17,21,366,0,33,1
392181.txt,https://www.chukfamily.ru,24,www.chukfamily.ru,17,0,ru,100.0,1.0,0.0180132,0.044029169,2,1,0,0,0.0,11,0.458,0,0.0,0,0,0,1,0.042,1,528,1106,1,chukfamily,100.0,100.0,0,0,1,0,0,1,0,0,0,0,1,0,0,0,0,0,1,26,11,18,58,4,58,1
126183.txt,https://www.easyphp.org,22,www.easyphp.org,15,0,org,100.0,1.0,0.0799628,0.053165779,3,1,0,0,0.0,9,0.409,0,0.0,0,0,0,1,0.045,1,769,1445,1,easyphp,100.0,100.0,1,0,1,0,0,1,0,0,1,1,1,1,0,0,0,0,0,19,5,9,18,4,45,1
818435.txt,https://www.phew-hyuga.jp,24,www.phew-hyuga.jp,17,0,jp,100.0,0.6,0.0230451,0.033393955,2,1,0,0,0.0,10,0.417,0,0.0,0,0,0,2,0.083,1,408,1746,1,phew-hyuga,100.0,100.0,1,0,1,0,0,1,0,0,0,1,0,0,0,0,0,0,1,53,8,15,60,0,55,1
mw19071.txt,http://www.sweetartsonline.com,29,www.sweetartsonline.com,23,0,com,80.0952381,1.0,0.5229071,0.067257089,3,1,0,0,0.0,17,0.586,0,0.0,0,0,0,1,0.034,0,64,151,1,sweetartsonline,100.0,100.0,0,1,1,0,0,1,0,0,0,0,0,0,0,0,0,0,0,0,2,8,3,0,1,0
415165.txt,https://www.chairmanmills.com,28,www.chairmanmills.com,21,0,com,100.0,1.0,0.5229071,0.063063019,3,1,0,0,0.0,15,0.536,0,0.0,0,0,0,1,0.036,1,1254,836,1,chairmanmills,100.0,100.0,1,0,1,0,0,1,0,0,0,1,0,1,0,0,0,0,1,25,19,31,54,3,66,1
105744.txt,https://www.austinchamber.com,28,www.austinchamber.com,21,0,com,100.0,1.0,0.5229071,0.062297472,3,1,0,0,0.0,15,0.536,0,0.0,0,0,0,1,0.036,1,506,2792,1,austinchamber,100.0,100.0,1,1,1,1,0,1,0,2,0,1,1,0,0,1,0,0,1,17,4,6,76,0,76,1
16071.txt,https://www.winehq.org,21,www.winehq.org,14,0,org,100.0,1.0,0.0799628,0.051387531,3,1,0,0,0.0,8,0.381,0,0.0,0,0,0,1,0.048,1,315,509,1,winehq,100.0,100.0,0,0,1,0,0,1,0,0,0,0,0,0,0,0,0,0,1,16,3,4,32,0,14,1
mw4781.txt,http://www.secretbleakparticles--oguresendere.repl.co,52,www.secretbleakparticles--oguresendere.repl.co,46,0,co,34.28255023,0.564102564,0.0059772,0.062316281,2,2,0,0,0.0,37,0.712,0,0.0,0,0,0,4,0.077,0,198,869,1,seretbleakpartiles--oguresendererepl,0.0,0.0,0,0,0,0,0,0,0,0,0,0,0,0,0,0,0,0,0,0,0,0,0,0,2,0
574160.txt,https://www.airpurifierfirst.com,31,www.airpurifierfirst.com,24,0,com,100.0,1.0,0.5229071,0.058043987,3,1,0,0,0.0,18,0.581,0,0.0,0,0,0,1,0.032,1,765,10282,1,airpurifierfirst,100.0,100.0,0,1,1,0,0,1,0,4,0,1,1,1,0,0,0,0,1,24,1,14,92,1,96,1
172513.txt,https://www.honkmobile.com,25,www.honkmobile.com,18,0,com,100.0,1.0,0.5229071,0.063131834,3,1,0,0,0.0,12,0.48,0,0.0,0,0,0,1,0.04,1,1761,26344,1,honkmobile,100.0,100.0,1,1,1,0,0,1,0,3,0,1,1,1,0,1,1,0,1,18,10,22,51,0,52,1
230718.txt,https://www.waldfleisch.de,25,www.waldfleisch.de,18,0,de,100.0,1.0,0.0326503,0.046524878,2,1,0,0,0.0,12,0.48,0,0.0,0,0,0,1,0.04,1,1457,320,1,walfleisch,0.0,0.0,1,1,1,1,0,1,0,0,0,1,0,0,0,0,0,0,1,25,4,8,0,2,8,1
8134204.txt,https://fbreview1008237587872.web.app/,38,fbreview1008237587872.web.app,29,0,app,33.95957194,0.88,0.001502,0.023497734,3,1,0,0,0.0,14,0.368,13,0.342,0,0,0,3,0.079,1,13,125,1,fbreview1008237587872web,0.0,0.0,0,1,1,1,0,0,0,0,0,0,0,0,0,0,0,0,0,0,0,0,0,0,1,0
659697.txt,https://www.romwills.com,23,www.romwills.com,16,0,com,100.0,1.0,0.5229071,0.06169437,3,1,0,0,0.0,10,0.435,0,0.0,0,0,0,1,0.043,1,503,828,1,romwills,100.0,100.0,0,0,1,0,0,0,0,4,0,1,0,1,0,0,1,0,1,2,7,8,33,0,5,1
8029591.txt,https://online1-pdf.firebaseapp.com/,35,online1-pdf.firebaseapp.com,27,0,com,61.80678033,0.565217391,0.5229071,0.055536451,3,1,0,0,0.0,23,0.657,1,0.029,0,0,0,3,0.086,1,108,8125,1,online1-pdffirebaseapp,0.0,0.0,0,0,1,0,0,0,0,0,0,0,0,0,0,0,0,0,0,0,0,0,0,0,3,0
mw28845.txt,http://www.bestencouragementwords.com,36,www.bestencouragementwords.com,30,0,com,53.80232303,1.0,0.5229071,0.064119156,3,1,0,0,0.0,24,0.667,0,0.0,0,0,0,1,0.028,0,4,69,1,bestenuragementwords,0.0,0.0,0,0,0,1,0,0,0,0,0,0,0,0,0,0,0,0,0,0,0,0,1,0,0,0
7507289.txt,http://nvidia1651665403.zendesk.com/,35,nvidia1651665403.zendesk.com,28,0,com,45.18824771,0.75,0.5229071,0.034571661,3,1,0,0,0.0,16,0.457,10,0.286,0,0,0,2,0.057,0,2,118,0,0,4.166666667,4.166666667,0,0,0,0,0,0,0,0,0,0,0,0,0,0,0,0,0,0,0,0,1,0,1,0
8002484.txt,https://trdxnvk3--qtt30z.repl.co,31,trdxnvk3--qtt30z.repl.co,24,0,co,36.375,0.523809524,0.0059772,0.034113101,2,1,0,0,0.0,16,0.516,3,0.097,0,0,0,4,0.129,1,198,869,1,trdxnvk3--qtt30zrepl,0.0,0.0,0,0,0,0,0,0,0,0,0,0,0,0,0,0,0,0,0,0,0,0,0,0,2,0
mw39271.txt,http://www.mail.applesoftupdate.com,34,www.mail.applesoftupdate.com,28,0,com,50.27777778,0.8,0.5229071,0.058541285,3,2,0,0,0.0,21,0.618,0,0.0,0,0,0,2,0.059,0,2,43,0,0,0.0,0.0,0,0,0,0,0,0,0,0,0,0,0,0,0,0,0,0,0,0,0,0,0,0,0,0
40171.txt,https://www.dountsis.com,23,www.dountsis.com,16,0,com,100.0,1.0,0.5229071,0.062674479,3,1,0,0,0.0,10,0.435,0,0.0,0,0,0,1,0.043,1,595,9778,1,dountsis,100.0,100.0,1,1,1,0,0,1,0,0,0,1,1,1,0,0,1,0,0,14,9,12,74,0,78,1
582096.txt,https://www.studio-hoeked.nl,27,www.studio-hoeked.nl,20,0,nl,100.0,0.538461538,0.0082003,0.057488497,2,1,0,0,0.0,13,0.481,0,0.0,0,0,0,2,0.074,1,691,7559,1,studio-hoeked,100.0,100.0,1,1,1,0,0,1,0,4,0,1,1,0,0,1,1,1,1,56,5,19,66,1,81,1
745954.txt,https://www.newhallschool.co.uk,30,www.newhallschool.co.uk,23,0,uk,100.0,0.875,0.028555,0.059756229,2,2,0,0,0.0,16,0.533,0,0.0,0,0,0,2,0.067,1,1381,10427,1,newhallschoolco,0.0,0.0,1,1,1,0,0,1,0,0,1,1,0,1,0,0,0,0,1,39,10,21,267,0,289,1
oph07247.txt,http://kingnpl.com/contracts/contract,37,kingnpl.com,11,0,com,37.41935484,1.0,0.5229071,0.063026677,3,0,0,0,0.0,27,0.73,0,0.0,0,0,0,3,0.081,0,9,88,1,kingnplcontractscontract,0.0,100.0,0,0,0,0,0,0,0,0,0,0,0,0,0,0,0,0,0,0,0,0,1,0,1,0
81005.txt,https://www.epiphan.com,22,www.epiphan.com,15,0,com,100.0,1.0,0.5229071,0.060097491,3,1,0,0,0.0,9,0.409,0,0.0,0,0,0,1,0.045,1,2132,10527,1,epiphan,100.0,100.0,0,1,1,0,0,1,1,3,0,1,1,1,0,0,1,0,1,55,17,63,129,3,137,1
627943.txt,https://www.novasilver.co.uk,27,www.novasilver.co.uk,20,0,uk,100.0,0.846153846,0.028555,0.060293188,2,2,0,0,0.0,13,0.481,0,0.0,0,0,0,2,0.074,1,1589,1393,1,novasilverco,0.0,0.0,0,1,0,1,0,0,0,0,0,1,1,1,0,0,1,0,0,45,6,27,16,0,17,1
483776.txt,https://www.uinp.gov.ua,22,www.uinp.gov.ua,15,0,ua,100.0,0.625,0.0023239,0.043887246,2,2,0,0,0.0,8,0.364,0,0.0,0,0,0,2,0.091,1,1412,788,1,inpgov,0.0,0.0,1,1,1,0,0,1,0,0,0,1,1,0,0,0,0,0,0,29,4,4,149,0,154,1
mw55844.txt,http://www.omwowxisq.cf,22,www.omwowxisq.cf,16,0,cf,51.4957265,1.0,0.0001858,0.048514893,2,1,0,0,0.0,10,0.455,0,0.0,0,0,0,1,0.045,0,20,210,1,omwowxisq,100.0,100.0,0,0,0,1,1,0,0,0,0,0,0,0,0,0,0,0,0,0,0,0,0,0,0,0
8029602.txt,https://monespacedigital2023.web.app/,36,monespacedigital2023.web.app,28,0,app,49.43701619,0.875,0.001502,0.048528449,3,1,0,0,0.0,22,0.611,4,0.111,0,0,0,2,0.056,1,108,8125,1,monespacedigital2023web,0.0,0.0,0,0,1,0,0,0,0,0,0,0,0,0,0,0,0,0,0,0,0,0,0,0,3,0
233533.txt,https://www.digibete.org,23,www.digibete.org,16,0,org,100.0,1.0,0.0799628,0.060638128,3,1,0,0,0.0,10,0.435,0,0.0,0,0,0,1,0.043,1,781,9948,1,digibete,100.0,100.0,1,1,1,1,0,1,0,0,0,1,0,0,0,0,0,0,1,30,7,19,120,0,55,1
440924.txt,https://www.laurinburgexchange.com,33,www.laurinburgexchange.com,26,0,com,100.0,1.0,0.5229071,0.055310142,3,1,0,0,0.0,20,0.606,0,0.0,0,0,0,1,0.03,1,9873,6843,1,laurinburgexchange,100.0,100.0,1,0,1,0,0,0,0,4,0,1,1,1,0,1,1,0,1,159,19,24,276,8,314,1
8130622.txt,https://stackwholer.cf/td/excel,31,stackwholer.cf,14,0,cf,51.22222222,1.0,0.0001858,0.05419311,2,0,0,0,0.0,20,0.645,0,0.0,0,0,0,3,0.097,1,9,82,1,stackwholertdexcel,0.0,100.0,0,0,0,0,0,0,0,0,0,0,0,0,0,0,0,0,0,0,0,0,1,0,1,0
mw30619.txt,http://www.notification-accountservice.com,41,www.notification-accountservice.com,35,0,com,52.79656608,0.555555556,0.5229071,0.067215712,3,1,0,0,0.0,28,0.683,0,0.0,0,0,0,2,0.049,0,2,50,0,0,0.0,0.0,0,0,0,0,0,0,0,0,0,0,0,0,0,0,0,0,0,0,0,0,0,0,0,0
8035280.txt,http://istruzioni-visurautente.com/,34,istruzioni-visurautente.com,27,0,com,46.17518827,0.565217391,0.5229071,0.059208314,3,0,0,0,0.0,25,0.735,0,0.0,0,0,0,2,0.059,0,15,155,1,istruzioni-visurautente,100.0,100.0,0,0,1,0,0,0,0,0,0,0,0,0,0,0,0,0,0,0,0,0,0,0,0,0
704487.txt,https://www.visitoakpark.com,27,www.visitoakpark.com,20,0,com,100.0,1.0,0.5229071,0.057700081,3,1,0,0,0.0,14,0.519,0,0.0,0,0,0,1,0.037,1,2806,1476,1,visitoakpark,100.0,100.0,1,0,1,0,0,1,0,3,0,1,0,1,0,0,0,0,1,112,18,15,109,0,147,1
386663.txt,https://www.artm.pref.hyogo.jp,29,www.artm.pref.hyogo.jp,22,0,jp,100.0,0.4,0.0230451,0.051990313,2,3,0,0,0.0,14,0.483,0,0.0,0,0,0,3,0.103,1,1902,4131,1,artmprefhyogo,0.0,0.0,1,0,1,0,0,1,2,1,0,1,1,0,0,0,0,0,1,77,5,20,191,6,127,1
7989035.txt,https://lidofinance.network/,27,lidofinance.network,19,0,network,63.6565097,1.0,0.0002818,0.059403772,7,0,0,0,0.0,18,0.667,0,0.0,0,0,0,1,0.037,1,15,155,1,lidofinance,100.0,100.0,0,0,1,0,0,0,0,0,0,0,0,0,0,0,0,0,0,0,0,0,0,0,0,0
8055158.txt,https://ib14.pontosbradsco.co/html/classico/index.shtm/,55,ib14.pontosbradsco.co,21,0,co,22.22981941,0.888888889,0.0059772,0.056519678,2,1,0,0,0.0,38,0.691,2,0.036,0,0,0,7,0.127,1,2,63,0,0,0.0,0.0,0,0,0,0,0,0,0,0,0,0,0,0,0,0,0,0,0,0,0,0,0,0,0,0
518262.txt,https://www.michaeldoret.com,27,www.michaeldoret.com,20,0,com,100.0,1.0,0.5229071,0.067859894,3,1,0,0,0.0,14,0.519,0,0.0,0,0,0,1,0.037,1,642,14518,1,michaeldoret,100.0,100.0,1,0,1,0,0,1,0,0,0,1,0,0,0,0,1,0,1,10,4,15,15,0,22,1
oph11171.txt,https://organisasi.bulungan.go.id/public/royjbnsdwjxqqvnww4lcjctg2ky23spn,73,organisasi.bulungan.go.id,25,0,id,20.44898691,0.5,0.0014653,0.04005159,2,2,0,0,0.0,56,0.767,4,0.055,0,0,0,5,0.068,1,13,119,1,organisasibulungangopublicroyjbnsdwjxqqvnww4lcjctg2ky23spn,0.0,0.0,0,0,0,1,1,0,0,0,0,0,0,0,0,0,0,0,0,0,0,0,1,0,1,0
882571.txt,https://www.concert-vienna.info,30,www.concert-vienna.info,23,0,info,100.0,0.571428571,0.0075051,0.063019994,4,1,0,0,0.0,16,0.533,0,0.0,0,0,0,2,0.067,1,845,16637,1,concert-vienna,100.0,100.0,1,0,1,0,0,1,0,1,0,1,1,1,0,0,0,0,0,5,3,3,29,0,42,1
108954.txt,https://www.emma.de,18,www.emma.de,11,0,de,100.0,1.0,0.0326503,0.064930437,2,1,0,0,0.0,5,0.278,0,0.0,0,0,0,1,0.056,1,1511,1906,1,emma,100.0,100.0,1,0,1,0,0,1,0,4,0,1,1,1,0,0,0,0,0,194,8,14,113,0,101,1
7988644.txt,https://att-mail5678.boxmode.io/,31,att-mail5678.boxmode.io,23,0,io,38.78386894,0.6,0.0129268,0.051113018,2,1,0,0,0.0,16,0.516,4,0.129,0,0,0,3,0.097,1,53,197,1,att-mail5678boxmode,0.0,0.0,1,0,1,0,0,1,0,0,0,0,0,0,0,0,0,0,0,15,1,0,0,0,24,0
816345.txt,https://www.andamanchronicle.net,31,www.andamanchronicle.net,24,0,net,100.0,1.0,0.0384199,0.065884939,3,1,0,0,0.0,18,0.581,0,0.0,0,0,0,1,0.032,1,840,766,1,andamanchronicle,100.0,100.0,0,0,1,0,0,1,0,0,0,0,0,1,0,1,0,0,1,3,3,11,58,0,4,1
764258.txt,https://www.zambezia.gov.mz,26,www.zambezia.gov.mz,19,0,mz,100.0,0.75,3.55e-05,0.051124046,2,2,0,0,0.0,12,0.462,0,0.0,0,0,0,2,0.077,1,1261,714,1,zabeziagov,0.0,0.0,1,0,1,1,1,1,0,0,0,1,1,0,0,0,0,0,1,12,3,7,124,20,14,1
36036.txt,https://www.bergerac.fr,22,www.bergerac.fr,15,0,fr,100.0,1.0,0.0141483,0.058160239,2,1,0,0,0.0,9,0.409,0,0.0,0,0,0,1,0.045,1,4367,61078,1,bergerac,100.0,100.0,0,1,1,0,0,1,0,0,0,1,1,1,0,0,1,0,1,71,32,51,210,3,220,1
8018949.txt,https://owarstmp000001.web.app/,30,owarstmp000001.web.app,22,0,app,44.05318002,0.833333333,0.001502,0.035959071,3,1,0,0,0.0,14,0.467,6,0.2,0,0,0,2,0.067,1,108,8125,1,owarstmp000001web,0.0,0.0,0,0,1,0,0,0,0,0,0,0,0,0,0,0,0,0,0,0,0,0,0,0,3,0
392048.txt,https://www.meijikinenkan.gr.jp,30,www.meijikinenkan.gr.jp,23,0,jp,100.0,0.875,0.0230451,0.051158941,2,2,0,0,0.0,16,0.533,0,0.0,0,0,0,2,0.067,1,811,422,1,meiikinenkangr,0.0,0.0,1,0,1,0,0,1,1,2,0,1,0,0,0,0,0,0,1,46,8,18,229,1,33,1
867341.txt,https://www.charlestownmd.org,28,www.charlestownmd.org,21,0,org,100.0,1.0,0.0799628,0.060704606,3,1,0,0,0.0,15,0.536,0,0.0,0,0,0,1,0.036,1,1599,18488,1,charlestownmd,100.0,100.0,0,0,0,0,0,0,0,1,0,1,1,1,0,0,1,0,1,50,25,2,169,0,202,1
mw163841.txt,http://www.adcash.com,20,www.adcash.com,14,0,com,91.63636364,1.0,0.5229071,0.065084049,3,1,0,0,0.0,8,0.4,0,0.0,0,0,0,1,0.05,0,2,30,0,0,0.0,0.0,0,0,0,0,0,0,0,0,0,0,0,0,0,0,0,0,0,0,0,0,0,0,0,0
448508.txt,https://www.nurseriesonline.com.au,33,www.nurseriesonline.com.au,26,0,au,100.0,0.842105263,0.0100856,0.06836381,2,2,0,0,0.0,19,0.576,0,0.0,0,0,0,2,0.061,1,401,6817,1,nurseriesonlinecom,0.0,0.0,1,1,1,0,0,1,1,0,0,1,0,1,0,0,0,0,1,17,2,15,101,0,101,1
447149.txt,https://www.emichigancity.com,28,www.emichigancity.com,21,0,com,100.0,1.0,0.5229071,0.061450248,3,1,0,0,0.0,15,0.536,0,0.0,0,0,0,1,0.036,1,2846,6929,1,emichigancity,100.0,100.0,1,0,1,1,0,1,1,0,0,1,0,1,0,0,1,0,1,1,17,17,78,2,11,1
8049499.txt,https://dev-bbbiiinnnlinea.pantheonsite.io/index.php,52,dev-bbbiiinnnlinea.pantheonsite.io,34,0,io,47.94077135,0.483870968,0.0129268,0.054767159,2,1,0,0,0.0,39,0.75,0,0.0,0,0,0,5,0.096,1,141,161,1,dev-bbbiiinnnlineapantheonsiteindexphp,0.0,0.0,0,0,0,0,0,0,0,0,0,0,0,0,0,0,0,0,0,4,0,0,0,0,3,0
96957.txt,https://www.embecosm.com,23,www.embecosm.com,16,0,com,100.0,1.0,0.5229071,0.073136445,3,1,0,0,0.0,10,0.435,0,0.0,0,0,0,1,0.043,1,533,2840,1,embesm,0.0,0.0,1,0,1,0,0,0,0,1,0,1,1,1,0,0,0,0,1,17,8,14,63,0,59,1
8052226.txt,https://divine-lake-7688.on.fleek.co/,37,divine-lake-7688.on.fleek.co,28,0,co,52.54222379,0.44,0.0059772,0.04936677,2,2,0,0,0.0,19,0.514,4,0.108,0,0,0,6,0.162,1,372,347,0,0,0.0,0.0,0,0,1,1,0,0,0,0,0,0,1,0,0,0,0,0,0,2,9,7,0,0,0,0
mw77437.txt,http://www.esmemariang.com,25,www.esmemariang.com,19,0,com,64.3537415,1.0,0.5229071,0.069814976,3,1,0,0,0.0,13,0.52,0,0.0,0,0,0,1,0.04,0,2,34,0,0,0.0,0.0,0,0,0,0,0,0,0,0,0,0,0,0,0,0,0,0,0,0,0,0,0,0,0,0
443528.txt,https://www.videoproc.com,24,www.videoproc.com,17,0,com,100.0,1.0,0.5229071,0.066705176,3,1,0,0,0.0,11,0.458,0,0.0,0,0,0,1,0.042,1,955,566,1,videoproc,100.0,100.0,0,0,1,1,1,1,0,0,0,1,0,0,0,0,0,0,1,103,6,12,114,5,26,1
620933.txt,https://www.themommyscoach.com,29,www.themommyscoach.com,22,0,com,100.0,1.0,0.5229071,0.065860295,3,1,0,0,0.0,16,0.552,0,0.0,0,0,0,1,0.034,1,1955,9381,1,themommysach,0.0,0.0,0,1,1,0,0,1,0,1,0,1,1,0,0,0,0,0,1,50,16,14,190,0,197,1
440614.txt,https://www.priceless.com,24,www.priceless.com,17,0,com,100.0,1.0,0.5229071,0.066506216,3,1,0,0,0.0,11,0.458,0,0.0,0,0,0,1,0.042,1,17258,154453,1,priceless,100.0,100.0,1,0,1,1,0,1,0,53,0,1,1,1,1,1,1,0,1,144,187,349,54,8,15,1
mw208960.txt,http://www.xiaojiaoup.cn,24,www.xiaojiaoup.cn,17,0,cn,62.55283178,1.0,0.0033218,0.057578036,2,1,0,0,0.0,12,0.5,0,0.0,0,0,0,1,0.042,0,41,112,1,xiaojiaoup,100.0,100.0,0,0,0,0,0,0,0,0,0,0,0,0,0,0,0,0,0,0,0,0,0,0,0,0
156075.txt,https://www.hnonline.sk,22,www.hnonline.sk,15,0,sk,100.0,1.0,0.0009815,0.061138849,2,1,0,0,0.0,9,0.409,0,0.0,0,0,0,1,0.045,1,4581,4979,1,hnonline,100.0,100.0,1,0,1,0,0,1,1,4,0,1,1,0,0,1,0,0,1,332,2,38,233,1,173,1
177850.txt,https://www.mynspr.org,21,www.mynspr.org,14,0,org,100.0,1.0,0.0799628,0.055003799,3,1,0,0,0.0,8,0.381,0,0.0,0,0,0,1,0.048,1,5203,9116,1,mynspr,100.0,100.0,1,0,1,0,0,0,0,2,0,1,0,0,0,0,0,0,1,129,1,7,222,0,241,1
851383.txt,https://www.iul.ac.in,20,www.iul.ac.in,13,0,in,100.0,0.666666667,0.0050842,0.059272733,2,2,0,0,0.0,6,0.3,0,0.0,0,0,0,2,0.1,1,2201,19589,1,ulac,0.0,0.0,0,1,0,0,0,0,0,5,0,1,0,1,0,0,1,0,1,79,11,23,0,7,89,1
mw145215.txt,http://www.economizesa.com.br,28,www.economizesa.com.br,22,0,br,83.75568551,0.8,0.0094423,0.069402114,2,2,0,0,0.0,15,0.536,0,0.0,0,0,0,2,0.071,0,9,81,1,economizesacom,0.0,0.0,0,0,0,0,0,0,0,0,0,0,0,0,0,0,0,0,0,0,0,0,1,0,1,0
8097899.txt,https://currently-at-t.formaloo.net/etoz6,41,currently-at-t.formaloo.net,27,0,net,40.65791606,0.434782609,0.0384199,0.060859113,3,1,0,0,0.0,27,0.659,1,0.024,0,0,0,5,0.122,1,103,83,1,currently-at-tformalooetoz6,0.0,0.0,0,0,0,0,0,0,0,0,0,0,0,0,0,0,0,0,0,6,1,1,0,0,7,0
118592.txt,https://www.spiceandtea.com,26,www.spiceandtea.com,19,0,com,100.0,1.0,0.5229071,0.067445379,3,1,0,0,0.0,13,0.5,0,0.0,0,0,0,1,0.038,1,2826,36376,1,spiceandtea,100.0,100.0,1,1,1,1,1,1,0,2,1,1,1,1,1,0,1,1,1,85,21,18,156,0,81,1
8032426.txt,https://solcastinka.firebaseapp.com/,35,solcastinka.firebaseapp.com,27,0,com,67.10942998,0.52173913,0.5229071,0.061270764,3,1,0,0,0.0,25,0.714,0,0.0,0,0,0,2,0.057,1,17,47,1,solcastinkafirebaseapp,0.0,0.0,0,0,0,1,0,0,0,0,0,0,0,0,0,0,0,0,0,0,0,0,0,0,1,0
oph07415.txt,http://paypal-support.com.desenvolvedortheosbank.com.br/billing.php?cmd=_account-details&session=0f623aa1ccb5ef2c6a69542f839cba0d&dispatch=d2a1561bf830b742de2be6a691b3a5b8b299ce57,179,paypal-support.com.desenvolvedortheosbank.com.br,48,0,br,10.57343917,0.511111111,0.0094423,0.040992517,2,3,0,0,0.0,116,0.648,41,0.229,3,1,0,11,0.084,0,418,36407,1,paypal-supportcomdesenvolvedortheosbankcombillingphp?cmd=_account-details&session=0f623aa1ccb5ef2c6a69542f839cba0d&dispatch=d2a1561bf830b742de2be6a691b3a5b8b299ce57,0.0,0.0,1,0,1,0,0,0,0,1,0,0,1,1,0,1,1,0,0,3,4,2,0,0,2,0
oph14758.txt,http://chassidutfoundation.org/bpd/popularenlinea/home.html,59,chassidutfoundation.org,23,0,org,35.25734063,1.0,0.0799628,0.056393268,3,0,0,0,0.0,47,0.797,0,0.0,0,0,0,5,0.085,0,61,165,1,chassidutfoundationbpdpopularenlineahomehtml,0.0,0.0,0,0,1,0,0,0,0,0,0,0,1,0,1,0,0,0,0,0,10,0,0,4,0,0
8110892.txt,http://othobabd.com/wallet/,27,othobabd.com,12,0,com,49.14127424,1.0,0.5229071,0.058859675,3,0,0,0,0.0,17,0.63,0,0.0,0,0,0,3,0.111,0,9,95,1,othobabdwallet,0.0,100.0,0,0,0,0,0,0,0,0,0,0,0,0,0,1,0,0,0,0,0,0,1,0,1,0
540486.txt,https://www.southpointfinancial.com,34,www.southpointfinancial.com,27,0,com,100.0,1.0,0.5229071,0.061067095,3,1,0,0,0.0,21,0.618,0,0.0,0,0,0,1,0.029,1,1589,9381,1,southpointfinancial,100.0,100.0,0,1,1,0,0,1,0,2,0,1,1,1,1,1,1,0,1,11,5,15,132,9,144,1
8110924.txt,https://8vs.co/netrsbank,24,8vs.co,6,0,co,33.50183824,1.0,0.0059772,0.052876563,2,0,0,0,0.0,13,0.542,1,0.042,0,0,0,2,0.083,1,9,42,1,8vsnetrsbank,0.0,100.0,0,0,0,0,0,0,0,0,0,0,0,0,0,1,0,0,0,0,0,0,0,0,0,0
846830.txt,https://www.fotlinc.com,22,www.fotlinc.com,15,0,com,100.0,1.0,0.5229071,0.064883849,3,1,0,0,0.0,9,0.409,0,0.0,0,0,0,1,0.045,1,553,9381,1,fotlinc,100.0,100.0,1,1,1,0,0,1,0,2,1,0,1,0,0,0,0,0,1,7,2,6,49,9,50,1
831600.txt,https://www.greatlakelighthouse.com,34,www.greatlakelighthouse.com,27,0,com,100.0,1.0,0.5229071,0.058958858,3,1,0,0,0.0,21,0.618,0,0.0,0,0,0,1,0.029,1,282,353,1,greatlakelighthouse,100.0,100.0,0,1,0,0,0,1,0,0,0,1,0,0,0,0,0,0,1,6,1,0,1,0,6,1
466450.txt,https://www.doping.nl,20,www.doping.nl,13,0,nl,100.0,1.0,0.0082003,0.0520238,2,1,0,0,0.0,7,0.35,0,0.0,0,0,0,1,0.05,1,3233,977,1,dopig,0.0,0.0,0,0,0,0,0,0,0,1,0,0,1,0,0,0,0,0,1,1,4,8,43,0,2,1
512836.txt,https://www.augustiner-braeu.de,30,www.augustiner-braeu.de,23,0,de,100.0,0.6875,0.0326503,0.054665378,2,1,0,0,0.0,16,0.533,0,0.0,0,0,0,2,0.067,1,301,1152,1,augustiner-braeu,100.0,100.0,0,0,1,1,0,1,0,1,0,0,0,0,0,0,0,0,1,34,3,10,0,2,2,1
221171.txt,https://www.xinfin.network,25,www.xinfin.network,18,0,network,100.0,1.0,0.0002818,0.053138874,7,1,0,0,0.0,12,0.48,0,0.0,0,0,0,1,0.04,1,203,184,1,xinfin,100.0,100.0,1,0,1,0,0,0,0,8,0,0,0,0,0,1,1,0,0,15,6,4,0,1,10,1
764296.txt,https://www.kone.nl,18,www.kone.nl,11,0,nl,100.0,1.0,0.0082003,0.064610447,2,1,0,0,0.0,5,0.278,0,0.0,0,0,0,1,0.056,1,1730,468,1,koe,0.0,0.0,0,1,1,0,0,1,0,0,0,1,1,1,0,1,0,0,0,26,7,4,148,4,41,1
155113.txt,https://www.creativenz.govt.nz,29,www.creativenz.govt.nz,22,0,nz,100.0,0.733333333,0.0019933,0.056097603,2,2,0,0,0.0,15,0.517,0,0.0,0,0,0,2,0.069,1,1829,856,1,creativezgovt,0.0,0.0,0,0,1,0,0,0,0,0,0,1,1,0,0,0,0,0,1,15,1,4,161,0,13,1
oph03807.txt,http://cl.letter.goo.ne.jp/c/agcei1vhmqadzd3t,45,cl.letter.goo.ne.jp,19,0,jp,32.26791676,0.4375,0.0230451,0.051001517,2,3,0,0,0.0,30,0.667,2,0.044,0,0,0,6,0.133,0,9,180,1,cllettergoonecagcei1vhmqadzd3t,0.0,0.0,0,0,0,0,0,0,0,0,0,0,0,0,0,0,0,0,0,0,0,0,0,0,1,0
91212.txt,https://www.afw.com,18,www.afw.com,11,0,com,100.0,1.0,0.5229071,0.056473038,3,1,0,0,0.0,5,0.278,0,0.0,0,0,0,1,0.056,1,2658,1472,1,afw,100.0,100.0,1,0,1,1,0,1,0,1,0,1,1,1,0,0,0,1,1,63,18,44,419,0,28,1
127926.txt,https://www.grc.org,18,www.grc.org,11,0,org,100.0,1.0,0.0799628,0.065533101,3,1,0,0,0.0,5,0.278,0,0.0,0,0,0,1,0.056,1,1528,14497,1,grc,100.0,100.0,1,0,1,0,0,0,0,0,0,1,1,1,0,0,0,0,1,31,2,6,133,1,14,1
mw31382.txt,http://www.redu.clan.su,22,www.redu.clan.su,16,0,su,81.62393162,0.555555556,0.000402,0.058229796,2,2,0,0,0.0,9,0.409,0,0.0,0,0,0,2,0.091,0,135,163,1,reduclan,0.0,0.0,1,0,1,0,0,0,5,0,0,1,1,1,0,0,0,0,0,0,3,3,3,0,10,0
797473.txt,https://www.rudikershaw.com,26,www.rudikershaw.com,19,0,com,100.0,1.0,0.5229071,0.054005893,3,1,0,0,0.0,13,0.5,0,0.0,0,0,0,1,0.038,1,236,293,1,rudikershaw,100.0,100.0,0,0,1,0,0,1,0,0,0,0,0,0,0,0,0,0,0,24,2,1,5,0,7,1
256730.txt,https://www.buddee.ph,20,www.buddee.ph,13,0,ph,100.0,1.0,0.0004928,0.045572744,2,1,0,0,0.0,7,0.35,0,0.0,0,0,0,1,0.05,1,329,501,1,buddee,100.0,100.0,1,0,1,0,0,0,0,0,0,1,0,0,0,0,1,0,0,34,4,6,6,3,18,1
58353.txt,https://www.partypoker.com,25,www.partypoker.com,18,0,com,100.0,1.0,0.5229071,0.058948998,3,1,0,0,0.0,12,0.48,0,0.0,0,0,0,1,0.04,1,1208,2186,1,partypoker,100.0,100.0,0,0,1,1,0,1,0,2,0,0,0,0,0,0,1,0,0,13,1,6,4,0,9,1
827392.txt,https://www.aidanjryan.com,25,www.aidanjryan.com,18,0,com,100.0,1.0,0.5229071,0.059140809,3,1,0,0,0.0,12,0.48,0,0.0,0,0,0,1,0.04,1,212,879,1,aidanjryan,100.0,100.0,1,0,1,0,0,1,0,0,0,1,0,0,0,0,0,0,0,6,1,3,11,0,9,1
248286.txt,https://www.prestonhotel.com.au,30,www.prestonhotel.com.au,23,0,au,100.0,0.8125,0.0100856,0.06746136,2,2,0,0,0.0,16,0.533,0,0.0,0,0,0,2,0.067,1,1112,8047,1,prestonhotelcom,0.0,0.0,1,1,1,0,0,0,0,2,0,1,0,1,0,0,0,0,1,30,1,20,42,7,54,1
222000.txt,https://www.eswd.eu,18,www.eswd.eu,11,0,eu,100.0,1.0,0.0056158,0.055146429,2,1,0,0,0.0,5,0.278,0,0.0,0,0,0,1,0.056,1,1300,2273,1,swd,75.0,75.0,0,0,0,0,0,1,0,0,0,1,1,1,1,0,0,0,0,39,2,9,4,0,35,1
67447.txt,https://www.univ-rouen.fr,24,www.univ-rouen.fr,17,0,fr,100.0,0.6,0.0141483,0.052185872,2,1,0,0,0.0,10,0.417,0,0.0,0,0,0,2,0.083,1,2773,4548,1,univ-rouen,100.0,100.0,1,1,1,0,0,1,0,0,0,1,1,0,0,0,0,0,0,66,5,8,174,7,178,1
8039759.txt,https://fb-business-appeal-2ec8a.firebaseapp.com/,49,fb-business-appeal-2ec8a.firebaseapp.com,40,0,com,44.32317073,0.361111111,0.5229071,0.054546984,3,1,0,0,0.0,33,0.673,2,0.041,0,0,0,6,0.122,1,59,78,1,fb-business-appeal-2ec8afirebaseapp,0.0,0.0,1,0,0,0,0,1,0,0,0,0,0,0,0,0,0,0,0,2,0,3,1,0,0,0
7969923.txt,https://www.ekni-nct.ekint.kljmlm.top/load.php,45,www.ekni-nct.ekint.kljmlm.top,29,0,top,26.97973307,0.333333333,0.0002752,0.052304819,3,3,0,0,0.0,27,0.6,0,0.0,0,0,0,6,0.133,1,9,54,1,ekni-nctekintkljmlmloadph,0.0,0.0,0,0,0,0,0,0,0,0,0,0,0,0,0,0,0,0,0,0,0,0,0,0,0,0
610160.txt,https://www.gutschverlag.de,26,www.gutschverlag.de,19,0,de,100.0,1.0,0.0326503,0.047139339,2,1,0,0,0.0,13,0.5,0,0.0,0,0,0,1,0.038,1,1330,2385,1,gutschverlag,100.0,100.0,1,0,1,0,0,1,1,0,1,1,1,1,0,0,0,0,0,54,10,32,118,2,119,1
836231.txt,https://www.capitolmusicgroup.com,32,www.capitolmusicgroup.com,25,0,com,100.0,1.0,0.5229071,0.060682846,3,1,0,0,0.0,19,0.594,0,0.0,0,0,0,1,0.031,1,154,703,1,capitolmusicgroup,100.0,100.0,0,0,1,0,0,1,0,0,0,1,0,0,0,0,0,0,0,31,3,8,21,0,22,1
mw178742.txt,http://www.am859.com,20,www.am859.com,13,0,com,88.88888889,1.0,0.5229071,0.047800464,3,1,0,0,0.0,5,0.25,3,0.15,0,0,0,1,0.05,0,2,438,0,0,0.0,0.0,0,0,0,0,0,0,0,0,0,0,0,0,0,0,0,0,0,0,0,0,0,0,1,0
383592.txt,https://www.halohomebuyers.com,29,www.halohomebuyers.com,22,0,com,100.0,1.0,0.5229071,0.061175287,3,1,0,0,0.0,16,0.552,0,0.0,0,0,0,1,0.034,1,1662,6349,1,halohomebuyers,100.0,100.0,0,0,1,0,0,1,0,11,0,1,1,1,0,1,1,0,1,47,2,10,33,0,58,1
8114057.txt,https://lingering-darkness-c0cc.u84799i09929.workers.dev/,57,lingering-darkness-c0cc.u84799i09929.workers.dev,48,0,dev,25.60232426,0.340909091,0.0009613,0.041744384,3,2,0,0,0.0,32,0.561,11,0.193,0,0,0,6,0.105,1,90,394,1,lingering-darkness-c0ccu84799i09929workers,0.0,0.0,0,1,1,0,0,0,0,0,0,0,1,1,0,0,0,0,0,0,2,0,2,0,2,0
710057.txt,https://www.stoned-records.com,29,www.stoned-records.com,22,0,com,100.0,0.571428571,0.5229071,0.069350192,3,1,0,0,0.0,15,0.517,0,0.0,0,0,0,2,0.069,1,1351,714,1,stoned-rerds,0.0,0.0,1,0,1,0,0,1,0,6,0,1,1,1,0,0,0,0,1,68,11,23,118,5,38,1
124152.txt,https://www.leifshop.com,23,www.leifshop.com,16,0,com,100.0,1.0,0.5229071,0.059245521,3,1,0,0,0.0,10,0.435,0,0.0,0,0,0,1,0.043,1,2176,2673,1,leifshop,100.0,100.0,1,0,1,0,0,1,0,21,0,0,1,0,1,1,1,0,1,10,11,38,130,11,11,1
143232.txt,https://www.prospectsplus.com,28,www.prospectsplus.com,21,0,com,100.0,1.0,0.5229071,0.058239616,3,1,0,0,0.0,15,0.536,0,0.0,0,0,0,1,0.036,1,2139,4755,1,prospectsplus,100.0,100.0,1,0,1,1,0,0,5,7,0,1,0,1,0,0,1,0,1,53,11,5,160,7,29,1
3767.txt,https://www.pietrovalente.com,28,www.pietrovalente.com,21,0,com,100.0,1.0,0.5229071,0.066637802,3,1,0,0,0.0,15,0.536,0,0.0,0,0,0,1,0.036,1,585,1724,1,pietrovalente,100.0,100.0,0,1,1,0,0,1,0,2,0,1,1,0,0,0,0,0,1,6,22,26,51,0,54,1
483863.txt,https://www.chefs-resources.com,30,www.chefs-resources.com,23,0,com,100.0,0.666666667,0.5229071,0.065836272,3,1,0,0,0.0,16,0.533,0,0.0,0,0,0,2,0.067,1,881,4232,1,chefs-resources,100.0,100.0,1,1,1,0,0,1,0,3,0,1,1,0,0,0,1,0,1,18,14,32,152,16,143,1
689898.txt,https://www.rimingtontrophy.com,30,www.rimingtontrophy.com,23,0,com,100.0,1.0,0.5229071,0.059313586,3,1,0,0,0.0,17,0.567,0,0.0,0,0,0,1,0.033,1,847,623,1,rimingtontrophy,100.0,100.0,1,0,1,0,0,0,0,0,0,1,1,1,0,0,0,0,1,35,10,7,76,0,39,1
8082813.txt,https://sfr-desactivation-sim.com/verification/login.php,56,sfr-desactivation-sim.com,25,0,com,29.47845805,0.666666667,0.5229071,0.058889493,3,0,0,0,0.0,42,0.75,0,0.0,0,0,0,6,0.107,1,2,64,0,0,0.0,0.0,0,0,0,0,0,0,0,0,0,0,0,0,0,0,0,0,0,0,0,0,0,0,0,0
7907446.txt,https://onedrivelseeattachfile.firebaseapp.com/,46,onedrivelseeattachfile.firebaseapp.com,38,0,com,49.27196534,0.676470588,0.5229071,0.061412769,3,1,0,0,0.0,36,0.783,0,0.0,0,0,0,2,0.043,1,2,615,1,onedrivelseeattachfilefirebaseapp,0.0,0.0,1,0,1,0,0,0,0,0,0,0,0,0,0,0,0,0,0,1,1,1,1,0,0,0
620944.txt,https://www.thequickweb.com,26,www.thequickweb.com,19,0,com,100.0,1.0,0.5229071,0.050178342,3,1,0,0,0.0,13,0.5,0,0.0,0,0,0,1,0.038,1,1501,19088,1,thequickweb,100.0,100.0,0,1,1,0,0,1,0,1,0,1,1,1,0,0,0,0,1,30,24,40,72,2,76,1
605663.txt,https://www.sscapess.com,23,www.sscapess.com,16,0,com,100.0,1.0,0.5229071,0.066652353,3,1,0,0,0.0,10,0.435,0,0.0,0,0,0,1,0.043,1,1722,16958,1,sscapess,100.0,100.0,1,1,0,0,0,0,0,0,0,0,0,1,0,0,1,0,1,46,1,15,11,0,10,1
410820.txt,https://www.amataraphuket.com,28,www.amataraphuket.com,21,0,com,100.0,1.0,0.5229071,0.061427043,3,1,0,0,0.0,15,0.536,0,0.0,0,0,0,1,0.036,1,1625,8047,1,amataraphuket,100.0,100.0,1,1,1,0,0,1,0,1,0,1,1,1,0,0,0,0,0,72,29,34,0,0,134,1
7961836.txt,https://securbancatlan.atantida.repl.co/index1m.html,51,securbancatlan.atantida.repl.co,31,0,co,30.01147842,0.535714286,0.0059772,0.058273139,2,2,0,0,0.0,37,0.725,1,0.02,0,0,0,5,0.098,1,198,869,1,securbancatlanatantidareplindex1mhtm,0.0,0.0,0,0,0,0,0,0,0,0,0,0,0,0,0,0,0,0,0,0,0,0,0,0,2,0
8030444.txt,https://a593e54b-75b0-43d4-a2c6-66be014a8ffe.id.repl.co,54,a593e54b-75b0-43d4-a2c6-66be014a8ffe.id.repl.co,47,0,co,30.78883798,0.181818182,0.0059772,0.028723798,2,2,0,0,0.0,20,0.37,19,0.352,0,0,0,7,0.13,1,198,869,1,a593e54b-75b0-43d4-a26-66be014a8ffeidrepl,0.0,0.0,0,0,0,0,0,0,0,0,0,0,0,0,0,0,0,0,0,0,0,0,0,0,2,0
mw29999.txt,http://www.f0589500.xsph.ru,26,www.f0589500.xsph.ru,20,0,ru,55.28492647,0.923076923,0.0180132,0.01482635,2,2,0,0,0.0,6,0.231,7,0.269,0,0,0,2,0.077,0,9,44,1,f0589500xsph,0.0,0.0,0,0,0,0,0,0,0,0,0,0,0,0,0,0,0,0,0,0,0,0,0,0,0,0
7957547.txt,https://www.itecad.com/es/appeal/,32,www.itecad.com,14,0,com,47.16666667,1.0,0.5229071,0.065872787,3,1,0,0,0.0,17,0.531,0,0.0,0,0,0,3,0.094,1,2,41,0,0,0.0,0.0,0,0,0,0,0,0,0,0,0,0,0,0,0,0,0,0,0,0,0,0,0,0,0,0
oph01859.txt,https://dutsh-helppackage.ecranul.ro/public/50ie89pm7adynqmsfgur9xgm7ednyuoe,75,dutsh-helppackage.ecranul.ro,28,0,ro,15.01303846,0.48,0.001523,0.044137215,2,1,0,0,0.0,55,0.733,7,0.093,0,0,0,5,0.067,1,13,125,1,dutsh-helppackageecranulpublic50ie89pm7adynqmsfgur9xgm7ednyuo,0.0,0.0,0,0,0,1,1,0,0,0,0,0,0,0,0,0,0,0,0,0,0,0,1,0,1,0
152221.txt,https://www.paris-arc-de-triomphe.fr,35,www.paris-arc-de-triomphe.fr,28,0,fr,100.0,0.428571429,0.0141483,0.059012951,2,1,0,0,0.0,19,0.543,0,0.0,0,0,0,4,0.114,1,1799,3156,1,paris-arc-de-triomphe,100.0,100.0,0,0,1,0,0,0,0,3,0,1,1,0,0,0,0,0,1,30,2,10,34,5,53,1
850029.txt,https://www.eponymousreview.com,30,www.eponymousreview.com,23,0,com,100.0,1.0,0.5229071,0.061240941,3,1,0,0,0.0,17,0.567,0,0.0,0,0,0,1,0.033,1,978,9381,1,eponymousreview,100.0,100.0,1,1,1,0,0,1,0,1,0,1,1,1,0,0,0,0,1,38,11,15,92,2,101,1
124100.txt,https://www.woodst.com,21,www.woodst.com,14,0,com,100.0,1.0,0.5229071,0.066460186,3,1,0,0,0.0,8,0.381,0,0.0,0,0,0,1,0.048,1,879,9381,1,woodst,100.0,100.0,1,1,1,0,0,1,0,0,0,1,1,0,0,0,0,0,1,16,3,9,83,0,91,1
mw12424.txt,http://www.janhost.com,21,www.janhost.com,15,0,com,82.09366391,1.0,0.5229071,0.061874919,3,1,0,0,0.0,9,0.429,0,0.0,0,0,0,1,0.048,0,2,851,0,0,0.0,0.0,0,0,1,0,0,0,0,0,0,0,0,0,0,0,0,0,0,0,0,1,1,0,1,0
76357.txt,https://www.yardbarker.com,25,www.yardbarker.com,18,0,com,100.0,1.0,0.5229071,0.058049693,3,1,0,0,0.0,12,0.48,0,0.0,0,0,0,1,0.04,1,2595,16740,1,yardbarker,100.0,100.0,1,0,1,0,0,1,0,0,0,1,1,1,0,0,1,0,1,144,2,11,558,2,90,1
oph01501.txt,https://fiyataconstructions.us/linkedinus/900/,46,fiyataconstructions.us,22,0,us,38.80665872,1.0,0.0045585,0.05155802,2,0,0,0,0.0,31,0.674,3,0.065,0,0,0,4,0.087,1,201,164,1,fiyataconstructionslinkedin900,0.0,0.0,0,0,1,1,0,0,0,0,0,0,1,1,1,0,0,0,0,1,1,10,0,0,1,0
578524.txt,https://www.thinksrs.com,23,www.thinksrs.com,16,0,com,100.0,1.0,0.5229071,0.056426315,3,1,0,0,0.0,10,0.435,0,0.0,0,0,0,1,0.043,1,718,611,1,thinksrs,100.0,100.0,0,0,1,0,0,0,0,2,0,0,0,0,0,0,0,0,0,21,1,5,0,6,9,1
569425.txt,https://www.houseoftartan.co.uk,30,www.houseoftartan.co.uk,23,0,uk,100.0,0.875,0.028555,0.06376774,2,2,0,0,0.0,16,0.533,0,0.0,0,0,0,2,0.067,1,473,388,1,hoseoftartanco,0.0,0.0,0,1,1,0,0,1,0,2,1,1,1,0,0,0,1,0,1,28,5,6,46,0,9,1
mw143889.txt,http://www.djsrecord.com,23,www.djsrecord.com,17,0,com,74.46581197,1.0,0.5229071,0.062341766,3,1,0,0,0.0,11,0.478,0,0.0,0,0,0,1,0.043,0,2,33,0,0,0.0,0.0,0,0,0,0,0,0,0,0,0,0,0,0,0,0,0,0,0,0,0,0,0,0,0,0
mw144244.txt,http://www.wearsweetbomb.com,28,www.wearsweetbomb.com,21,0,com,64.78277586,1.0,0.5229071,0.061957899,3,1,0,0,0.0,16,0.571,0,0.0,0,0,0,1,0.036,0,49,774,0,0,0.0,0.0,0,0,0,0,0,0,0,1,0,0,0,0,0,0,0,0,0,0,0,2,0,0,0,0
oph09261.txt,https://vbellera-dev.github.io/proyectotailwind,47,vbellera-dev.github.io,22,0,io,39.15844839,0.473684211,0.0129268,0.054027889,2,1,0,0,0.0,35,0.745,0,0.0,0,0,0,4,0.085,1,9,56,1,vbellera-devgithubproyectotailwind,0.0,0.0,0,0,0,0,0,0,0,0,0,0,0,0,0,0,0,0,0,0,0,0,0,0,0,0
mw134265.txt,http://www.projectoverflow.ir,29,www.projectoverflow.ir,22,0,ir,85.5401662,1.0,0.0012232,0.057281233,2,1,0,0,0.0,17,0.586,0,0.0,0,0,0,1,0.034,0,2,38,0,0,0.0,0.0,0,0,0,0,0,0,0,0,0,0,0,0,0,0,0,0,0,0,0,0,0,0,0,0
7569321.txt,http://1inch-io-stage-app-euc1.s3-website.eu-central-1.amazonaws.com/index.html,78,1inch-io-stage-app-euc1.s3-website.eu-central-1.amazonaws.com,61,0,com,18.2315449,0.192982456,0.5229071,0.055368461,3,3,0,0,0.0,54,0.692,4,0.051,0,0,0,13,0.167,0,186,19156,1,1inch-io-stage-app-euc1s3-websiteeu-central-1amazonawsindexhtm,0.0,0.0,0,0,0,0,0,0,0,3,0,0,0,0,0,0,0,0,0,3,1,3,1,0,1,0
mw75565.txt,http://www.livigno.travel,24,www.livigno.travel,18,0,travel,62.58503401,1.0,0.0001144,0.055642004,6,1,0,0,0.0,12,0.5,0,0.0,0,0,0,1,0.042,0,9,77,1,livigno,100.0,100.0,0,0,0,0,0,0,0,0,0,0,0,0,0,0,0,0,0,0,0,0,1,0,1,0
mw145573.txt,http://www.fullwiz.com.br,25,www.fullwiz.com.br,18,0,br,77.95918367,0.727272727,0.0094423,0.044439805,2,2,0,0,0.0,12,0.48,0,0.0,0,0,0,2,0.08,0,11,85,1,fullwizcom,0.0,0.0,0,0,0,0,0,0,0,0,0,0,0,0,0,0,0,0,0,0,0,0,0,0,0,0
8130173.txt,https://attdomaincustoms.weebly.com/,36,attdomaincustoms.weebly.com,27,0,com,48.16774446,0.739130435,0.5229071,0.061179341,3,1,0,0,0.0,25,0.694,0,0.0,0,0,0,3,0.083,1,129,368,1,attdomaincustomsweebly,0.0,0.0,0,1,1,0,0,0,0,0,0,0,0,0,0,0,0,0,0,1,0,1,3,0,0,0
407351.txt,https://www.icm.org,18,www.icm.org,11,0,org,100.0,1.0,0.0799628,0.072461691,3,1,0,0,0.0,5,0.278,0,0.0,0,0,0,1,0.056,1,886,9381,1,icm,100.0,100.0,0,1,1,0,0,1,0,2,1,1,1,0,0,0,1,0,1,49,16,25,74,6,47,1
8066891.txt,https://scsdgvsdrhyt.weebly.com/,32,scsdgvsdrhyt.weebly.com,23,0,com,47.38500315,0.684210526,0.5229071,0.047612014,3,1,0,0,0.0,21,0.656,0,0.0,0,0,0,3,0.094,1,129,368,1,scsdgvsdrhytweebly,0.0,0.0,0,1,1,0,0,0,0,0,0,0,0,0,0,0,0,0,0,1,0,1,3,0,0,0
394544.txt,https://www.black-history-month.co.uk,36,www.black-history-month.co.uk,29,0,uk,100.0,0.363636364,0.028555,0.055974194,2,2,0,0,0.0,20,0.556,0,0.0,0,0,0,4,0.111,1,653,8047,1,black-history-monthco,0.0,0.0,0,1,1,0,0,1,0,0,0,0,1,1,0,0,0,0,1,13,5,9,103,0,120,1
536816.txt,https://www.ilikeyouroldstuff.com,32,www.ilikeyouroldstuff.com,25,0,com,100.0,1.0,0.5229071,0.053028121,3,1,0,0,0.0,19,0.594,0,0.0,0,0,0,1,0.031,1,11986,26914,1,ilikeyouroldstuff,100.0,100.0,0,1,1,0,0,1,1,35,0,1,1,1,0,0,1,1,1,49,34,35,70,7,73,1
mw210764.txt,http://www.ferys.ru,19,www.ferys.ru,12,0,ru,87.15277778,1.0,0.0180132,0.04707894,2,1,0,0,0.0,7,0.368,0,0.0,0,0,0,1,0.053,0,122,294,1,ferys,100.0,100.0,0,0,0,0,0,0,0,0,0,0,0,0,0,0,0,0,0,1,2,0,1,0,4,0
640409.txt,https://www.gorgeousgems.com.au,30,www.gorgeousgems.com.au,23,0,au,100.0,0.8125,0.0100856,0.06587367,2,2,0,0,0.0,16,0.533,0,0.0,0,0,0,2,0.067,1,1106,1902,1,gorgeousgemscom,0.0,0.0,1,0,0,0,0,1,0,6,0,1,1,1,0,0,1,0,1,37,25,37,140,7,130,1
8078634.txt,https://www.ekaterinajeans.ru/alegrospolish/2/,46,www.ekaterinajeans.ru,21,0,ru,40.63630962,1.0,0.0180132,0.058579309,2,1,0,0,0.0,29,0.63,1,0.022,0,0,0,4,0.087,1,25,166947,1,ekaterinajeansalegrospolish2,0.0,100.0,0,1,0,0,0,0,0,1,0,0,1,1,0,0,0,0,1,0,1,1,0,0,2,0
8057205.txt,https://halvta.blogspot.com/,28,halvta.blogspot.com,19,0,com,70.0063012,0.6,0.5229071,0.056881874,3,1,0,0,0.0,17,0.607,0,0.0,0,0,0,3,0.107,1,11,130,1,halvtablogspot,0.0,0.0,0,0,0,0,0,0,0,0,0,0,0,0,0,0,0,0,0,0,0,0,1,0,1,0
578523.txt,https://www.gulliverstravel.com,30,www.gulliverstravel.com,23,0,com,100.0,1.0,0.5229071,0.055562293,3,1,0,0,0.0,17,0.567,0,0.0,0,0,0,1,0.033,1,2635,1546,1,gulliverstravel,100.0,100.0,0,0,1,0,0,1,0,4,1,1,0,1,1,0,1,0,0,11,36,16,44,2,5,1
576024.txt,https://www.haus-xxl.de,22,www.haus-xxl.de,15,0,de,100.0,0.625,0.0326503,0.034150717,2,1,0,0,0.0,8,0.364,0,0.0,0,0,0,2,0.091,1,601,2593,1,haus-xxl,100.0,100.0,0,1,1,1,0,1,0,3,0,1,0,1,0,1,0,0,0,39,5,20,72,6,36,1
519676.txt,https://www.obms.us,18,www.obms.us,11,0,us,100.0,1.0,0.0045585,0.054877623,2,1,0,0,0.0,5,0.278,0,0.0,0,0,0,1,0.056,1,3265,1663,1,obms,100.0,100.0,1,0,1,1,0,1,0,1,0,1,0,1,0,0,1,0,1,1,37,20,91,0,17,1
7971115.txt,https://kakanlugan.godaddysites.com/,35,kakanlugan.godaddysites.com,27,0,com,66.84553132,0.565217391,0.5229071,0.054674409,3,1,0,0,0.0,25,0.714,0,0.0,0,0,0,2,0.057,1,48,5001,1,kakanlugangodaddysites,0.0,0.0,1,0,1,0,0,1,0,0,0,0,1,0,0,0,0,1,1,2,1,4,2,0,2,0
164742.txt,https://www.theplaidzebra.com,28,www.theplaidzebra.com,21,0,com,100.0,1.0,0.5229071,0.056486989,3,1,0,0,0.0,15,0.536,0,0.0,0,0,0,1,0.036,1,2137,8088,1,theplaidzebra,100.0,100.0,0,1,1,0,0,1,0,1,0,0,1,1,1,0,1,0,0,71,5,14,4,11,398,1
7548868.txt,https://docs.google.com/presentation/d/e/2pacx-1vtvmjxbxi7jayndiskcyl23f1xcvezc5csjpzskikslvmtug6p4xcisbrskmaloncyyyknj43t9ineb/pub?start=false,142,docs.google.com,15,0,com,11.25635439,0.636363636,0.5229071,0.043169537,3,1,0,0,0.0,112,0.789,12,0.085,1,1,0,8,0.07,1,11,462,1,docsgooglepresentationde2pacx-1vtvmjxbxi7jayndiskcyl23f1xcvezc5csjpzskikslvmtug6p4xcisbrskmaloncyyyknj43t9inebpub?start=fals,0.0,0.0,0,0,0,0,0,0,0,0,0,0,0,0,0,0,0,0,0,0,0,0,1,0,1,0
mw16068.txt,http://www.qwartwk.gq,20,www.qwartwk.gq,14,0,gq,54.54545455,1.0,5.3e-05,0.033272104,2,1,0,0,0.0,8,0.4,0,0.0,0,0,0,1,0.05,0,20,207,1,qwartwk,100.0,100.0,0,0,0,1,1,0,0,0,0,0,0,0,0,0,0,0,0,0,0,0,0,0,0,0
7905873.txt,http://www.westernunionverify.rwstaffing.com/verification/,57,www.westernunionverify.rwstaffing.com,37,0,com,33.51566585,0.655172414,0.5229071,0.055915795,3,2,0,0,0.0,43,0.754,0,0.0,0,0,0,3,0.053,0,9,120,1,westernunionverifyrwstaffingverification,0.0,0.0,0,0,0,0,0,0,0,0,0,0,0,0,0,0,0,0,0,0,0,0,1,0,1,0
8012221.txt,https://xyhasfcu.com/,20,xyhasfcu.com,12,0,com,66.23931624,1.0,0.5229071,0.048598827,3,0,0,0,0.0,11,0.55,0,0.0,0,0,0,1,0.05,1,129,7653,1,xyhasfcu,100.0,100.0,1,0,1,0,0,0,0,0,0,0,0,0,0,0,0,0,0,0,0,1,7,0,6,0
607686.txt,https://www.mommya-z.com,23,www.mommya-z.com,16,0,com,100.0,0.875,0.5229071,0.062528868,3,1,0,0,0.0,9,0.391,0,0.0,0,0,0,2,0.087,1,269,1746,1,mommya-z,100.0,100.0,0,1,1,0,0,0,0,0,0,1,1,0,0,0,1,0,1,46,2,14,47,0,55,1
627864.txt,https://www.bdsarchitecture.co.uk,32,www.bdsarchitecture.co.uk,25,0,uk,100.0,0.888888889,0.028555,0.059732669,2,2,0,0,0.0,18,0.562,0,0.0,0,0,0,2,0.062,1,879,8047,1,bdsarchitectreco,0.0,0.0,0,1,1,0,0,1,0,1,0,1,0,1,0,0,0,0,1,34,9,21,67,0,97,1
142042.txt,https://www.3doorsdown.com,25,www.3doorsdown.com,18,0,com,100.0,1.0,0.5229071,0.060829916,3,1,0,0,0.0,11,0.44,1,0.04,0,0,0,1,0.04,1,302,238,1,3doorsdown,100.0,100.0,1,1,1,1,0,1,0,3,0,1,1,1,0,0,0,0,1,0,2,14,5,0,14,1
465371.txt,https://www.nankainn.com,23,www.nankainn.com,16,0,com,100.0,1.0,0.5229071,0.064779506,3,1,0,0,0.0,10,0.435,0,0.0,0,0,0,1,0.043,1,1046,2337,1,nankainn,100.0,100.0,0,1,1,0,0,1,0,0,0,1,1,0,0,0,0,1,1,48,19,47,147,1,160,1
48013.txt,https://www.wrapsnet.org,23,www.wrapsnet.org,16,0,org,100.0,1.0,0.0799628,0.060174109,3,1,0,0,0.0,10,0.435,0,0.0,0,0,0,1,0.043,1,554,1247,1,wrapsnet,100.0,100.0,1,0,1,0,0,1,0,0,0,1,0,0,0,0,0,0,1,98,3,5,16,32,30,1
394420.txt,https://www.sakuraaikikai.com,28,www.sakuraaikikai.com,21,0,com,100.0,1.0,0.5229071,0.059242231,3,1,0,0,0.0,15,0.536,0,0.0,0,0,0,1,0.036,1,2502,9664,1,sakuraaikikai,100.0,100.0,0,1,1,0,0,1,0,0,0,1,1,1,0,0,0,0,1,286,16,18,258,0,271,1
621431.txt,https://www.comunicazionevirale.it,33,www.comunicazionevirale.it,26,0,it,100.0,1.0,0.012178,0.063759714,2,1,0,0,0.0,20,0.606,0,0.0,0,0,0,1,0.03,1,797,5392,1,comuncazonevrale,0.0,0.0,0,0,1,0,0,0,0,0,0,1,1,0,0,0,0,0,1,11,12,23,56,0,67,1
172459.txt,https://www.babycastles.com,26,www.babycastles.com,19,0,com,100.0,1.0,0.5229071,0.05915032,3,1,0,0,0.0,13,0.5,0,0.0,0,0,0,1,0.038,1,1959,13561,1,babycastles,100.0,100.0,1,0,1,0,0,1,0,0,0,1,1,1,0,0,1,1,1,46,3,13,21,0,53,1
123379.txt,https://www.sekhontech.com,25,www.sekhontech.com,18,0,com,100.0,1.0,0.5229071,0.06344987,3,1,0,0,0.0,12,0.48,0,0.0,0,0,0,1,0.04,1,1077,453,1,sekhontech,100.0,100.0,1,0,1,0,0,1,0,1,0,1,1,0,0,0,0,0,1,25,2,20,0,38,14,1
891483.txt,https://www.pinglin.ntpc.gov.tw,30,www.pinglin.ntpc.gov.tw,23,0,tw,100.0,0.5,0.0021745,0.049654445,2,3,0,0,0.0,15,0.5,0,0.0,0,0,0,3,0.1,1,1387,668,1,pinglinnpcgov,0.0,0.0,0,0,1,0,0,1,0,11,0,1,0,1,0,0,0,0,1,41,11,209,32,10,42,1
158281.txt,https://www.firefliesandmudpies.com,34,www.firefliesandmudpies.com,27,0,com,100.0,1.0,0.5229071,0.057015264,3,1,0,0,0.0,21,0.618,0,0.0,0,0,0,1,0.029,1,1092,9574,1,firefliesandmudpies,100.0,100.0,1,1,1,0,0,1,0,4,1,1,1,1,0,0,1,1,1,44,1,17,113,0,128,1
mw178600.txt,http://www.swimmingearnoil.com,30,www.swimmingearnoil.com,23,0,com,69.47368421,1.0,0.5229071,0.063251119,3,1,0,0,0.0,18,0.6,0,0.0,0,0,0,1,0.033,0,2,39,0,0,0.0,0.0,0,0,0,0,0,0,0,0,0,0,0,0,0,0,0,0,0,0,0,0,0,0,0,0
244976.txt,https://www.sufragium.es,23,www.sufragium.es,16,0,es,100.0,1.0,0.0064109,0.052051246,2,1,0,0,0.0,10,0.435,0,0.0,0,0,0,1,0.043,1,552,395,1,sufragium,100.0,100.0,1,0,0,0,0,1,0,0,0,1,0,0,0,0,0,0,1,57,9,11,50,1,17,1
8125027.txt,https://ipfs.io/ipfs/bafybeigwpqqjgyocoaiuhowed57gaex55zpyznldmd6m7y5q2ym7kzgisi,80,ipfs.io,7,0,io,11.30876881,1.0,0.0129268,0.035970229,2,0,0,0,0.0,60,0.75,9,0.113,0,0,0,3,0.037,1,9,88,1,ipfsipfsbafybeigwpqqjgyocoaiuhowed57gaex55zpyznldmd6m7y5q2ym7kzgisi,0.0,100.0,0,0,0,0,0,0,0,0,0,0,0,0,0,0,0,0,0,0,0,0,0,0,0,0
mw204346.txt,http://www.your-textile.com,26,www.your-textile.com,20,0,com,75.0,0.666666667,0.5229071,0.060319553,3,1,0,0,0.0,13,0.5,0,0.0,0,0,0,2,0.077,0,15,155,1,your-textile,100.0,100.0,0,0,1,0,0,0,0,0,0,0,0,0,0,0,0,0,0,0,0,0,0,0,0,0
8119213.txt,https://uqlups.com/,19,uqlups.com,10,0,com,78.18181818,1.0,0.5229071,0.047290924,3,0,0,0,0.0,9,0.474,0,0.0,0,0,0,2,0.105,1,35,126,1,uqlups,100.0,100.0,0,1,1,1,0,0,0,0,0,0,0,0,0,0,0,0,0,0,0,1,0,0,0,0
8064909.txt,https://tokennglar--actuliza.repl.co/,37,tokennglar--actuliza.repl.co,28,0,co,38.60837438,0.48,0.0059772,0.059225055,2,1,0,0,0.0,24,0.649,0,0.0,0,0,0,5,0.135,1,198,869,1,tokennglar--actulizarepl,0.0,0.0,0,0,0,0,0,0,0,0,0,0,0,0,0,0,0,0,0,0,0,0,0,0,2,0
451132.txt,https://www.afmuseum.com,23,www.afmuseum.com,16,0,com,100.0,1.0,0.5229071,0.060381363,3,1,0,0,0.0,10,0.435,0,0.0,0,0,0,1,0.043,1,381,2524,1,afmuseum,100.0,100.0,0,0,1,0,0,0,0,4,0,1,0,1,0,0,1,0,1,12,7,21,28,0,18,1
237708.txt,https://www.zypp.app,19,www.zypp.app,12,0,app,100.0,1.0,0.001502,0.029147751,3,1,0,0,0.0,6,0.316,0,0.0,0,0,0,1,0.053,1,2662,1650,1,zypp,100.0,100.0,1,1,1,0,0,1,0,11,0,1,1,1,0,0,1,0,1,89,7,19,2,17,39,1
73664.txt,https://www.nas.nasa.gov,23,www.nas.nasa.gov,16,0,gov,100.0,0.625,0.0033282,0.066841469,3,2,0,0,0.0,9,0.391,0,0.0,0,0,0,2,0.087,1,635,644,1,nasnasa,0.0,0.0,0,0,1,0,0,1,0,0,0,1,0,0,0,0,0,0,0,12,3,10,52,5,18,1
mw154188.txt,http://www.fishum.com,21,www.fishum.com,14,0,com,89.81818182,1.0,0.5229071,0.054221866,3,1,0,0,0.0,9,0.429,0,0.0,0,0,0,1,0.048,0,4,197,0,0,0.0,0.0,0,0,0,0,0,0,0,0,0,0,0,0,0,0,0,0,0,0,0,0,0,0,1,0
mw69609.txt,http://www.buildthemind.com,26,www.buildthemind.com,20,0,com,76.28676471,1.0,0.5229071,0.053380508,3,1,0,0,0.0,14,0.538,0,0.0,0,0,0,1,0.038,0,2,35,0,0,0.0,0.0,0,0,0,0,0,0,0,0,0,0,0,0,0,0,0,0,0,0,0,0,0,0,0,0
243972.txt,https://www.robindatahood.com,28,www.robindatahood.com,21,0,com,100.0,1.0,0.5229071,0.066022819,3,1,0,0,0.0,15,0.536,0,0.0,0,0,0,1,0.036,1,793,9381,1,robindatahood,100.0,100.0,1,1,1,0,0,0,0,0,0,1,1,1,0,0,0,0,1,21,6,13,34,0,46,1
53014.txt,https://www.hawaiiweblog.com,27,www.hawaiiweblog.com,20,0,com,100.0,1.0,0.5229071,0.05687531,3,1,0,0,0.0,14,0.519,0,0.0,0,0,0,1,0.037,1,1540,18467,1,hawaiiweblog,100.0,100.0,0,1,1,0,0,0,0,2,0,1,1,1,0,0,0,1,1,28,21,27,227,1,301,1
537712.txt,https://www.rebalancept.com,26,www.rebalancept.com,19,0,com,100.0,1.0,0.5229071,0.06581001,3,1,0,0,0.0,13,0.5,0,0.0,0,0,0,1,0.038,1,2194,9819,1,rebalancept,100.0,100.0,0,1,1,1,0,1,0,8,0,1,1,1,0,0,0,0,1,32,39,40,167,0,185,1
608385.txt,https://www.mytopdrawer.com,26,www.mytopdrawer.com,19,0,com,100.0,1.0,0.5229071,0.059169165,3,1,0,0,0.0,13,0.5,0,0.0,0,0,0,1,0.038,1,5673,11380,1,mytopdrawer,100.0,100.0,1,1,1,1,0,1,0,23,0,1,0,0,1,1,1,0,1,99,21,51,341,4,37,1
mw68607.txt,http://www.arsimport.com,23,www.arsimport.com,17,0,com,72.65306122,1.0,0.5229071,0.067631739,3,1,0,0,0.0,11,0.478,0,0.0,0,0,0,1,0.043,0,2,32,0,0,0.0,0.0,0,0,0,0,0,0,0,0,0,0,0,0,0,0,0,0,0,0,0,0,0,0,0,0
783642.txt,https://www.jamlarecords.com,27,www.jamlarecords.com,20,0,com,100.0,1.0,0.5229071,0.065946246,3,1,0,0,0.0,14,0.519,0,0.0,0,0,0,1,0.037,1,926,2840,1,jamlarerds,0.0,0.0,0,1,1,0,0,0,0,1,0,1,0,0,0,0,0,0,0,3,27,80,36,0,40,1
8127397.txt,http://vuramtechnology.in,25,vuramtechnology.in,18,0,in,71.15009747,1.0,0.0050842,0.056310416,2,0,0,0,0.0,17,0.68,0,0.0,0,0,0,1,0.04,0,2,2830,1,vuramtechnology,100.0,100.0,0,0,1,0,0,0,0,0,0,0,0,0,0,0,0,0,0,0,0,1,1,0,1,0
641342.txt,https://www.nandatirre.com.br,28,www.nandatirre.com.br,21,0,br,100.0,0.785714286,0.0094423,0.064296089,2,2,0,0,0.0,14,0.5,0,0.0,0,0,0,2,0.071,1,896,3145,1,nandatirrecom,0.0,0.0,0,0,1,0,0,1,0,0,0,1,1,0,0,0,1,0,1,37,6,6,30,2,17,1
35778.txt,https://www.bolton.ac.uk,23,www.bolton.ac.uk,16,0,uk,100.0,0.777777778,0.028555,0.063253952,2,2,0,0,0.0,9,0.391,0,0.0,0,0,0,2,0.087,1,6560,1277,1,boltonac,0.0,0.0,0,0,1,0,0,1,0,5,0,1,0,0,0,0,0,0,1,50,16,47,282,0,66,1
mw31j0159.txt,http://www.ecemaybutik.com,25,www.ecemaybutik.com,19,0,com,58.55555556,1.0,0.5229071,0.059454351,3,1,0,0,0.0,13,0.52,0,0.0,0,0,0,1,0.04,0,2,36,0,0,0.0,0.0,0,0,0,0,0,0,0,0,0,0,0,0,0,0,0,0,0,0,0,0,0,0,0,0
7996976.txt,http://mingovpllkno.ditapersne.ml/,33,mingovpllkno.ditapersne.ml,26,0,ml,35.45912777,0.565217391,0.0001306,0.055196408,2,1,0,0,0.0,24,0.727,0,0.0,0,0,0,2,0.061,0,2,42,0,0,0.0,0.0,0,0,0,0,0,0,0,0,0,0,0,0,0,0,0,0,0,0,0,0,0,0,0,0
759039.txt,https://www.usjlp.org,20,www.usjlp.org,13,0,org,100.0,1.0,0.0799628,0.046497934,3,1,0,0,0.0,7,0.35,0,0.0,0,0,0,1,0.05,1,303,304,1,usjlp,100.0,100.0,0,0,0,0,0,1,0,0,0,0,0,0,0,0,0,0,0,12,3,10,20,0,1,1
445591.txt,https://www.cap.ca,17,www.cap.ca,10,0,ca,100.0,1.0,0.0101825,0.063032583,2,1,0,0,0.0,4,0.235,0,0.0,0,0,0,1,0.059,1,711,9381,1,ap,66.66666667,66.66666667,1,1,1,0,0,1,1,0,0,1,1,1,0,0,0,0,1,14,29,25,159,2,166,1
8064670.txt,https://7895bcde-fd6b-44e7-9e5c-5417a0ed038b.id.repl.co/,56,7895bcde-fd6b-44e7-9e5c-5417a0ed038b.id.repl.co,47,0,co,34.96709704,0.204545455,0.0059772,0.031616392,2,2,0,0,0.0,22,0.393,18,0.321,0,0,0,8,0.143,1,198,869,1,7895bcde-fd6b-44e7-9e5c-5417a0ed038bidrepl,0.0,0.0,0,0,0,0,0,0,0,0,0,0,0,0,0,0,0,0,0,0,0,0,0,0,2,0
mw13834.txt,http://www.vpn2.smi1egate.com,28,www.vpn2.smi1egate.com,22,0,com,60.29889539,0.5,0.5229071,0.053171864,3,2,0,0,0.0,13,0.464,2,0.071,0,0,0,2,0.071,0,3,37,0,0,0.0,0.0,0,0,0,0,0,0,0,0,0,0,0,0,0,0,0,0,0,0,0,0,0,0,0,0
8135002.txt,https://upholl-xlogn.godaddysites.com/,38,upholl-xlogn.godaddysites.com,29,0,com,48.81490289,0.52,0.5229071,0.052913923,3,1,0,0,0.0,26,0.684,0,0.0,0,0,0,4,0.105,1,52,4377,1,upholl-xlogngodaddysites,0.0,0.0,1,0,1,0,0,1,0,2,0,0,1,0,0,0,0,0,1,3,2,6,1,0,3,0
718713.txt,https://www.infonor.com.mx,25,www.infonor.com.mx,18,0,mx,100.0,0.727272727,0.0017218,0.068972645,2,2,0,0,0.0,11,0.44,0,0.0,0,0,0,2,0.08,1,1044,492,1,infonorco,0.0,0.0,1,0,1,0,0,1,0,0,1,1,1,1,0,0,0,0,1,25,13,19,88,29,100,1
8114219.txt,https://activites-commerciales-3.firebaseapp.com/,49,activites-commerciales-3.firebaseapp.com,40,0,com,45.65593043,0.388888889,0.5229071,0.062547134,3,1,0,0,0.0,35,0.714,1,0.02,0,0,0,5,0.102,1,12,93,1,activites-merciales-3firebaseapp,0.0,0.0,0,0,0,1,0,0,0,0,0,0,0,0,0,0,0,0,0,0,0,0,0,0,0,0
75263.txt,https://www.griefhealingblog.com,31,www.griefhealingblog.com,24,0,com,100.0,1.0,0.5229071,0.05646234,3,1,0,0,0.0,18,0.581,0,0.0,0,0,0,1,0.032,1,10799,4106,1,griefhealingblog,100.0,100.0,1,0,0,0,0,0,0,2,0,1,0,0,0,0,1,0,0,36,3,26,342,0,404,1
703295.txt,https://www.emercury.net,23,www.emercury.net,16,0,net,100.0,1.0,0.0384199,0.063038644,3,1,0,0,0.0,10,0.435,0,0.0,0,0,0,1,0.043,1,777,9381,1,emercury,100.0,100.0,0,1,1,0,0,1,0,1,0,1,1,1,0,0,0,1,1,21,20,82,110,8,103,1
mw29931.txt,http://www.f0569825.xsph.ru,26,www.f0569825.xsph.ru,20,0,ru,67.50919118,0.923076923,0.0180132,0.014798247,2,2,0,0,0.0,6,0.231,7,0.269,0,0,0,2,0.077,0,9,44,1,f0569825xsph,0.0,0.0,0,0,0,0,0,0,0,0,0,0,0,0,0,0,0,0,0,0,0,0,0,0,0,0
636850.txt,https://www.thewanderlusty.com,29,www.thewanderlusty.com,22,0,com,100.0,1.0,0.5229071,0.054649648,3,1,0,0,0.0,16,0.552,0,0.0,0,0,0,1,0.034,1,421,9381,1,thewanderlusty,100.0,100.0,0,1,1,0,0,1,0,0,0,1,1,0,0,0,0,0,1,17,20,28,95,0,100,1
mw9141.txt,http://www.chirigame.com,23,www.chirigame.com,17,0,com,77.59932375,1.0,0.5229071,0.065596085,3,1,0,0,0.0,11,0.478,0,0.0,0,0,0,1,0.043,0,2,478,1,chirigame,100.0,100.0,0,0,0,1,1,0,0,0,0,0,0,0,0,0,0,0,0,0,0,0,0,0,0,0
60615.txt,https://www.naimaudio.com,24,www.naimaudio.com,17,0,com,100.0,1.0,0.5229071,0.068044633,3,1,0,0,0.0,11,0.458,0,0.0,0,0,0,1,0.042,1,1312,4460,1,naimaudio,100.0,100.0,1,0,1,0,0,1,0,5,0,1,1,1,1,0,0,0,0,50,67,97,109,1,69,1
84496.txt,https://www.verksamt.se,22,www.verksamt.se,15,0,se,100.0,1.0,0.0040185,0.054230767,2,1,0,0,0.0,9,0.409,0,0.0,0,0,0,1,0.045,1,8508,508,1,verkamt,0.0,0.0,1,0,1,0,0,0,0,0,0,1,1,1,0,1,0,0,0,6,7,33,487,3,487,1
8075052.txt,http://www.amazcaom-co-jp.amaozeon.chuguichaxun.top,51,www.amazcaom-co-jp.amaozeon.chuguichaxun.top,44,0,top,25.56707317,0.361111111,0.0002752,0.058318336,3,3,0,0,0.0,35,0.686,0,0.0,0,0,0,5,0.098,0,2,537,0,0,0.0,0.0,1,0,1,0,0,0,0,0,0,0,0,0,0,0,0,0,0,0,1,1,0,0,0,0
8007643.txt,http://co04084.tw1.ru/post/clients/,34,co04084.tw1.ru,14,0,ru,33.50970018,0.727272727,0.0180132,0.04426618,2,1,0,0,0.0,17,0.5,6,0.176,0,0,0,4,0.118,0,9,57,1,co04084tw1postclients,0.0,0.0,0,0,0,0,0,0,0,0,0,0,0,0,0,0,0,0,0,0,0,0,0,0,0,0
446619.txt,https://www.sultansolutions.com,30,www.sultansolutions.com,23,0,com,100.0,1.0,0.5229071,0.062727287,3,1,0,0,0.0,17,0.567,0,0.0,0,0,0,1,0.033,1,801,9381,1,sultansolutions,100.0,100.0,1,1,1,0,0,1,0,0,0,1,1,0,0,0,0,0,1,18,10,27,21,3,36,1
23245.txt,https://www.hsbc.com,19,www.hsbc.com,12,0,com,100.0,1.0,0.5229071,0.058381152,3,1,0,0,0.0,6,0.316,0,0.0,0,0,0,1,0.053,1,2323,5046,1,hsbc,100.0,100.0,1,1,1,0,0,1,0,0,0,1,1,1,0,1,0,0,1,29,2,5,197,1,9,1
8040486.txt,http://cm50562.tw1.ru/auth/number.php,37,cm50562.tw1.ru,14,0,ru,27.72845644,0.727272727,0.0180132,0.035772364,2,1,0,0,0.0,19,0.514,6,0.162,0,0,0,5,0.135,0,9,45,1,cm50562tw1authnumberphp,0.0,0.0,0,0,0,0,0,0,0,0,0,0,0,0,0,0,0,0,0,0,0,0,0,0,0,0
7743974.txt,https://verifydevice-uk.web.app/,31,verifydevice-uk.web.app,23,0,app,54.25330813,0.684210526,0.001502,0.045646833,3,1,0,0,0.0,20,0.645,0,0.0,0,0,0,3,0.097,1,11,1663,1,verifydevice-ukweb,0.0,0.0,1,0,0,0,0,0,0,0,0,0,0,0,0,0,0,0,0,0,0,2,1,0,0,0
853974.txt,https://www.busbeetruckparts.com,31,www.busbeetruckparts.com,24,0,com,100.0,1.0,0.5229071,0.055803476,3,1,0,0,0.0,18,0.581,0,0.0,0,0,0,1,0.032,1,1902,7166,1,busbeetruckparts,100.0,100.0,1,0,1,1,0,1,0,6,0,1,1,1,0,0,1,0,0,49,5,28,353,2,116,1
mw131826.txt,http://www.iron-paygri-irr.ml,28,www.iron-paygri-irr.ml,22,0,ml,46.58869396,0.466666667,0.0001306,0.057729741,2,1,0,0,0.0,14,0.5,0,0.0,0,0,0,3,0.107,0,8,49,1,iron-paygri-irr,100.0,100.0,0,0,0,0,0,0,0,0,0,0,0,0,0,0,1,0,0,0,0,0,0,0,0,0
8099623.txt,https://narcyz.ameliagosia.com.pl/a1legro/,42,narcyz.ameliagosia.com.pl,25,0,pl,34.02473937,0.545454545,0.0069695,0.060610609,2,2,0,0,0.0,28,0.667,1,0.024,0,0,0,5,0.119,1,95,394,1,narcyzameliagosiacoma1legro,0.0,0.0,0,1,1,0,0,0,0,0,0,0,0,0,0,0,0,0,0,0,2,0,2,0,1,0
8059725.txt,https://bt-107374.weeblysite.com/,33,bt-107374.weeblysite.com,24,0,com,44.375,0.85,0.5229071,0.040707578,3,1,0,0,0.0,15,0.455,6,0.182,0,0,0,4,0.121,1,271,19906,1,bt-107374weeblysite,0.0,0.0,1,0,1,0,0,0,0,0,0,0,0,1,0,1,1,0,0,19,3,9,1,0,4,0
397903.txt,https://www.antoniolite.com,26,www.antoniolite.com,19,0,com,100.0,1.0,0.5229071,0.072748283,3,1,0,0,0.0,13,0.5,0,0.0,0,0,0,1,0.038,1,749,17355,1,antoniolite,100.0,100.0,0,1,1,0,0,1,1,10,0,1,1,1,0,0,0,0,1,12,2,7,98,0,125,1
7959274.txt,https://lvkobf.webwave.dev/,26,lvkobf.webwave.dev,18,0,dev,45.09421702,0.571428571,0.0009613,0.04102666,3,1,0,0,0.0,16,0.615,0,0.0,0,0,0,2,0.077,1,66,3018,1,lvkobfwebwave,0.0,0.0,0,0,0,0,0,1,0,0,0,0,0,1,0,0,0,0,0,0,2,2,2,0,0,0
800723.txt,https://www.moreprepared.com,27,www.moreprepared.com,20,0,com,100.0,1.0,0.5229071,0.068274354,3,1,0,0,0.0,14,0.519,0,0.0,0,0,0,1,0.037,1,2823,16892,1,moreprepared,100.0,100.0,1,1,1,0,0,1,0,19,1,1,1,1,0,0,1,0,1,27,36,14,118,6,112,1
8060764.txt,https://aol-106703.weeblysite.com/,34,aol-106703.weeblysite.com,25,0,com,66.72,0.80952381,0.5229071,0.045654823,3,1,0,0,0.0,16,0.471,6,0.176,0,0,0,4,0.118,1,271,19690,1,aol-106703weeblysite,0.0,0.0,1,0,1,0,0,0,0,0,0,0,0,1,0,1,1,0,0,19,3,9,1,0,4,0
553503.txt,https://www.sunocohopkinsville.com,33,www.sunocohopkinsville.com,26,0,com,100.0,1.0,0.5229071,0.059548787,3,1,0,0,0.0,20,0.606,0,0.0,0,0,0,1,0.03,1,850,585,1,sunohopkinsville,0.0,0.0,1,0,1,0,0,1,0,0,0,1,0,0,0,0,0,0,1,47,6,7,2,2,5,1
814975.txt,https://www.smyrilline.fo,24,www.smyrilline.fo,17,0,fo,100.0,1.0,3.36e-05,0.051562088,2,1,0,0,0.0,11,0.458,0,0.0,0,0,0,1,0.042,1,618,2262,1,smyrilline,100.0,100.0,1,0,1,0,0,1,0,2,0,1,1,0,0,0,1,0,1,7,4,7,111,0,25,1
oph02415.txt,http://chat-whatsapp9912.situsx.icu/,35,chat-whatsapp9912.situsx.icu,28,0,icu,44.40534835,0.541666667,3.98e-05,0.041218712,3,1,0,0,0.0,21,0.6,4,0.114,0,0,0,3,0.086,0,2,45,0,0,0.0,0.0,0,0,0,0,0,0,0,0,0,0,0,0,0,0,0,0,0,0,0,0,0,0,0,0
94881.txt,https://www.vmobil.at,20,www.vmobil.at,13,0,at,100.0,1.0,0.0038776,0.055071657,2,1,0,0,0.0,7,0.35,0,0.0,0,0,0,1,0.05,1,1727,18497,1,vmobil,100.0,100.0,1,0,1,0,0,1,0,0,0,0,1,1,0,0,0,0,1,96,3,4,133,0,4,1
30164.txt,https://www.rtn.ch,17,www.rtn.ch,10,0,ch,100.0,1.0,0.0049832,0.061889246,2,1,0,0,0.0,4,0.235,0,0.0,0,0,0,1,0.059,1,4149,2564,1,rtn,100.0,100.0,1,1,1,0,0,1,1,4,0,1,1,1,1,0,1,0,1,151,12,7,402,10,49,1
mw209994.txt,http://www.realtymarket.in,26,www.realtymarket.in,19,0,in,68.11111111,1.0,0.0050842,0.059388312,2,1,0,0,0.0,14,0.538,0,0.0,0,0,0,1,0.038,0,9,78,1,realtymarket,100.0,100.0,0,0,0,0,0,0,0,0,0,0,0,0,0,0,0,0,0,0,0,0,1,0,1,0
468860.txt,https://www.millicentrogers.org,30,www.millicentrogers.org,23,0,org,100.0,1.0,0.0799628,0.065500523,3,1,0,0,0.0,17,0.567,0,0.0,0,0,0,1,0.033,1,3198,2682,1,millicentrogers,100.0,100.0,0,0,1,0,0,1,0,19,0,1,1,1,1,1,1,0,1,88,2,19,86,0,58,1
717596.txt,https://www.cit.nih.gov,22,www.cit.nih.gov,15,0,gov,100.0,0.571428571,0.0033282,0.058309486,3,2,0,0,0.0,8,0.364,0,0.0,0,0,0,2,0.091,1,826,3217,1,citnih,0.0,0.0,0,0,1,0,0,0,0,0,0,0,1,1,0,0,0,0,0,26,65,52,115,0,38,1
846466.txt,https://www.heartofglass.org.uk,30,www.heartofglass.org.uk,23,0,uk,100.0,0.8125,0.028555,0.057354829,2,2,0,0,0.0,16,0.533,0,0.0,0,0,0,2,0.067,1,1852,1680,1,heartofglassorg,0.0,0.0,0,1,0,0,0,1,0,0,0,1,1,1,0,0,0,0,1,22,2,1,75,3,75,1
825174.txt,https://www.angewandtekunst-frankfurt.de,39,www.angewandtekunst-frankfurt.de,32,0,de,100.0,0.64,0.0326503,0.048942067,2,1,0,0,0.0,25,0.641,0,0.0,0,0,0,2,0.051,1,281,1820,1,angewantekunst-frankfurt,0.0,0.0,1,1,1,0,0,0,0,0,0,0,1,0,0,1,0,0,1,1,9,9,35,1,36,1
591750.txt,https://www.labattigia.it,24,www.labattigia.it,17,0,it,100.0,1.0,0.012178,0.058038831,2,1,0,0,0.0,11,0.458,0,0.0,0,0,0,1,0.042,1,306,2863,1,labattga,0.0,0.0,0,0,1,0,0,1,0,2,0,1,1,1,0,0,0,0,0,17,7,19,23,0,16,1
mw210575.txt,http://www.b.coka.la,19,www.b.coka.la,13,0,la,57.5308642,0.833333333,0.0001919,0.056397539,2,2,0,0,0.0,6,0.316,0,0.0,0,0,0,2,0.105,0,2,29,0,0,0.0,0.0,0,0,0,0,0,0,0,0,0,0,0,0,0,0,0,0,0,0,0,0,0,0,0,0
mw155110.txt,http://www.templatemadness.com,29,www.templatemadness.com,23,0,com,78.42755036,1.0,0.5229071,0.065130775,3,1,0,0,0.0,17,0.586,0,0.0,0,0,0,1,0.034,0,2,39,0,0,0.0,0.0,0,0,0,0,0,0,0,0,0,0,0,0,0,0,0,0,0,0,0,0,0,0,0,0
8123986.txt,https://href.li/?http://aklam.io/7s7v91,39,href.li,7,0,li,30.81944444,1.0,0.0001166,0.042976345,2,0,0,0,0.0,15,0.385,4,0.103,0,1,0,4,0.128,1,13,105,1,href?aklamio7s7v91,0.0,0.0,0,0,0,1,0,0,0,0,0,0,0,0,0,0,0,0,0,0,0,0,2,0,2,0
448693.txt,https://www.sid.co,17,www.sid.co,10,0,co,100.0,1.0,0.0059772,0.055466232,2,1,0,0,0.0,4,0.235,0,0.0,0,0,0,1,0.059,1,554,415,1,sid,100.0,100.0,1,0,1,0,0,1,0,0,0,1,0,0,0,0,0,1,1,33,4,15,68,1,25,1
739328.txt,https://www.nhri.net,19,www.nhri.net,12,0,net,100.0,1.0,0.0384199,0.058983643,3,1,0,0,0.0,6,0.316,0,0.0,0,0,0,1,0.053,1,417,8047,1,nhri,100.0,100.0,0,1,1,0,0,1,0,0,0,1,0,1,0,0,0,0,0,17,7,15,68,0,71,1
488480.txt,https://www.tataconsumer.com,27,www.tataconsumer.com,20,0,com,100.0,1.0,0.5229071,0.070142242,3,1,0,0,0.0,14,0.519,0,0.0,0,0,0,1,0.037,1,2932,2259,1,tatansumer,0.0,0.0,1,0,1,0,0,1,0,0,0,1,1,1,0,0,1,0,1,100,4,7,195,1,17,1
mw213979.txt,http://www.colexpresscargo.com,30,www.colexpresscargo.com,23,0,com,64.30952381,1.0,0.5229071,0.065730772,3,1,0,0,0.0,18,0.6,0,0.0,0,0,0,1,0.033,0,9,106,1,colexpresscargo,100.0,100.0,0,0,0,0,0,0,0,0,0,0,0,0,0,0,0,0,0,0,0,0,1,0,1,0
591904.txt,https://www.cifra.com.uy,23,www.cifra.com.uy,16,0,uy,100.0,0.666666667,0.0002285,0.062585756,2,2,0,0,0.0,9,0.391,0,0.0,0,0,0,2,0.087,1,874,2497,1,cifracom,0.0,0.0,0,0,1,0,0,0,0,0,0,1,1,0,0,1,1,0,1,69,10,14,28,0,45,1
421279.txt,https://www.ics.hawaii.edu,25,www.ics.hawaii.edu,18,0,edu,100.0,0.7,0.0115013,0.057792233,3,2,0,0,0.0,11,0.44,0,0.0,0,0,0,2,0.08,1,615,14933,1,icshawaii,0.0,0.0,0,1,1,0,0,0,0,0,0,1,1,1,0,0,0,0,1,16,11,16,126,2,157,1
618598.txt,https://www.theemuze.be,22,www.theemuze.be,15,0,be,100.0,1.0,0.0033189,0.052091255,2,1,0,0,0.0,9,0.409,0,0.0,0,0,0,1,0.045,1,1222,8121,1,theemuze,100.0,100.0,1,1,1,0,0,0,0,0,0,1,1,1,1,0,1,0,1,22,20,16,114,0,117,1
508441.txt,https://www.virona54.ru,22,www.virona54.ru,15,0,ru,100.0,1.0,0.0180132,0.04907135,2,1,0,0,0.0,7,0.318,2,0.091,0,0,0,1,0.045,1,4728,924,1,viona54,0.0,0.0,0,0,1,0,0,1,0,1,0,0,1,1,0,0,1,0,1,92,15,16,8,0,211,1
528761.txt,https://www.vaporsofmorphine.com,31,www.vaporsofmorphine.com,24,0,com,100.0,1.0,0.5229071,0.061958397,3,1,0,0,0.0,18,0.581,0,0.0,0,0,0,1,0.032,1,511,9381,1,vaporsofmorphine,100.0,100.0,0,1,1,0,0,0,0,0,0,1,1,1,0,0,1,0,1,17,13,21,41,1,47,1
475945.txt,https://www.shopnuzzie.com,25,www.shopnuzzie.com,18,0,com,100.0,1.0,0.5229071,0.05284094,3,1,0,0,0.0,12,0.48,0,0.0,0,0,0,1,0.04,1,2265,31412,1,shopnuzzie,100.0,100.0,1,1,0,0,0,0,0,0,0,0,0,1,0,0,1,0,1,109,0,180,6,0,8,1
8093720.txt,https://huizhoujiayan.com/,26,huizhoujiayan.com,17,0,com,64.32141484,1.0,0.5229071,0.05137753,3,0,0,0,0.0,16,0.615,0,0.0,0,0,0,2,0.077,1,8,41,1,huizhoujiayan,100.0,100.0,0,0,0,0,0,0,0,0,0,0,0,0,0,0,0,0,0,0,0,0,0,0,0,0
7979133.txt,https://t.co/qcgg7gwtha,22,t.co,4,0,co,38.23129252,1.0,0.0059772,0.039984224,2,0,0,0,0.0,11,0.5,1,0.045,0,0,0,2,0.091,1,2,31,0,0,0.0,0.0,0,0,0,0,0,0,0,0,0,0,0,0,0,0,0,0,0,0,0,0,0,0,0,0
55479.txt,https://www.sinclairoil.com,26,www.sinclairoil.com,19,0,com,100.0,1.0,0.5229071,0.067908435,3,1,0,0,0.0,13,0.5,0,0.0,0,0,0,1,0.038,1,927,5718,1,sinclairoil,100.0,100.0,1,0,1,0,0,1,0,2,0,1,0,1,0,0,1,0,1,22,8,13,58,0,25,1
8062756.txt,https://onedrive-v1.freetheme.workers.dev/?sso_reload=true,58,onedrive-v1.freetheme.workers.dev,33,0,dev,26.07686275,0.379310345,0.0009613,0.057774736,3,2,0,0,0.0,41,0.707,1,0.017,1,1,0,6,0.138,1,90,394,1,onedrive-v1freethemeworkers?sso_reload=true,0.0,0.0,0,1,1,0,0,0,0,0,0,0,1,1,0,0,0,0,0,0,2,0,2,0,2,0
8069839.txt,https://validalogginecz4445--12214454553224.repl.co/,52,validalogginecz4445--12214454553224.repl.co,43,0,co,21.62348198,0.775,0.0059772,0.031257578,2,1,0,0,0.0,21,0.404,18,0.346,0,0,0,5,0.096,1,198,869,1,validalogginecz4445--12214454553224repl,0.0,0.0,0,0,0,0,0,0,0,0,0,0,0,0,0,0,0,0,0,0,0,0,0,0,2,0
584088.txt,https://www.jmgraphicdesign.com,30,www.jmgraphicdesign.com,23,0,com,100.0,1.0,0.5229071,0.054340395,3,1,0,0,0.0,17,0.567,0,0.0,0,0,0,1,0.033,1,885,6951,1,jmgraphicdesign,100.0,100.0,1,0,1,0,0,1,0,0,0,1,1,0,0,0,0,0,1,26,3,8,89,2,98,1
7011004.txt,https://sites.google.com/view/offiice-voice-com/home,51,sites.google.com,16,0,com,38.27130144,0.583333333,0.5229071,0.064138499,3,1,0,0,0.0,36,0.706,0,0.0,0,0,0,7,0.137,1,2,60,0,0,0.0,0.0,0,0,0,0,0,0,0,0,0,0,0,0,0,0,0,0,0,0,0,0,0,0,0,0
599497.txt,https://www.livingprosports.com,30,www.livingprosports.com,23,0,com,100.0,1.0,0.5229071,0.058033531,3,1,0,0,0.0,17,0.567,0,0.0,0,0,0,1,0.033,1,1221,2195,1,livingprosports,100.0,100.0,1,0,1,0,0,1,0,0,0,1,1,1,0,1,1,0,1,15,8,9,249,2,6,1
124259.txt,https://www.carsonnow.org,24,www.carsonnow.org,17,0,org,100.0,1.0,0.0799628,0.069758886,3,1,0,0,0.0,11,0.458,0,0.0,0,0,0,1,0.042,1,1105,2404,1,carsonnow,100.0,100.0,1,0,0,0,0,1,0,3,0,1,1,1,0,1,0,0,1,57,2,21,152,0,117,1
384451.txt,https://www.cnes-observatoire.net,32,www.cnes-observatoire.net,25,0,net,100.0,0.764705882,0.0384199,0.067773679,3,1,0,0,0.0,18,0.562,0,0.0,0,0,0,2,0.062,1,2202,978,1,cs-observatoire,0.0,0.0,1,0,1,0,0,1,0,3,0,0,0,0,0,0,1,0,0,185,3,4,0,0,4,1
48260.txt,https://www.urlaubsgruss.com,27,www.urlaubsgruss.com,20,0,com,100.0,1.0,0.5229071,0.052664711,3,1,0,0,0.0,14,0.519,0,0.0,0,0,0,1,0.037,1,423,716,1,urlaubsgruss,100.0,100.0,1,1,1,0,0,1,0,3,0,1,0,0,0,0,0,0,1,20,5,5,8,0,16,1
532149.txt,https://www.thewho.info,22,www.thewho.info,15,0,info,100.0,1.0,0.0075051,0.049015349,4,1,0,0,0.0,9,0.409,0,0.0,0,0,0,1,0.045,1,514,1604,1,thewho,100.0,100.0,0,0,0,0,0,1,0,0,0,1,0,0,0,0,0,0,1,19,0,4,0,0,3,1
654534.txt,https://www.louiseslater.com,27,www.louiseslater.com,20,0,com,100.0,1.0,0.5229071,0.067677416,3,1,0,0,0.0,14,0.519,0,0.0,0,0,0,1,0.037,1,1297,2677,1,louiseslater,100.0,100.0,1,0,1,0,0,1,0,19,0,1,1,0,1,1,1,0,1,14,4,23,61,0,12,1
863465.txt,https://www.flagguys.com,23,www.flagguys.com,16,0,com,100.0,1.0,0.5229071,0.047191178,3,1,0,0,0.0,10,0.435,0,0.0,0,0,0,1,0.043,1,7167,2075,1,flagguys,100.0,100.0,0,1,0,0,0,1,0,1,0,0,0,1,0,0,0,0,1,10,0,0,0,0,3,1
mw79417.txt,http://www.gratis.lc,19,www.gratis.lc,13,0,lc,81.2345679,1.0,1.16e-05,0.055528249,2,1,0,0,0.0,7,0.368,0,0.0,0,0,0,1,0.053,0,11,73,1,gratis,100.0,100.0,0,0,0,0,0,0,0,0,0,0,0,0,0,0,0,0,0,0,0,0,0,0,1,0
8077159.txt,https://hjfulp4gg.web.app/,26,hjfulp4gg.web.app,17,0,app,50.7881584,0.615384615,0.001502,0.030409459,3,1,0,0,0.0,14,0.538,1,0.038,0,0,0,3,0.115,1,2,2281,1,hjfulp4ggweb,0.0,0.0,0,0,1,0,0,0,0,0,0,0,0,1,0,0,0,0,0,0,1,1,1,0,0,0
38541.txt,https://www.stramaxon.com,24,www.stramaxon.com,17,0,com,100.0,1.0,0.5229071,0.066943244,3,1,0,0,0.0,11,0.458,0,0.0,0,0,0,1,0.042,1,3305,11618,1,stramaxon,100.0,100.0,1,0,0,0,0,0,1,17,0,1,1,0,0,0,1,1,0,34,10,21,141,0,192,1
8037220.txt,http://metalharbor.com/5g5/onefile/index.php,43,metalharbor.com,15,0,com,36.23466995,1.0,0.5229071,0.055003909,3,0,0,0,0.0,29,0.674,2,0.047,0,0,0,5,0.116,0,313,142347,1,metalharbor5g5onefileindexph,0.0,0.0,0,0,1,1,0,0,0,0,1,0,1,1,1,0,1,0,1,8,2,9,0,0,3,0
565295.txt,https://www.fencesrichmond.com,29,www.fencesrichmond.com,22,0,com,100.0,1.0,0.5229071,0.064308012,3,1,0,0,0.0,16,0.552,0,0.0,0,0,0,1,0.034,1,925,8047,1,fencesrichmond,100.0,100.0,1,1,1,0,0,1,0,0,0,1,1,0,0,1,0,0,1,39,6,20,87,0,103,1
mw135197.txt,http://www.eblaq-web-ir.cf,25,www.eblaq-web-ir.cf,19,0,cf,48.44444444,0.5,0.0001858,0.050879505,2,1,0,0,0.0,11,0.44,0,0.0,0,0,0,3,0.12,0,20,213,1,eblaq-web-ir,100.0,100.0,0,0,0,1,1,0,0,0,0,0,0,0,0,0,0,0,0,0,0,0,0,0,0,0
533516.txt,https://www.cateringconnect.com,30,www.cateringconnect.com,23,0,com,100.0,1.0,0.5229071,0.070184435,3,1,0,0,0.0,17,0.567,0,0.0,0,0,0,1,0.033,1,1094,9556,1,cateringnnect,0.0,0.0,1,1,1,0,0,1,0,0,0,1,1,1,0,0,1,0,1,54,14,37,81,0,84,1
8060941.txt,https://aol-105760.weeblysite.com/,34,aol-105760.weeblysite.com,25,0,com,66.72,0.80952381,0.5229071,0.045638208,3,1,0,0,0.0,16,0.471,6,0.176,0,0,0,4,0.118,1,271,19961,1,aol-105760weeblysite,0.0,0.0,1,0,1,0,0,0,0,0,0,0,0,1,0,1,1,0,0,19,3,9,1,0,4,0
7961187.txt,https://adamnt-one-fr.web.app/,29,adamnt-one-fr.web.app,21,0,app,51.88620903,0.411764706,0.001502,0.055797831,3,1,0,0,0.0,17,0.586,0,0.0,0,0,0,4,0.138,1,45,117,1,adamnt-one-frweb,0.0,0.0,0,0,0,1,0,0,0,0,0,0,0,0,0,0,0,0,0,0,0,1,0,0,0,0
532169.txt,https://www.structbio.vanderbilt.edu,35,www.structbio.vanderbilt.edu,28,0,edu,100.0,0.55,0.0115013,0.055071113,3,2,0,0,0.0,21,0.6,0,0.0,0,0,0,2,0.057,1,203,316,1,structbiovanderbilt,0.0,0.0,1,0,0,0,0,0,0,0,0,0,1,1,0,0,1,0,0,10,1,0,19,0,22,1
mw75516.txt,http://www.herr-nourimann.com,28,www.herr-nourimann.com,22,0,com,66.47173489,0.714285714,0.5229071,0.065891939,3,1,0,0,0.0,15,0.536,0,0.0,0,0,0,2,0.071,0,39,2314,1,herr-nourimann,100.0,100.0,0,0,0,0,0,0,0,0,0,0,0,0,0,0,0,0,0,0,0,0,0,0,2,0
257115.txt,https://www.nilipe.co.tz,23,www.nilipe.co.tz,16,0,tz,100.0,0.777777778,7.47e-05,0.063530052,2,2,0,0,0.0,9,0.391,0,0.0,0,0,0,2,0.087,1,205,225,1,nilipeco,0.0,0.0,1,0,1,0,0,0,0,0,0,0,0,0,0,0,1,0,1,9,7,10,0,5,18,1
399632.txt,https://www.bollywoodbubble.com,30,www.bollywoodbubble.com,23,0,com,100.0,1.0,0.5229071,0.051659106,3,1,0,0,0.0,17,0.567,0,0.0,0,0,0,1,0.033,1,1573,8047,1,bollywoodbubble,100.0,100.0,0,1,1,0,0,1,0,0,0,1,1,1,0,0,0,0,1,54,3,36,128,9,146,1
486156.txt,https://www.rrsdiscovery.co.uk,29,www.rrsdiscovery.co.uk,22,0,uk,100.0,0.866666667,0.028555,0.059152199,2,2,0,0,0.0,15,0.517,0,0.0,0,0,0,2,0.069,1,798,8047,1,rrsdiscoveryco,0.0,0.0,0,1,1,0,0,1,0,0,0,1,1,0,0,0,0,0,0,27,5,24,49,2,72,1
829610.txt,https://www.forgani.com,22,www.forgani.com,15,0,com,100.0,1.0,0.5229071,0.065007796,3,1,0,0,0.0,9,0.409,0,0.0,0,0,0,1,0.045,1,680,9792,1,forgani,100.0,100.0,0,1,1,0,0,0,0,1,0,1,1,1,0,0,0,0,1,5,2,6,64,0,75,1
47901.txt,https://www.apahotel.com,23,www.apahotel.com,16,0,com,100.0,1.0,0.5229071,0.067690435,3,1,0,0,0.0,10,0.435,0,0.0,0,0,0,1,0.043,1,2710,3066,1,apahotel,100.0,100.0,1,0,1,0,0,1,0,6,0,1,1,1,0,0,0,0,1,93,8,36,237,0,44,1
mw141737.txt,http://www.c21k.mdwyi.com,24,www.c21k.mdwyi.com,18,0,com,52.32459848,0.8,0.5229071,0.040726706,3,2,0,0,0.0,9,0.375,2,0.083,0,0,0,2,0.083,0,2,34,0,0,0.0,0.0,0,0,0,0,0,0,0,0,0,0,0,0,0,0,0,0,0,0,0,0,0,0,0,0
6850.txt,https://www.healthcare.gov,25,www.healthcare.gov,18,0,gov,100.0,1.0,0.0033282,0.062774138,3,1,0,0,0.0,12,0.48,0,0.0,0,0,0,1,0.04,1,1351,887,1,healthcare,100.0,100.0,1,0,1,0,0,1,0,0,0,1,1,1,0,0,1,0,0,9,3,7,156,10,17,1
553645.txt,https://www.subverseindustries.com,33,www.subverseindustries.com,26,0,com,100.0,1.0,0.5229071,0.057864594,3,1,0,0,0.0,20,0.606,0,0.0,0,0,0,1,0.03,1,1708,2684,1,subverseindustries,100.0,100.0,0,0,1,0,0,1,0,19,0,1,1,1,1,1,1,0,1,24,3,22,85,6,13,1
mw134207.txt,http://www.appleidsell.ir,24,www.appleidsell.ir,18,0,ir,58.50340136,1.0,0.0012232,0.054289312,2,1,0,0,0.0,12,0.5,0,0.0,0,0,0,1,0.042,0,2,34,0,0,0.0,0.0,0,0,0,0,0,0,0,0,0,0,0,0,0,0,0,0,0,0,0,0,0,0,0,0
732662.txt,https://www.themodularbody.com,29,www.themodularbody.com,22,0,com,100.0,1.0,0.5229071,0.057822703,3,1,0,0,0.0,16,0.552,0,0.0,0,0,0,1,0.034,1,366,481,1,themodularbody,100.0,100.0,0,0,1,0,0,0,0,1,0,0,0,0,1,0,0,0,1,7,1,2,6,0,13,1
484917.txt,https://www.lt.se,16,www.lt.se,9,0,se,100.0,1.0,0.0040185,0.051183029,2,1,0,0,0.0,3,0.188,0,0.0,0,0,0,1,0.062,1,436,11898,1,lt,100.0,100.0,1,0,1,0,0,1,0,1,0,1,1,1,0,0,1,0,0,146,1,1,124,0,69,1
583309.txt,https://www.eurocities.org,25,www.eurocities.org,18,0,org,100.0,1.0,0.0799628,0.07083114,3,1,0,0,0.0,12,0.48,0,0.0,0,0,0,1,0.04,1,680,1820,1,eurocities,100.0,100.0,0,1,1,0,0,1,0,0,0,0,1,0,0,0,0,0,0,20,12,13,99,0,101,1
505527.txt,https://www.katariba.or.jp,25,www.katariba.or.jp,18,0,jp,100.0,0.818181818,0.0230451,0.057630952,2,2,0,0,0.0,11,0.44,0,0.0,0,0,0,2,0.08,1,1235,744,1,kataribaor,0.0,0.0,0,0,1,0,0,1,0,4,0,1,0,0,0,0,0,0,1,34,4,13,308,6,77,1
8016923.txt,https://smespacnebitl-comfr.web.app/,35,smespacnebitl-comfr.web.app,27,0,app,39.87850284,0.608695652,0.001502,0.05589097,3,1,0,0,0.0,24,0.686,0,0.0,0,0,0,3,0.086,1,14,100,1,smespacnebitl-comfrweb,0.0,0.0,0,0,0,1,1,0,0,0,0,0,0,0,0,0,0,0,0,0,0,0,0,0,2,0
8008194.txt,http://info-conto-online.162-0-237-145.cprapid.com/checkclient.php?&amp;sessionid=9d30164cdeb61a4caaff2d044a3fd599,113,info-conto-online.162-0-237-145.cprapid.com,43,0,com,13.24165462,0.282051282,0.5229071,0.042311152,3,2,0,0,0.0,66,0.584,26,0.23,1,1,0,12,0.124,0,212,4070,1,info-conto-online162-0-237-145cprapidcheckclientphp?&amp;sessionid=9d30164cdeb61a4caaff2d044a3fd59,0.0,0.0,0,0,1,0,0,0,0,0,0,0,0,0,0,0,0,0,1,1,0,0,1,0,1,0
8107154.txt,https://00c72f37-d56d-4d31-afd2-5a11e7e6231e.id.repl.co,55,00c72f37-d56d-4d31-afd2-5a11e7e6231e.id.repl.co,47,0,co,30.86214077,0.204545455,0.0059772,0.029267926,2,2,0,0,0.0,20,0.364,20,0.364,0,0,0,7,0.127,1,198,869,1,00c72f37-d56d-4d31-afd2-5a11e7e6231eidrepl,0.0,0.0,0,0,0,0,0,0,0,0,0,0,0,0,0,0,0,0,0,0,0,0,0,0,2,0
583455.txt,https://www.deroberhammer.com,28,www.deroberhammer.com,21,0,com,100.0,1.0,0.5229071,0.067618386,3,1,0,0,0.0,15,0.536,0,0.0,0,0,0,1,0.036,1,413,715,1,deroberhammer,100.0,100.0,1,0,1,1,0,1,0,0,1,1,1,1,0,0,0,0,1,15,5,4,2,0,7,1
8030900.txt,http://cointoolprotocol.com,26,cointoolprotocol.com,20,0,com,67.81163435,1.0,0.5229071,0.074385803,3,0,0,0,0.0,18,0.692,0,0.0,0,0,0,1,0.038,0,2,35,0,0,0.0,0.0,0,0,0,0,0,0,0,0,0,0,0,0,0,0,0,0,0,0,0,0,0,0,0,0
mw4372.txt,http://www.encounterkaspe.pl,27,www.encounterkaspe.pl,21,0,pl,70.90992647,1.0,0.0069695,0.060736313,2,1,0,0,0.0,15,0.556,0,0.0,0,0,0,1,0.037,0,2,35,0,0,0.0,0.0,0,0,0,0,0,0,0,0,0,0,0,0,0,0,0,0,0,0,0,0,0,0,0,0
35620.txt,https://www.climate-kic.org,26,www.climate-kic.org,19,0,org,100.0,0.727272727,0.0799628,0.065281876,3,1,0,0,0.0,12,0.462,0,0.0,0,0,0,2,0.077,1,3324,9381,1,climate-kic,100.0,100.0,1,1,1,0,0,1,1,2,0,1,1,0,0,0,0,0,1,36,11,21,119,17,138,1
53859.txt,https://www.theportugalnews.com,30,www.theportugalnews.com,23,0,com,100.0,1.0,0.5229071,0.058016107,3,1,0,0,0.0,17,0.567,0,0.0,0,0,0,1,0.033,1,4573,1403,1,theportugalnews,100.0,100.0,1,0,1,0,0,1,0,2,0,1,1,1,0,0,1,1,1,573,2,8,668,2,35,1
862971.txt,https://www.eparhija.me,22,www.eparhija.me,15,0,me,100.0,1.0,0.0036375,0.054906302,2,1,0,0,0.0,9,0.409,0,0.0,0,0,0,1,0.045,1,1178,5627,1,eparhija,100.0,100.0,1,0,1,0,0,0,0,0,0,1,1,1,0,0,0,0,1,60,6,6,85,0,11,1
50481.txt,https://www.makelinux.net,24,www.makelinux.net,17,0,net,100.0,1.0,0.0384199,0.054103683,3,1,0,0,0.0,11,0.458,0,0.0,0,0,0,1,0.042,1,255,398,1,makelinux,100.0,100.0,0,0,0,1,0,0,0,0,0,1,0,0,0,0,0,0,0,3,4,3,8,0,8,1
8052511.txt,https://hytfbvn6k.web.app/,26,hytfbvn6k.web.app,17,0,app,50.7881584,0.692307692,0.001502,0.031324754,3,1,0,0,0.0,14,0.538,1,0.038,0,0,0,3,0.115,1,108,8125,1,hytfbvn6kweb,0.0,0.0,0,0,1,0,0,0,0,0,0,0,0,0,0,0,0,0,0,0,0,0,0,0,3,0
8100932.txt,https://www.direlandgun.com,27,www.direlandgun.com,19,0,com,68.70404412,1.0,0.5229071,0.05798607,3,1,0,0,0.0,14,0.519,0,0.0,0,0,0,1,0.037,1,2,35,0,0,0.0,0.0,0,0,0,0,0,0,0,0,0,0,0,0,0,0,0,0,0,0,0,0,0,0,0,0
116076.txt,https://www.arla.com,19,www.arla.com,12,0,com,100.0,1.0,0.5229071,0.073871195,3,1,0,0,0.0,6,0.316,0,0.0,0,0,0,1,0.053,1,1005,5858,1,arla,100.0,100.0,1,1,1,0,0,1,0,3,0,1,0,0,0,0,1,0,1,124,1,8,64,1,50,1
8006257.txt,https://nereus.s3.amazonaws.com/stamp/wallet1.html,49,nereus.s3.amazonaws.com,23,0,com,46.12139429,0.578947368,0.5229071,0.056058921,3,2,0,0,0.0,33,0.673,2,0.041,0,0,0,6,0.122,1,163,873,1,nereuss3amazonawsstampwallet1htm,0.0,0.0,0,0,0,0,0,0,0,0,1,0,1,0,0,1,0,1,0,4,3,3,0,3,7,0
8122087.txt,https://32451.jimdosite.com/,28,32451.jimdosite.com,19,0,com,51.13573407,1.0,0.5229071,0.045347235,3,1,0,0,0.0,12,0.429,5,0.179,0,0,0,3,0.107,1,88,2820,1,32451jimdosite,0.0,0.0,0,1,1,0,0,0,0,0,0,0,0,1,0,0,1,0,0,0,1,0,1,0,0,0
oph14535.txt,https://ygn.d79.mywebsitetransfer.com/,38,ygn.d79.mywebsitetransfer.com,29,0,com,47.26119699,0.8,0.5229071,0.050313483,3,2,0,0,0.0,24,0.632,2,0.053,0,0,0,4,0.105,1,37,7186,1,ygnd79mywebsitetransfer,0.0,0.0,1,0,1,1,0,0,0,0,1,0,1,1,0,1,1,0,0,5,1,1,0,0,1,0
600950.txt,https://www.toothbrushtravels.com,32,www.toothbrushtravels.com,25,0,com,100.0,1.0,0.5229071,0.058304383,3,1,0,0,0.0,19,0.594,0,0.0,0,0,0,1,0.031,1,359,9381,1,toothbrushtravels,100.0,100.0,1,1,0,1,0,1,0,1,0,1,1,1,0,0,0,0,1,31,12,12,71,0,71,1
656058.txt,https://www.monikacheangphotography.com,38,www.monikacheangphotography.com,31,0,com,100.0,1.0,0.5229071,0.058162682,3,1,0,0,0.0,25,0.658,0,0.0,0,0,0,1,0.026,1,962,7258,1,monikacheangphotography,100.0,100.0,0,0,0,0,0,1,0,0,0,1,0,0,0,0,0,0,0,4,3,8,47,4,19,1
462638.txt,https://www.ahp.org,18,www.ahp.org,11,0,org,100.0,1.0,0.0799628,0.058960469,3,1,0,0,0.0,5,0.278,0,0.0,0,0,0,1,0.056,1,2546,1137,1,ahp,100.0,100.0,0,0,1,0,0,1,0,2,0,1,1,1,0,0,1,0,1,6,2,16,205,1,15,1
8000067.txt,http://167.71.34.181/dana.php,28,167.71.34.181,13,1,181,33.70463529,0.444444444,0.0,0.019597664,3,2,0,0,0.0,6,0.214,10,0.357,0,0,0,5,0.179,0,58,110,1,1677134danaph,0.0,0.0,0,0,1,0,0,0,0,0,0,0,0,0,0,0,0,0,0,0,0,0,0,0,1,0
mw210838.txt,http://www.forum.icsa-life.ru,29,www.forum.icsa-life.ru,22,0,ru,69.30747922,0.4,0.0180132,0.056698637,2,2,0,0,0.0,15,0.517,0,0.0,0,0,0,3,0.103,0,9,50,1,fomicsa-life,0.0,0.0,0,0,0,0,0,0,0,0,0,0,0,0,0,0,0,0,0,0,0,0,0,0,0,0
179556.txt,https://www.lejournalinternational.fr,36,www.lejournalinternational.fr,29,0,fr,100.0,1.0,0.0141483,0.060891427,2,1,0,0,0.0,23,0.639,0,0.0,0,0,0,1,0.028,1,1563,559,1,lejournalinternational,100.0,100.0,1,0,0,0,0,1,0,0,0,1,0,0,0,0,1,0,1,82,7,5,196,0,79,1
mw55395.txt,http://www.melodyr.ga,20,www.melodyr.ga,14,0,ga,73.45454545,1.0,0.0002256,0.053824417,2,1,0,0,0.0,8,0.4,0,0.0,0,0,0,1,0.05,0,20,208,1,melodyr,100.0,100.0,0,0,0,1,1,0,0,0,0,0,0,0,0,0,0,0,0,0,0,0,0,0,0,0
7968222.txt,https://confirm.address-match.workers.dev/,41,confirm.address-match.workers.dev,33,0,dev,35.46696916,0.275862069,0.0009613,0.057362401,3,2,0,0,0.0,29,0.707,0,0.0,0,0,0,4,0.098,1,6,372434,0,0,0.0,0.0,0,0,0,0,0,0,0,0,0,0,0,0,0,0,1,0,0,0,0,0,0,0,0,0
77734.txt,https://www.republika.co.id,26,www.republika.co.id,19,0,id,100.0,0.833333333,0.0014653,0.056117303,2,2,0,0,0.0,12,0.462,0,0.0,0,0,0,2,0.077,1,5831,2068,1,republkaco,0.0,0.0,1,0,1,1,0,1,0,6,0,1,0,1,0,1,1,0,1,114,3,28,89,0,686,1
7983072.txt,http://pie-pr.great-site.net/,28,pie-pr.great-site.net,21,0,net,56.3595135,0.352941176,0.0384199,0.061587038,3,1,0,0,0.0,17,0.607,0,0.0,0,0,0,4,0.143,0,2,867,0,0,0.0,0.0,0,0,1,0,0,0,0,0,0,0,0,0,0,0,0,0,0,0,0,1,1,0,1,0
612153.txt,https://www.deandavidson.com,27,www.deandavidson.com,20,0,com,100.0,1.0,0.5229071,0.061827257,3,1,0,0,0.0,14,0.519,0,0.0,0,0,0,1,0.037,1,5393,41027,1,deandavidson,100.0,100.0,1,0,1,0,0,1,0,22,0,1,1,1,1,1,1,0,1,199,14,51,170,8,46,1
163646.txt,https://www.mostlyblogging.com,29,www.mostlyblogging.com,22,0,com,100.0,1.0,0.5229071,0.055006084,3,1,0,0,0.0,16,0.552,0,0.0,0,0,0,1,0.034,1,952,14067,1,mostlyblogging,100.0,100.0,1,1,1,0,0,1,1,1,0,1,1,1,1,0,0,0,1,36,15,24,138,0,145,1
8059228.txt,https://webmail-108132.weeblysite.com/,38,webmail-108132.weeblysite.com,29,0,com,55.29924693,0.68,0.5229071,0.044322496,3,1,0,0,0.0,20,0.526,6,0.158,0,0,0,4,0.105,1,271,20436,1,webmail-108132weeblysite,0.0,0.0,1,0,1,0,0,0,0,0,0,0,0,1,0,1,1,0,0,19,3,9,1,0,4,0
535319.txt,https://www.foonka.store,23,www.foonka.store,16,0,store,100.0,1.0,0.0003212,0.064975472,5,1,0,0,0.0,10,0.435,0,0.0,0,0,0,1,0.043,1,2003,1247,1,foonka,100.0,100.0,1,0,1,1,1,1,0,2,0,1,1,1,0,0,1,0,1,30,8,8,94,6,13,1
722179.txt,https://www.revolutionbooks.org,30,www.revolutionbooks.org,23,0,org,100.0,1.0,0.0799628,0.063625691,3,1,0,0,0.0,17,0.567,0,0.0,0,0,0,1,0.033,1,1553,6376,1,revolutionbooks,100.0,100.0,1,0,1,0,0,0,0,5,0,1,1,1,0,0,0,0,1,104,7,9,130,0,111,1
394499.txt,https://www.kingstheatre.com,27,www.kingstheatre.com,20,0,com,100.0,1.0,0.5229071,0.06089711,3,1,0,0,0.0,14,0.519,0,0.0,0,0,0,1,0.037,1,686,726,1,kingstheatre,100.0,100.0,1,0,1,0,0,1,0,5,0,1,0,1,0,0,0,0,1,16,1,8,53,2,27,1
776610.txt,https://www.americanfootballmonthly.com,38,www.americanfootballmonthly.com,31,0,com,100.0,1.0,0.5229071,0.062678276,3,1,0,0,0.0,25,0.658,0,0.0,0,0,0,1,0.026,1,1162,2406,1,americanfootballmonthly,100.0,100.0,1,0,0,1,0,1,0,1,0,1,1,1,1,0,0,0,1,18,2,17,80,4,132,1
750024.txt,https://www.sptc.co.sz,21,www.sptc.co.sz,14,0,sz,100.0,0.714285714,7.4e-06,0.062754966,2,2,0,0,0.0,7,0.333,0,0.0,0,0,0,2,0.095,1,513,218,1,ptcco,0.0,0.0,0,0,1,0,0,0,0,0,0,1,1,0,0,0,0,0,1,38,3,13,2,0,9,1
490515.txt,https://www.npdlink.com,22,www.npdlink.com,15,0,com,100.0,1.0,0.5229071,0.051955014,3,1,0,0,0.0,9,0.409,0,0.0,0,0,0,1,0.045,1,1705,4201,1,npdlink,100.0,100.0,1,0,1,0,0,1,0,2,0,1,1,1,0,0,0,0,1,15,5,7,90,7,95,1
856415.txt,https://www.sruti.com,20,www.sruti.com,13,0,com,100.0,1.0,0.5229071,0.063303592,3,1,0,0,0.0,7,0.35,0,0.0,0,0,0,1,0.05,1,1447,327,1,sruti,100.0,100.0,1,0,1,0,0,1,0,0,0,0,1,0,0,0,0,0,1,60,5,23,116,3,121,1
7262736.txt,https://docs.google.com/forms/d/e/1faipqlsejavlqdkikylynqlg6p7kyfu4qnlyy31opnfttucuhgmek4a/viewform,98,docs.google.com,15,0,com,16.78278721,0.636363636,0.5229071,0.04205226,3,1,0,0,0.0,76,0.776,7,0.071,0,0,0,7,0.071,1,10,45656,1,docsgoogleformsde1faipqlsejavlqdkikylynqlg6p7kyfu4qnlyy31opnfttucuhgmek4aviewfor,0.0,0.0,1,0,1,0,0,0,0,1,0,0,1,1,0,0,1,0,0,2,0,0,2,0,2,0
885583.txt,https://www.orbitalfasteners.co.uk,33,www.orbitalfasteners.co.uk,26,0,uk,100.0,0.894736842,0.028555,0.063074485,2,2,0,0,0.0,19,0.576,0,0.0,0,0,0,2,0.061,1,2438,22775,1,orbitalfastenersco,0.0,0.0,1,0,1,0,0,1,0,1,0,1,1,1,0,0,1,0,1,48,1,19,269,2,262,1
mw11255.txt,http://www.teamcloudcomputing.com,32,www.teamcloudcomputing.com,26,0,com,81.27919511,1.0,0.5229071,0.062052991,3,1,0,0,0.0,20,0.625,0,0.0,0,0,0,1,0.031,0,2,41,0,0,0.0,0.0,0,0,0,0,0,0,0,0,0,0,0,0,0,0,0,0,0,0,0,0,0,0,0,0
230327.txt,https://www.onpointdigital.com,29,www.onpointdigital.com,22,0,com,100.0,1.0,0.5229071,0.062676285,3,1,0,0,0.0,16,0.552,0,0.0,0,0,0,1,0.034,1,470,916,1,onpointdigital,100.0,100.0,0,1,1,0,0,1,0,0,0,0,0,0,0,1,0,0,1,40,7,9,43,1,5,1
864124.txt,https://www.maeban.co.th,23,www.maeban.co.th,16,0,th,100.0,0.777777778,0.0005097,0.06943816,2,2,0,0,0.0,9,0.391,0,0.0,0,0,0,2,0.087,1,2444,2095,1,maebanco,0.0,0.0,0,0,1,0,0,1,0,6,0,1,1,1,1,0,1,0,1,60,24,28,14,30,29,1
469546.txt,https://www.norrislakeliving.com,31,www.norrislakeliving.com,24,0,com,100.0,1.0,0.5229071,0.05968645,3,1,0,0,0.0,18,0.581,0,0.0,0,0,0,1,0.032,1,659,6754,1,norrislakeliving,100.0,100.0,0,0,0,0,0,1,0,0,0,1,1,1,1,0,0,0,1,30,10,19,54,0,38,1
176084.txt,https://www.accessbankplc.com,28,www.accessbankplc.com,21,0,com,100.0,1.0,0.5229071,0.061445952,3,1,0,0,0.0,15,0.536,0,0.0,0,0,0,1,0.036,1,6143,7837,1,accessbankplc,100.0,100.0,1,0,1,0,0,0,0,0,0,1,0,1,0,1,1,0,1,52,13,18,519,20,59,1
640739.txt,https://www.formationphoto.be,28,www.formationphoto.be,21,0,be,100.0,1.0,0.0033189,0.062146311,2,1,0,0,0.0,15,0.536,0,0.0,0,0,0,1,0.036,1,2404,9455,1,formationphoto,100.0,100.0,0,1,1,0,0,1,0,0,0,1,1,1,1,0,1,0,1,31,33,50,103,0,104,1
8024271.txt,http://245432562294270.my.id/,28,245432562294270.my.id,21,0,id,28.02730866,1.0,0.0014653,0.00993246,2,1,0,0,0.0,4,0.143,15,0.536,0,0,0,2,0.071,0,3,162,0,0,5.555555556,5.555555556,0,0,0,1,0,0,0,0,0,0,0,0,0,0,0,0,0,0,0,0,0,0,0,0
171289.txt,https://www.chromeindustries.com,31,www.chromeindustries.com,24,0,com,100.0,1.0,0.5229071,0.063982865,3,1,0,0,0.0,18,0.581,0,0.0,0,0,0,1,0.032,1,1659,11101,1,chromeindustries,100.0,100.0,0,0,1,0,0,1,0,2,0,0,1,1,1,1,1,0,1,8,5,23,174,6,168,1
6091.txt,https://www.elespanol.com,24,www.elespanol.com,17,0,com,100.0,1.0,0.5229071,0.069282032,3,1,0,0,0.0,11,0.458,0,0.0,0,0,0,1,0.042,1,11608,15817,1,elespanol,100.0,100.0,1,0,1,0,0,1,0,2,0,1,1,0,0,1,0,0,1,261,3,5,482,8,229,1
627254.txt,https://www.milanolocation.it,28,www.milanolocation.it,21,0,it,100.0,1.0,0.012178,0.070034697,2,1,0,0,0.0,15,0.536,0,0.0,0,0,0,1,0.036,1,670,415,1,mlanolocaton,0.0,0.0,0,0,1,0,0,1,0,0,1,0,1,1,1,0,0,0,1,45,14,16,46,0,53,1
878354.txt,https://www.defenceviewpoints.co.uk,34,www.defenceviewpoints.co.uk,27,0,uk,100.0,0.9,0.028555,0.059224707,2,2,0,0,0.0,20,0.588,0,0.0,0,0,0,2,0.059,1,989,3255,1,defenceviewpointsco,0.0,0.0,0,1,0,0,0,1,9,0,0,1,0,1,0,0,0,0,1,11,11,8,87,0,13,1
26017.txt,https://www.gallimard.fr,23,www.gallimard.fr,16,0,fr,100.0,1.0,0.0141483,0.050904376,2,1,0,0,0.0,10,0.435,0,0.0,0,0,0,1,0.043,1,3238,570,1,gallimard,100.0,100.0,1,0,0,0,0,1,2,2,0,1,1,1,0,0,0,0,0,75,9,6,152,8,48,1
773559.txt,https://www.rpry.org,19,www.rpry.org,12,0,org,100.0,1.0,0.0799628,0.054537086,3,1,0,0,0.0,6,0.316,0,0.0,0,0,0,1,0.053,1,1456,426,1,rpry,100.0,100.0,1,0,1,0,0,1,0,1,0,1,1,1,0,0,0,0,1,5,8,57,73,0,48,1
mw69336.txt,http://www.grievingly.com,24,www.grievingly.com,18,0,com,72.38095238,1.0,0.5229071,0.052904157,3,1,0,0,0.0,12,0.5,0,0.0,0,0,0,1,0.042,0,2,87,0,0,0.0,0.0,0,0,0,0,0,0,0,0,0,0,0,0,0,0,0,0,0,0,0,0,0,0,1,0
8045842.txt,https://which0x0035.web.app/,28,which0x0035.web.app,19,0,app,52.02216066,0.666666667,0.001502,0.027040348,3,1,0,0,0.0,12,0.429,5,0.179,0,0,0,3,0.107,1,108,8125,1,which0x0035web,0.0,0.0,0,0,1,0,0,0,0,0,0,0,0,0,0,0,0,0,0,0,0,0,0,0,3,0
8030236.txt,https://visita-infotitolare.com/,31,visita-infotitolare.com,23,0,com,56.77378702,0.684210526,0.5229071,0.064590438,3,0,0,0,0.0,21,0.677,0,0.0,0,0,0,2,0.065,1,3,60,0,0,0.0,0.0,0,0,0,1,0,0,0,0,0,0,0,0,0,0,0,0,0,0,0,0,0,0,0,0
8022859.txt,https://spotty-taxis-hope-54-175-36-75.loca.lt/index1.html,57,spotty-taxis-hope-54-175-36-75.loca.lt,38,0,lt,26.67055394,0.285714286,0.0005524,0.041022673,2,1,0,0,0.0,29,0.509,10,0.175,0,0,0,10,0.175,1,2,66,0,0,0.0,0.0,0,0,0,0,0,0,0,0,0,0,0,0,0,0,0,0,0,0,0,0,0,0,0,0
mw97434.txt,http://www.kurdstankurd.no-ip.bz,31,www.kurdstankurd.no-ip.bz,25,0,bz,46.45238095,0.722222222,9.67e-05,0.047114646,2,2,0,0,0.0,17,0.548,0,0.0,0,0,0,3,0.097,0,2,40,0,0,0.0,0.0,0,0,0,0,0,0,0,0,0,0,0,0,0,0,0,0,0,0,0,0,0,0,0,0
632724.txt,https://www.jessicathorburn.com,30,www.jessicathorburn.com,23,0,com,100.0,1.0,0.5229071,0.059823843,3,1,0,0,0.0,17,0.567,0,0.0,0,0,0,1,0.033,1,2216,12851,1,jessicathorburn,100.0,100.0,1,0,0,0,0,0,7,9,0,0,1,0,0,1,1,0,1,19,3,14,138,0,168,1
mw23093.txt,http://www.unknownproxy.com,26,www.unknownproxy.com,20,0,com,81.84742647,1.0,0.5229071,0.051123505,3,1,0,0,0.0,14,0.538,0,0.0,0,0,0,1,0.038,0,9,79,1,unknownproxy,100.0,100.0,0,0,0,0,0,0,0,0,0,0,0,0,0,0,0,0,0,0,0,0,1,0,1,0
44642.txt,https://www.globalknowledge.com,30,www.globalknowledge.com,23,0,com,100.0,1.0,0.5229071,0.056652801,3,1,0,0,0.0,17,0.567,0,0.0,0,0,0,1,0.033,1,495,1296,1,globalknowledge,100.0,100.0,1,0,1,0,0,1,0,2,0,0,0,0,0,0,0,0,1,29,3,20,54,13,24,1
496237.txt,https://www.ncmvca.org,21,www.ncmvca.org,14,0,org,100.0,1.0,0.0799628,0.065234196,3,1,0,0,0.0,8,0.381,0,0.0,0,0,0,1,0.048,1,705,12867,1,ncmvca,100.0,100.0,1,0,1,0,0,1,0,0,0,1,0,0,0,0,1,0,0,3,2,12,21,0,6,1
586376.txt,https://www.hmg.es,17,www.hmg.es,10,0,es,100.0,1.0,0.0064109,0.050837342,2,1,0,0,0.0,4,0.235,0,0.0,0,0,0,1,0.059,1,186,1686,1,hmg,100.0,100.0,1,0,1,0,0,1,0,0,0,1,0,0,0,0,0,0,1,8,1,1,0,0,7,1
82267.txt,https://www.viva.co.id,21,www.viva.co.id,14,0,id,100.0,0.714285714,0.0014653,0.057875242,2,2,0,0,0.0,7,0.333,0,0.0,0,0,0,2,0.095,1,2823,4437,1,vvaco,0.0,0.0,1,1,1,0,0,1,0,1,0,1,0,0,0,0,1,0,1,58,19,22,155,0,263,1
15268.txt,https://www.lboro.ac.uk,22,www.lboro.ac.uk,15,0,uk,100.0,0.75,0.028555,0.06484481,2,2,0,0,0.0,8,0.364,0,0.0,0,0,0,2,0.091,1,1106,446,1,lboroac,0.0,0.0,1,0,1,0,0,1,0,2,0,1,1,1,0,0,1,0,1,47,2,6,81,0,81,1
8090948.txt,https://att-yahoo-mail-107829.weeblysite.com/,45,att-yahoo-mail-107829.weeblysite.com,36,0,com,35.38121455,0.53125,0.5229071,0.049758162,3,1,0,0,0.0,25,0.556,6,0.133,0,0,0,6,0.133,1,273,20231,1,att-yahoo-mail-107829weeblysite,0.0,0.0,1,0,1,0,0,0,0,0,0,0,0,1,0,1,1,0,0,19,3,9,1,0,4,0
8105639.txt,https://maildinshaakckjnw24.firebaseapp.com/,44,maildinshaakckjnw24.firebaseapp.com,35,0,com,53.31519274,0.64516129,0.5229071,0.050680363,3,1,0,0,0.0,31,0.705,2,0.045,0,0,0,3,0.068,1,108,8125,1,maildinshaakckjnw24firebaseapp,0.0,0.0,0,0,1,0,0,0,0,0,0,0,0,0,0,0,0,0,0,0,0,0,0,0,3,0
532554.txt,https://www.thefoxdenchworth.co.uk,33,www.thefoxdenchworth.co.uk,26,0,uk,100.0,0.894736842,0.028555,0.053921252,2,2,0,0,0.0,19,0.576,0,0.0,0,0,0,2,0.061,1,603,9381,1,thefoxdenchworthco,0.0,0.0,0,1,1,0,0,0,0,1,0,1,0,0,0,0,0,0,0,11,21,37,1,8,65,1
587861.txt,https://www.alivila.co.jp,24,www.alivila.co.jp,17,0,jp,100.0,0.8,0.0230451,0.056715537,2,2,0,0,0.0,10,0.417,0,0.0,0,0,0,2,0.083,1,1412,438,1,alivilaco,0.0,0.0,0,0,1,0,0,1,0,5,0,1,1,1,0,0,1,0,1,68,10,16,215,0,337,1
mw37489.txt,http://www.newsroom.cleansite.info,33,www.newsroom.cleansite.info,27,0,info,71.07750473,0.555555556,0.0075051,0.064281898,4,2,0,0,0.0,20,0.606,0,0.0,0,0,0,2,0.061,0,16,50,1,newsroomcleansite,0.0,0.0,0,0,0,0,0,0,0,0,0,0,0,0,0,0,0,0,0,0,0,0,0,0,0,0
8004205.txt,https://iledelareunion2023.web.app/,34,iledelareunion2023.web.app,26,0,app,55.68704799,0.863636364,0.001502,0.048572865,3,1,0,0,0.0,20,0.588,4,0.118,0,0,0,2,0.059,1,108,8125,1,iledelareunion2023web,0.0,0.0,0,0,1,0,0,0,0,0,0,0,0,0,0,0,0,0,0,0,0,0,0,0,3,0
7662493.txt,https://docs.google.com/presentation/d/e/2pacx-1vsbl16dsdhcklcjdbty8yzqpawdwd-cwulpmm5zbo0syclex4kg1kjb2uehs6x7q7rmng0lbrrz-s3n/pub?start=false&loop=false&delayms=3000,166,docs.google.com,15,0,com,9.540761837,0.636363636,0.5229071,0.041960176,3,1,0,0,0.0,124,0.747,18,0.108,3,1,0,12,0.096,1,11,526,1,docsgooglepresentationde2pacx-1vsbl16dsdhcklcjdbty8yzqpawdwd-cwulpmm5zbo0syclex4kg1kjb2uehs6x7q7rmng0lbrrz-s3npub?start=false&loop=false&delayms=300,0.0,0.0,0,0,0,0,0,0,0,0,0,0,0,0,0,0,0,0,0,0,0,0,1,0,1,0
8104023.txt,https://occimakina.campaieq.repl.co/,36,occimakina.campaieq.repl.co,27,0,co,35.34482759,0.458333333,0.0059772,0.064352442,2,2,0,0,0.0,24,0.667,0,0.0,0,0,0,4,0.111,1,198,869,1,occimakinacampaieqrepl,0.0,0.0,0,0,0,0,0,0,0,0,0,0,0,0,0,0,0,0,0,0,0,0,0,0,2,0
mw213146.txt,http://www.benniepeters.com,26,www.benniepeters.com,20,0,com,74.35661765,1.0,0.5229071,0.066595788,3,1,0,0,0.0,14,0.538,0,0.0,0,0,0,1,0.038,0,9,79,1,benniepeters,100.0,100.0,0,0,0,0,0,0,0,0,0,0,0,0,0,0,0,0,0,0,0,0,1,0,1,0
mw51553.txt,http://www.is-a-celticsfan.org,29,www.is-a-celticsfan.org,23,0,org,55.5952381,0.733333333,0.0799628,0.06471753,3,1,0,0,0.0,15,0.517,0,0.0,0,0,0,3,0.103,0,2,38,0,0,0.0,0.0,0,0,0,0,0,0,0,0,0,0,0,0,0,0,0,0,0,0,0,0,0,0,0,0
55814.txt,https://www.clubamerica.com.mx,29,www.clubamerica.com.mx,22,0,mx,100.0,0.8,0.0017218,0.065434948,2,2,0,0,0.0,15,0.517,0,0.0,0,0,0,2,0.069,1,832,24002,1,clubaericaco,0.0,0.0,0,1,1,0,0,0,0,2,0,1,1,0,0,0,0,0,0,117,9,15,123,7,134,1
689170.txt,https://www.clearwaterjazz.com,29,www.clearwaterjazz.com,22,0,com,100.0,1.0,0.5229071,0.057512947,3,1,0,0,0.0,16,0.552,0,0.0,0,0,0,1,0.034,1,198,1603,1,clearwaterjazz,100.0,100.0,0,1,1,1,0,1,0,3,0,1,0,0,0,0,0,0,1,19,4,14,20,1,7,1
497217.txt,https://www.palaeovertebrata.com,31,www.palaeovertebrata.com,24,0,com,100.0,1.0,0.5229071,0.067121164,3,1,0,0,0.0,18,0.581,0,0.0,0,0,0,1,0.032,1,812,2088,1,palaeovertebrata,100.0,100.0,1,0,0,0,0,0,0,0,0,1,0,1,0,0,0,0,1,17,1,3,83,10,16,1
oph10195.txt,https://steamcommaunlty.com/profiles/7656119894193249586582,59,steamcommaunlty.com,19,0,com,32.16218614,1.0,0.5229071,0.034195935,3,0,0,0,0.0,26,0.441,22,0.373,0,0,0,3,0.051,1,2,289,1,steammaunltyprofiles7656119894193249586582,0.0,0.0,0,0,0,0,0,0,0,0,0,0,0,0,0,0,0,0,0,0,0,0,0,0,0,0
8058356.txt,https://acessodasuafaturaluiza.com/?gclid=eaiaiqobchmi39lv473a_qiv5xpuar0wzq2leaayasaaegkbkpd_bwe,97,acessodasuafaturaluiza.com,26,0,com,13.68233528,1.0,0.5229071,0.045799329,3,0,0,0,0.0,75,0.773,8,0.082,1,1,0,4,0.062,1,2,105,0,0,0.0,1.19047619,0,0,0,0,0,0,0,0,0,0,0,0,0,0,0,0,0,0,0,0,0,0,0,0
871746.txt,https://www.cosbid.org,21,www.cosbid.org,14,0,org,100.0,1.0,0.0799628,0.06394228,3,1,0,0,0.0,8,0.381,0,0.0,0,0,0,1,0.048,1,890,9381,1,cosbid,100.0,100.0,0,1,1,0,0,0,0,1,0,1,0,1,0,0,0,0,1,17,12,22,57,3,64,1
444582.txt,https://www.limeade.com,22,www.limeade.com,15,0,com,100.0,1.0,0.5229071,0.070426161,3,1,0,0,0.0,9,0.409,0,0.0,0,0,0,1,0.045,1,1061,10686,1,limeade,100.0,100.0,0,1,1,0,0,1,0,5,1,1,0,0,0,0,0,0,1,20,14,8,62,0,60,1
mw66117.txt,http://www.re.fburl.fun,22,www.re.fburl.fun,16,0,fun,51.28205128,0.75,0.0001194,0.041407073,3,2,0,0,0.0,9,0.409,0,0.0,0,0,0,2,0.091,0,8,41,1,refburl,0.0,0.0,0,0,0,0,0,0,0,0,0,0,0,0,0,0,0,0,0,0,0,0,0,0,0,0
8003007.txt,http://y65s.com,14,y65s.com,8,0,com,75.69444444,0.75,0.5229071,0.040977896,3,0,0,0,0.0,4,0.286,2,0.143,0,0,0,1,0.071,0,4,50,0,0,0.0,0.0,0,0,0,0,0,0,0,0,0,0,0,0,0,0,0,0,0,0,0,0,1,0,1,0
8080130.txt,https://apple.jvvvvv.cn/jp/signin.php?account?ssi=1aaabf_tcbvcgq2-4wqo%3d,73,apple.jvvvvv.cn,15,0,cn,15.73892774,0.583333333,0.0033218,0.04056046,2,1,0,0,0.0,50,0.685,4,0.055,1,2,1,7,0.151,1,3311,1413931,1,applejvvvvvjpsigninphp?account?ssi=1aaabf_tcbvcgq2-4wqo%3d,0.0,0.0,1,0,1,1,0,1,0,1,0,0,1,1,0,0,1,0,1,1,5,0,2,2,34,0
71397.txt,https://www.outkick.com,22,www.outkick.com,15,0,com,100.0,1.0,0.5229071,0.059174741,3,1,0,0,0.0,9,0.409,0,0.0,0,0,0,1,0.045,1,4256,34267,1,outkick,100.0,100.0,1,1,1,0,0,1,0,0,1,1,1,1,1,0,1,0,0,114,31,78,245,7,269,1
8121415.txt,https://wwxhajudjgwjklckvzgs16.firebaseapp.com/,47,wwxhajudjgwjklckvzgs16.firebaseapp.com,38,0,com,43.73179913,0.676470588,0.5229071,0.037412163,3,1,0,0,0.0,34,0.723,2,0.043,0,0,0,3,0.064,1,229,82948,1,wwxhajudjgwjklckvzgs16firebaseapp,0.0,0.0,0,0,0,0,0,0,0,2,0,0,0,0,0,0,0,0,0,0,0,2,0,0,1,0
mw65696.txt,http://www.gnm.pplink.club,25,www.gnm.pplink.club,19,0,club,58.44444444,0.7,0.0006227,0.043728023,4,2,0,0,0.0,12,0.48,0,0.0,0,0,0,2,0.08,0,8,41,1,gnmpplink,0.0,0.0,0,0,0,0,0,0,0,0,0,0,0,0,0,0,0,0,0,0,0,0,0,0,0,0
42942.txt,https://www.office.co.uk,23,www.office.co.uk,16,0,uk,100.0,0.777777778,0.028555,0.062734527,2,2,0,0,0.0,9,0.391,0,0.0,0,0,0,2,0.087,1,7012,653,1,officeco,0.0,0.0,0,0,1,0,0,1,0,2,1,1,1,1,0,0,1,1,1,3,4,23,342,0,11,1
7745545.txt,https://storageapi.fleek.co/f93bbabc-c9fe-416b-9895-abc3c414d6f4-bucket/tec2/index.html,86,storageapi.fleek.co,19,0,co,24.82543963,0.6875,0.0059772,0.040499258,2,1,0,0,0.0,50,0.581,17,0.198,0,0,0,11,0.128,1,2,95,0,0,0.0,0.0,0,0,0,0,0,0,0,0,0,0,0,0,0,0,0,0,0,0,0,0,0,0,0,0
694774.txt,https://www.villedemont-tremblant.qc.ca,38,www.villedemont-tremblant.qc.ca,31,0,ca,100.0,0.5,0.0101825,0.057448891,2,2,0,0,0.0,23,0.605,0,0.0,0,0,0,3,0.079,1,2087,3056,1,villedemont-tremblantq,0.0,0.0,0,0,1,0,0,1,0,0,0,1,1,1,0,0,0,0,1,62,10,10,218,2,57,1
801687.txt,https://www.georgesdgordon.com,29,www.georgesdgordon.com,22,0,com,100.0,1.0,0.5229071,0.065243295,3,1,0,0,0.0,16,0.552,0,0.0,0,0,0,1,0.034,1,305,3969,1,georgesdgordon,100.0,100.0,1,0,1,0,0,0,0,0,0,0,0,0,0,0,0,0,1,8,11,12,29,2,36,1
682503.txt,https://www.pcb-3d.com,21,www.pcb-3d.com,14,0,com,100.0,0.833333333,0.5229071,0.046724395,3,1,0,0,0.0,6,0.286,1,0.048,0,0,0,2,0.095,1,1241,8491,1,pcb-3d,100.0,100.0,0,1,1,0,0,1,0,0,0,1,1,0,0,0,0,0,1,6,10,14,427,0,431,1
8054188.txt,http://yeqk42t.square.site/,27,yeqk42t.square.site,19,0,site,72.29916898,0.642857143,0.0017656,0.044966047,4,1,0,0,0.0,15,0.556,2,0.074,0,0,0,3,0.111,0,13,93,1,yeqk42tsquare,0.0,0.0,0,0,0,1,1,0,0,0,0,0,0,0,0,0,0,0,0,0,0,0,1,0,1,0
132937.txt,https://www.ices.on.ca,21,www.ices.on.ca,14,0,ca,100.0,0.714285714,0.0101825,0.073434622,2,2,0,0,0.0,7,0.333,0,0.0,0,0,0,2,0.095,1,1249,853,1,ieson,0.0,0.0,1,1,0,0,0,0,0,0,0,1,0,1,0,0,0,0,1,7,1,19,196,6,21,1
541577.txt,https://www.danceshopper.com,27,www.danceshopper.com,20,0,com,100.0,1.0,0.5229071,0.063587224,3,1,0,0,0.0,14,0.519,0,0.0,0,0,0,1,0.037,1,2782,305,1,danceshopper,100.0,100.0,0,0,1,1,0,0,0,0,0,1,1,1,1,0,1,0,1,40,4,14,50,0,45,1
222395.txt,https://www.rockmeafrica.com,27,www.rockmeafrica.com,20,0,com,100.0,1.0,0.5229071,0.068268576,3,1,0,0,0.0,14,0.519,0,0.0,0,0,0,1,0.037,1,4648,9458,1,rockmeafrica,100.0,100.0,1,1,1,0,0,0,0,2,0,1,1,0,1,0,0,0,1,34,10,11,125,8,135,1
139050.txt,https://www.mornd.com,20,www.mornd.com,13,0,com,100.0,1.0,0.5229071,0.069876942,3,1,0,0,0.0,7,0.35,0,0.0,0,0,0,1,0.05,1,3683,33479,1,mornd,100.0,100.0,0,1,1,0,0,1,0,2,0,1,1,1,0,1,1,0,1,66,25,40,270,0,318,1
224907.txt,https://www.arema.org,20,www.arema.org,13,0,org,100.0,1.0,0.0799628,0.077270348,3,1,0,0,0.0,7,0.35,0,0.0,0,0,0,1,0.05,1,1354,5593,1,arema,100.0,100.0,1,0,1,1,0,0,0,1,0,1,1,1,0,0,0,0,1,9,3,11,55,0,36,1
mw201344.txt,http://www.thungracmoitruong.com.vn,34,www.thungracmoitruong.com.vn,28,0,vn,57.5,0.857142857,0.0013635,0.058356845,2,2,0,0,0.0,21,0.618,0,0.0,0,0,0,2,0.059,0,9,87,1,thungracmoitruongcom,0.0,0.0,0,0,0,0,0,0,0,0,0,0,0,0,0,0,0,0,0,0,0,0,1,0,1,0
oph01736.txt,https://royalmail.redelivery-now.com/user.php?&sessionid=a62286b138a6cd6cb282bf49899b5b95&securessl=true,103,royalmail.redelivery-now.com,28,0,com,14.81958763,0.458333333,0.5229071,0.042288853,3,1,0,0,0.0,64,0.621,21,0.204,2,1,0,7,0.097,1,90,394,1,royalmailredelivery-nowuserphp?&sessionid=a62286b138a6cd6cb282bf49899b5b95&securessl=tru,0.0,0.0,0,1,1,0,0,0,0,0,0,0,1,1,0,0,0,0,0,0,2,0,2,0,2,0
8024103.txt,http://47398282jhu2.47398282jhu2.repl.co/,40,47398282jhu2.47398282jhu2.repl.co,33,0,co,21.78469184,0.433333333,0.0059772,0.018010286,2,2,0,0,0.0,12,0.3,18,0.45,0,0,0,3,0.075,0,198,869,1,47398282jhu247398282jhu2repl,0.0,0.0,0,0,0,0,0,0,0,0,0,0,0,0,0,0,0,0,0,0,0,0,0,0,2,0
696034.txt,https://www.wakusei.jp,21,www.wakusei.jp,14,0,jp,100.0,1.0,0.0230451,0.044294944,2,1,0,0,0.0,8,0.381,0,0.0,0,0,0,1,0.048,1,310,353,1,wakusei,100.0,100.0,1,1,0,0,0,1,0,0,0,0,0,0,0,0,0,0,1,1,3,3,46,0,16,1
733696.txt,https://www.revistaadios.es,26,www.revistaadios.es,19,0,es,100.0,1.0,0.0064109,0.064655677,2,1,0,0,0.0,13,0.5,0,0.0,0,0,0,1,0.038,1,1813,629,1,rvistaadios,0.0,0.0,1,1,1,0,0,1,0,5,0,1,0,1,0,0,0,0,1,127,6,13,2,0,21,1
726972.txt,https://www.hofbrauhaus.us,25,www.hofbrauhaus.us,18,0,us,100.0,1.0,0.0045585,0.0469968,2,1,0,0,0.0,12,0.48,0,0.0,0,0,0,1,0.04,1,850,9381,1,hofbrahas,0.0,0.0,1,1,1,0,0,0,0,6,0,1,1,1,0,0,0,0,1,24,3,27,44,2,51,1
5246.txt,https://www.clickup.com,22,www.clickup.com,15,0,com,100.0,1.0,0.5229071,0.055535022,3,1,0,0,0.0,9,0.409,0,0.0,0,0,0,1,0.045,1,3347,9996,1,clickup,100.0,100.0,0,0,0,1,1,0,0,1,0,1,1,1,0,0,1,0,1,69,4,12,166,0,46,1
57251.txt,https://www.huffingtonpost.kr,28,www.huffingtonpost.kr,21,0,kr,100.0,1.0,0.0022733,0.046887933,2,1,0,0,0.0,15,0.536,0,0.0,0,0,0,1,0.036,1,2093,637,1,huffingtonpost,100.0,100.0,1,1,1,0,0,1,0,2,0,1,1,1,0,0,0,0,1,74,20,27,185,0,39,1
685826.txt,https://www.texascooking.com,27,www.texascooking.com,20,0,com,100.0,1.0,0.5229071,0.064520733,3,1,0,0,0.0,14,0.519,0,0.0,0,0,0,1,0.037,1,370,189,1,texasoking,0.0,0.0,0,0,1,0,0,1,0,0,0,1,1,0,0,0,0,0,1,10,4,8,23,4,15,1
112254.txt,https://www.sakuramobile.jp,26,www.sakuramobile.jp,19,0,jp,100.0,1.0,0.0230451,0.055144841,2,1,0,0,0.0,13,0.5,0,0.0,0,0,0,1,0.038,1,723,5470,1,sakuramobile,100.0,100.0,0,1,1,0,0,1,0,2,0,1,0,0,0,0,1,0,1,14,7,24,89,0,98,1
mw67736.txt,http://www.bibox365.us,21,www.bibox365.us,15,0,us,77.88461538,1.0,0.0045585,0.027711021,2,1,0,0,0.0,6,0.286,3,0.143,0,0,0,1,0.048,0,2,30,0,0,0.0,0.0,0,0,0,0,0,0,0,0,0,0,0,0,0,0,0,0,0,0,0,0,0,0,0,0
61063.txt,https://www.guidedways.com,25,www.guidedways.com,18,0,com,100.0,1.0,0.5229071,0.050835561,3,1,0,0,0.0,12,0.48,0,0.0,0,0,0,1,0.04,1,312,2562,1,guidedways,100.0,100.0,0,0,1,0,0,0,0,1,0,0,0,0,0,0,0,0,0,2,5,7,17,0,21,1
8128045.txt,https://digitale-drehtuer.de/red,32,digitale-drehtuer.de,20,0,de,84.44444444,0.529411765,0.0326503,0.057124969,2,0,0,0,0.0,21,0.656,0,0.0,0,0,0,3,0.094,1,9,83,1,digitale-drehtuerred,0.0,100.0,0,0,0,0,0,0,0,0,0,0,0,0,0,0,0,0,0,0,0,0,1,0,1,0
mw27845.txt,http://www.4up4.com,18,www.4up4.com,12,0,com,73.61111111,0.75,0.5229071,0.039006143,3,1,0,0,0.0,4,0.222,2,0.111,0,0,0,1,0.056,0,15,155,1,4up4,100.0,100.0,0,0,1,0,0,0,0,0,0,0,0,0,0,0,0,0,0,0,0,0,0,0,0,0
8076516.txt,https://dev-hnhhficohmc.pantheonsite.io/,40,dev-hnhhficohmc.pantheonsite.io,31,0,io,66.93548387,0.464285714,0.0129268,0.056889568,2,1,0,0,0.0,28,0.7,0,0.0,0,0,0,4,0.1,1,141,161,1,dev-hnhhficohmcpantheonsite,0.0,0.0,0,0,0,0,0,0,0,0,0,0,0,0,0,0,0,0,0,4,0,0,0,0,3,0
mw6921.txt,http://www.owly.space,20,www.owly.space,14,0,space,69.45454545,1.0,0.0003175,0.050579224,5,1,0,0,0.0,8,0.4,0,0.0,0,0,0,1,0.05,0,2,28,0,0,0.0,0.0,0,0,0,0,0,0,0,0,0,0,0,0,0,0,0,0,0,0,0,0,0,0,0,0
239598.txt,https://www.taksiitasuomi.fi,27,www.taksiitasuomi.fi,20,0,fi,100.0,1.0,0.0027596,0.05720819,2,1,0,0,0.0,14,0.519,0,0.0,0,0,0,1,0.037,1,650,9943,1,taksiitasuomi,100.0,100.0,1,1,1,0,0,1,0,0,0,1,1,0,0,0,0,0,0,19,6,10,60,0,66,1
8062797.txt,https://s1madyjv.web.app/,25,s1madyjv.web.app,16,0,app,60.75367647,0.666666667,0.001502,0.036864533,3,1,0,0,0.0,13,0.52,1,0.04,0,0,0,3,0.12,1,108,8125,1,s1madyjvweb,0.0,0.0,0,0,1,0,0,0,0,0,0,0,0,0,0,0,0,0,0,0,0,0,0,0,3,0
91651.txt,https://www.santaclara.org,25,www.santaclara.org,18,0,org,100.0,1.0,0.0799628,0.069717896,3,1,0,0,0.0,12,0.48,0,0.0,0,0,0,1,0.04,1,1442,1826,1,santaclara,100.0,100.0,1,1,1,0,0,1,1,3,1,1,1,1,0,0,0,0,1,27,28,34,167,3,208,1
463590.txt,https://www.hamiltontn.gov,25,www.hamiltontn.gov,18,0,gov,100.0,1.0,0.0033282,0.060958848,3,1,0,0,0.0,12,0.48,0,0.0,0,0,0,1,0.04,1,1005,1041,1,hamiltontn,100.0,100.0,0,1,0,0,0,0,0,0,0,1,0,1,0,0,1,0,1,3,1,9,10,2,25,1
mw24774.txt,http://www.ancient-parrot-9.loca.lt,34,www.ancient-parrot-9.loca.lt,28,0,lt,47.59722222,0.428571429,0.0005524,0.063615154,2,2,0,0,0.0,18,0.529,1,0.029,0,0,0,4,0.118,0,9,44,1,ancient-parrot-9oca,0.0,0.0,0,0,0,0,0,0,0,0,0,0,0,0,0,0,0,0,0,0,0,0,0,0,0,0
oph01288.txt,http://www.narrenzunft-muehlenbach.de/tmpe/frlabanquepostale.fr/d49fc389fb63e5e/login.php,89,www.narrenzunft-muehlenbach.de,30,0,de,27.39120665,0.52173913,0.0326503,0.046396514,2,1,0,0,0.0,62,0.697,8,0.09,0,0,0,8,0.09,0,158,227,1,narrenzunft-muehlenbachtmpefrlabanquepostalefrd49fc389fb63e5eloginphp,0.0,0.0,0,1,1,0,0,0,0,0,0,0,0,0,1,0,0,0,0,6,2,4,0,0,1,0
652101.txt,https://www.jackcubedesign.com,29,www.jackcubedesign.com,22,0,com,100.0,1.0,0.5229071,0.055790842,3,1,0,0,0.0,16,0.552,0,0.0,0,0,0,1,0.034,1,3518,9058,1,jackcubedesign,100.0,100.0,0,0,1,0,0,1,0,19,0,1,1,1,1,1,1,0,1,87,4,18,259,0,29,1
762262.txt,https://www.lizzomusic.com,25,www.lizzomusic.com,18,0,com,100.0,1.0,0.5229071,0.056573089,3,1,0,0,0.0,12,0.48,0,0.0,0,0,0,1,0.04,1,13255,26914,1,lizzomusic,100.0,100.0,0,1,1,0,0,1,1,29,0,1,1,1,0,0,0,1,1,91,27,15,62,2,122,1
238092.txt,https://www.visitguatemala.com,29,www.visitguatemala.com,22,0,com,100.0,1.0,0.5229071,0.061076716,3,1,0,0,0.0,16,0.552,0,0.0,0,0,0,1,0.034,1,4410,17333,1,visitguatemala,100.0,100.0,1,0,1,0,0,1,0,11,0,1,1,1,0,0,0,0,1,96,29,45,75,1,91,1
426658.txt,https://www.clvu.org,19,www.clvu.org,12,0,org,100.0,1.0,0.0799628,0.053829338,3,1,0,0,0.0,6,0.316,0,0.0,0,0,0,1,0.053,1,626,2176,1,clvu,100.0,100.0,1,0,1,1,0,1,0,3,0,1,0,0,0,0,1,0,0,34,1,12,43,0,20,1
177639.txt,https://www.westernfolklife.org,30,www.westernfolklife.org,23,0,org,100.0,1.0,0.0799628,0.057132118,3,1,0,0,0.0,17,0.567,0,0.0,0,0,0,1,0.033,1,3584,14414,1,westernfolklife,100.0,100.0,1,0,1,0,0,1,0,3,0,1,0,0,0,0,1,0,1,24,6,22,68,1,29,1
8107831.txt,https://notizia.ga/ionos/app/index.php?email=redacted@abuse.ionos.com,69,notizia.ga,10,0,ga,18.44544044,1.0,0.0002256,0.061132269,2,0,0,0,0.0,51,0.739,0,0.0,1,1,0,8,0.145,1,225,3511,0,0,0.0,0.0,0,0,1,0,0,0,0,1,0,0,1,0,1,0,0,0,0,0,5,0,0,0,18,0
380846.txt,https://www.indosport.com,24,www.indosport.com,17,0,com,100.0,1.0,0.5229071,0.066246543,3,1,0,0,0.0,11,0.458,0,0.0,0,0,0,1,0.042,1,2670,3261,1,indosport,100.0,100.0,0,1,1,1,0,1,0,0,0,1,1,1,0,0,1,0,1,73,10,86,218,4,222,1
65479.txt,https://www.aos.org,18,www.aos.org,11,0,org,100.0,1.0,0.0799628,0.080801532,3,1,0,0,0.0,5,0.278,0,0.0,0,0,0,1,0.056,1,1501,6773,1,aos,100.0,100.0,0,0,1,0,0,0,0,2,0,1,1,1,0,0,1,0,1,30,3,23,61,0,45,1
557698.txt,https://www.indoexpoco.com,25,www.indoexpoco.com,18,0,com,100.0,1.0,0.5229071,0.068696839,3,1,0,0,0.0,12,0.48,0,0.0,0,0,0,1,0.04,1,717,9381,1,indoexpo,80.0,80.0,0,1,1,0,0,0,0,0,0,0,0,0,0,0,0,0,1,20,8,12,85,3,87,1
mw110306.txt,http://www.3gx2kpu4t.cfd,23,www.3gx2kpu4t.cfd,17,0,cfd,39.63675214,0.444444444,1.12e-05,0.022874368,3,1,0,0,0.0,8,0.348,3,0.13,0,0,0,1,0.043,0,2,33,0,0,0.0,0.0,0,0,0,0,0,0,0,0,0,0,0,0,0,0,0,0,0,0,0,0,0,0,0,0
573997.txt,https://www.esthercossiofotografia.es,36,www.esthercossiofotografia.es,29,0,es,100.0,1.0,0.0064109,0.066232339,2,1,0,0,0.0,23,0.639,0,0.0,0,0,0,1,0.028,1,1604,8048,1,sthrcossiofotografia,0.0,0.0,1,1,0,0,0,1,0,1,0,1,1,1,0,0,0,0,1,26,4,8,2,2,206,1
496572.txt,https://www.ruskeslovo.com,25,www.ruskeslovo.com,18,0,com,100.0,1.0,0.5229071,0.062041624,3,1,0,0,0.0,12,0.48,0,0.0,0,0,0,1,0.04,1,9569,37070,1,ruskeslovo,100.0,100.0,1,1,1,0,0,0,0,1,0,1,1,1,0,0,0,0,1,435,14,26,1482,3,1493,1
220385.txt,https://www.luthersem.edu,24,www.luthersem.edu,17,0,edu,100.0,1.0,0.0115013,0.057440767,3,1,0,0,0.0,11,0.458,0,0.0,0,0,0,1,0.042,1,496,1820,1,luthersem,100.0,100.0,0,1,1,0,0,1,0,2,0,1,1,1,0,0,0,0,0,13,6,18,103,0,33,1
8102059.txt,https://sparka-id.info/,23,sparka-id.info,14,0,info,78.23129252,0.777777778,0.0075051,0.054425743,4,0,0,0,0.0,12,0.522,0,0.0,0,0,0,3,0.13,1,11,203,0,0,0.0,0.0,0,0,0,1,0,0,0,0,0,0,0,0,0,0,0,0,0,0,0,0,0,0,0,0
oph05181.txt,http://mynetbank.application.online.snmarketingonline.com/,58,mynetbank.application.online.snmarketingonline.com,50,0,com,30.47843137,0.391304348,0.5229071,0.061242488,3,3,0,0,0.0,46,0.793,0,0.0,0,0,0,5,0.086,0,36,265,1,mynetbankapplicationonlinesnmarketingonline,0.0,0.0,0,0,0,0,0,0,0,0,0,0,0,0,0,1,0,0,0,0,0,0,0,0,0,0
mw135259.txt,http://www.moshahede-adl.cf,26,www.moshahede-adl.cf,20,0,cf,60.28450596,0.769230769,0.0001858,0.060424077,2,1,0,0,0.0,13,0.5,0,0.0,0,0,0,2,0.077,0,20,214,1,moshahede-adl,100.0,100.0,0,0,0,1,1,0,0,0,0,0,0,0,0,0,0,0,0,0,0,0,0,0,0,0
mw215040.txt,http://www.miraibotnet.ml,24,www.miraibotnet.ml,18,0,ml,73.7414966,1.0,0.0001306,0.064669182,2,1,0,0,0.0,12,0.5,0,0.0,0,0,0,1,0.042,0,8,49,1,iraibotnet,90.90909091,90.90909091,0,0,0,0,0,0,0,0,0,0,0,0,0,0,0,0,0,0,0,0,0,0,0,0
624065.txt,https://www.handcarryonly.com,28,www.handcarryonly.com,21,0,com,100.0,1.0,0.5229071,0.058453765,3,1,0,0,0.0,15,0.536,0,0.0,0,0,0,1,0.036,1,637,1816,1,handcarryonly,100.0,100.0,1,1,1,0,0,1,0,0,0,0,1,1,0,0,0,0,1,11,4,9,46,2,94,1
447039.txt,https://www.beautyonmind.com,27,www.beautyonmind.com,20,0,com,100.0,1.0,0.5229071,0.06015994,3,1,0,0,0.0,14,0.519,0,0.0,0,0,0,1,0.037,1,2394,8047,1,beautyonmind,100.0,100.0,0,1,1,0,0,1,0,0,0,1,1,0,0,0,1,0,1,44,8,17,186,5,205,1
7475567.txt,https://www.bnbchain.world/en/balances,37,www.bnbchain.world,18,0,world,55.68704799,1.0,0.0002282,0.056653221,5,1,0,0,0.0,22,0.595,0,0.0,0,0,0,3,0.081,1,8,46,1,bnbchainenbalance,0.0,94.44444444,0,0,0,0,0,0,0,0,0,0,0,0,0,0,0,0,0,0,0,0,0,0,0,0
mw77673.txt,http://www.artisticintercessor.com,33,www.artisticintercessor.com,27,0,com,66.00504096,1.0,0.5229071,0.069027398,3,1,0,0,0.0,21,0.636,0,0.0,0,0,0,1,0.03,0,2,2826,1,artisticintercessor,100.0,100.0,0,0,1,0,0,0,0,0,0,0,0,0,0,0,0,0,0,0,0,1,1,0,1,0
826734.txt,https://www.diggypod.com,23,www.diggypod.com,16,0,com,100.0,1.0,0.5229071,0.04961981,3,1,0,0,0.0,10,0.435,0,0.0,0,0,0,1,0.043,1,1610,9381,1,diggypod,100.0,100.0,1,1,1,0,0,1,0,0,0,1,0,1,0,0,1,0,1,51,12,19,138,0,76,1
8135686.txt,http://uchangepro-exchange.info/,32,uchangepro-exchange.info,24,0,info,45.98611111,0.578947368,0.0075051,0.057254936,4,0,0,0,0.0,22,0.688,0,0.0,0,0,0,3,0.094,0,25,123487,1,uchangepro-exchange,100.0,100.0,1,0,0,1,0,0,1,1,0,0,1,1,0,0,0,0,1,0,1,1,0,0,3,0
8084320.txt,https://ount.catariproduction.com/jp.php,40,ount.catariproduction.com,25,0,com,43.69081439,0.80952381,0.5229071,0.05739576,3,1,0,0,0.0,28,0.7,0,0.0,0,0,0,4,0.1,1,35,126,1,ountcatariproductionjpphp,0.0,0.0,0,1,1,1,0,0,0,0,0,0,0,0,0,0,0,0,0,0,0,1,0,0,0,0
8094525.txt,https://bancaenlineaittauu.herokuapp.com/,41,bancaenlineaittauu.herokuapp.com,32,0,com,56.95997407,0.678571429,0.5229071,0.06036197,3,1,0,0,0.0,30,0.732,0,0.0,0,0,0,3,0.073,1,28,76,1,bancaenlineaittauuherokuapp,0.0,0.0,0,0,1,0,0,0,0,3,0,0,0,0,0,0,0,0,0,0,0,0,0,0,0,0
450083.txt,https://www.omegla.xyz,21,www.omegla.xyz,14,0,xyz,100.0,1.0,0.0017496,0.052942184,3,1,0,0,0.0,8,0.381,0,0.0,0,0,0,1,0.048,1,218,285,1,omegla,100.0,100.0,1,1,0,0,0,1,0,0,0,0,0,0,0,0,1,0,1,14,3,6,12,0,30,1
8070873.txt,http://suspensionk22.hostfree.pw/,33,suspensionk22.hostfree.pw,25,0,pw,49.74769231,0.636363636,0.0001665,0.049692842,2,1,0,0,0.0,21,0.636,2,0.061,0,0,0,3,0.091,0,2,836,0,0,0.0,0.0,0,0,0,0,0,0,0,0,0,0,0,0,0,0,0,0,0,0,0,1,1,0,1,0
7532524.txt,http://ifibybo.cluster028.hosting.ovh.net/dgfip/dossier=9839822a/past3904903992003/remboursementaml/open_snrc/portail/service/,125,ifibybo.cluster028.hosting.ovh.net,34,0,net,23.99387793,0.366666667,0.0384199,0.0453932,3,3,0,0,0.0,82,0.656,23,0.184,1,0,0,12,0.104,0,2,134,0,0,3.333333333,0.934579439,0,0,0,0,0,0,0,0,0,0,0,0,0,0,0,0,0,0,0,0,0,0,0,0
797374.txt,https://www.ruhaniat.org,23,www.ruhaniat.org,16,0,org,100.0,1.0,0.0799628,0.062123312,3,1,0,0,0.0,10,0.435,0,0.0,0,0,0,1,0.043,1,799,854,1,ruhaniat,100.0,100.0,0,0,1,0,0,1,0,0,0,1,0,0,0,0,1,0,1,32,11,19,85,45,24,1
8116717.txt,http://jposdhu.com,18,jposdhu.com,11,0,com,72.45179063,1.0,0.5229071,0.05114198,3,0,0,0,0.0,10,0.556,0,0.0,0,0,0,1,0.056,0,11,70,1,jposdhu,100.0,100.0,0,0,0,0,0,0,0,0,0,0,0,0,0,0,0,0,0,0,0,0,1,0,1,0
223444.txt,https://www.mascotmedia.net,26,www.mascotmedia.net,19,0,net,100.0,1.0,0.0384199,0.0694189,3,1,0,0,0.0,13,0.5,0,0.0,0,0,0,1,0.038,1,1341,6638,1,mascotmedia,100.0,100.0,0,1,1,0,0,0,0,1,1,1,1,1,1,0,1,0,1,21,28,22,47,0,51,1
729022.txt,https://www.cerebralpalsycymru.org,33,www.cerebralpalsycymru.org,26,0,org,100.0,1.0,0.0799628,0.057421233,3,1,0,0,0.0,20,0.606,0,0.0,0,0,0,1,0.03,1,1606,780,1,cerebralpalsycymru,100.0,100.0,1,0,1,0,0,1,0,2,0,1,0,0,0,0,0,0,1,31,18,26,120,0,90,1
80339.txt,https://www.alaska.org,21,www.alaska.org,14,0,org,100.0,1.0,0.0799628,0.065439596,3,1,0,0,0.0,8,0.381,0,0.0,0,0,0,1,0.048,1,4754,3219,1,alaska,100.0,100.0,1,1,1,0,0,1,0,2,0,1,1,1,0,1,0,0,1,27,2,9,704,1,702,1
8054618.txt,http://www.essiandco.com/jp,27,www.essiandco.com,17,0,com,76.37867647,1.0,0.5229071,0.062576642,3,1,0,0,0.0,14,0.519,0,0.0,0,0,0,2,0.074,0,35,126,1,essiandcojp,0.0,100.0,0,1,1,1,0,0,0,0,0,0,0,0,0,0,0,0,0,0,0,1,0,0,0,0
40732.txt,https://www.popbuzz.com,22,www.popbuzz.com,15,0,com,100.0,1.0,0.5229071,0.043556815,3,1,0,0,0.0,9,0.409,0,0.0,0,0,0,1,0.045,1,5479,1170,1,popbuzz,100.0,100.0,1,0,0,0,0,0,2,3,0,1,0,0,0,1,0,0,1,25,3,10,304,1,99,1
659295.txt,https://www.regalsalons.com,26,www.regalsalons.com,19,0,com,100.0,1.0,0.5229071,0.067314447,3,1,0,0,0.0,13,0.5,0,0.0,0,0,0,1,0.038,1,525,2260,1,regalsalons,100.0,100.0,0,0,1,0,0,1,0,3,0,0,0,1,0,0,1,0,0,7,13,10,15,1,0,1
mw15030.txt,http://www.kkjjhhdff.site,24,www.kkjjhhdff.site,18,0,site,53.33896872,1.0,0.0017656,0.027049301,4,1,0,0,0.0,12,0.5,0,0.0,0,0,0,1,0.042,0,2,33,0,0,0.0,0.0,0,0,0,0,0,0,0,0,0,0,0,0,0,0,0,0,0,0,0,0,0,0,0,0
16162.txt,https://www.fmcsa.dot.gov,24,www.fmcsa.dot.gov,17,0,gov,100.0,0.666666667,0.0033282,0.060466074,3,2,0,0,0.0,10,0.417,0,0.0,0,0,0,2,0.083,1,1011,1939,1,fmcsadot,0.0,0.0,1,0,1,0,0,1,0,2,0,1,1,1,0,0,1,0,0,7,4,8,103,0,49,1
559333.txt,https://www.bemlindia.in,23,www.bemlindia.in,16,0,in,100.0,1.0,0.0050842,0.057600903,2,1,0,0,0.0,10,0.435,0,0.0,0,0,0,1,0.043,1,7553,13825,1,bemlnda,0.0,0.0,0,1,1,1,1,0,0,3,0,1,1,1,0,0,1,0,1,129,107,66,539,27,294,1
717815.txt,https://www.hsbc.com.ph,22,www.hsbc.com.ph,15,0,ph,100.0,0.625,0.0004928,0.054621112,2,2,0,0,0.0,8,0.364,0,0.0,0,0,0,2,0.091,1,5741,758,1,hsbccom,0.0,0.0,1,0,1,0,0,1,0,0,0,1,0,0,0,1,1,0,1,55,1,6,363,1,21,1
8041237.txt,https://webmail-101134.weeblysite.com/,37,webmail-101134.weeblysite.com,29,0,com,55.29924693,0.68,0.5229071,0.044336836,3,1,0,0,0.0,20,0.541,6,0.162,0,0,0,3,0.081,1,68,80,1,webmail-101134weeblysite,0.0,0.0,0,0,0,0,0,0,0,0,0,0,0,0,0,0,0,0,0,0,0,0,0,0,1,0
8125365.txt,https://tiwofiana6.web.app/,27,tiwofiana6.web.app,18,0,app,55.16569201,0.785714286,0.001502,0.049101305,3,1,0,0,0.0,15,0.556,1,0.037,0,0,0,3,0.111,1,228,77763,1,tiwofiana6web,0.0,0.0,0,0,0,0,0,0,0,2,0,0,0,0,0,0,0,0,0,0,0,1,0,0,1,0
744021.txt,https://www.splendourfestival.com,32,www.splendourfestival.com,25,0,com,100.0,1.0,0.5229071,0.057149667,3,1,0,0,0.0,19,0.594,0,0.0,0,0,0,1,0.031,1,864,14246,1,splendourfestival,100.0,100.0,1,1,1,0,0,1,0,2,0,1,1,1,0,0,1,0,1,62,3,14,55,2,87,1
30480.txt,https://www.liftmaster.com,25,www.liftmaster.com,18,0,com,100.0,1.0,0.5229071,0.0630609,3,1,0,0,0.0,12,0.48,0,0.0,0,0,0,1,0.04,1,3253,877,1,liftmaster,100.0,100.0,1,0,1,0,0,1,0,6,0,1,0,1,0,0,1,0,0,80,8,32,123,3,44,1
789041.txt,https://www.vattenmyndigheterna.se,33,www.vattenmyndigheterna.se,26,0,se,100.0,1.0,0.0040185,0.055949905,2,1,0,0,0.0,20,0.606,0,0.0,0,0,0,1,0.03,1,1199,3234,1,vattenmyndigheterna,100.0,100.0,0,0,1,0,0,0,0,0,0,1,1,0,0,0,0,0,0,8,9,19,50,0,5,1
168254.txt,https://www.dubaifaqs.com,24,www.dubaifaqs.com,17,0,com,100.0,1.0,0.5229071,0.05074674,3,1,0,0,0.0,11,0.458,0,0.0,0,0,0,1,0.042,1,1110,918,1,dubaifaqs,100.0,100.0,0,0,1,0,0,1,0,0,0,0,1,1,0,1,1,0,1,0,2,5,101,0,99,1
650079.txt,https://www.garysflowers.com,27,www.garysflowers.com,20,0,com,100.0,1.0,0.5229071,0.056744785,3,1,0,0,0.0,14,0.519,0,0.0,0,0,0,1,0.037,1,1289,1162,1,garysflowers,100.0,100.0,1,0,1,0,0,1,0,3,0,1,1,1,0,0,1,0,0,39,3,15,61,9,45,1
603659.txt,https://www.farmhousestylemag.com,32,www.farmhousestylemag.com,25,0,com,100.0,1.0,0.5229071,0.059300129,3,1,0,0,0.0,19,0.594,0,0.0,0,0,0,1,0.031,1,308,475,1,farmhousestylemag,100.0,100.0,0,0,1,0,0,0,0,2,0,1,0,0,0,0,0,0,0,14,4,8,53,2,35,1
495524.txt,https://www.nuciya.com,21,www.nuciya.com,14,0,com,100.0,1.0,0.5229071,0.061979552,3,1,0,0,0.0,8,0.381,0,0.0,0,0,0,1,0.048,1,348,9130,1,nuciya,100.0,100.0,1,0,1,0,0,1,0,0,0,1,0,1,0,0,1,0,1,50,3,3,127,0,130,1
103370.txt,https://www.city.isesaki.lg.jp,29,www.city.isesaki.lg.jp,22,0,jp,100.0,0.533333333,0.0230451,0.050454175,2,3,0,0,0.0,14,0.483,0,0.0,0,0,0,3,0.103,1,941,457,1,cityisesakilg,0.0,0.0,1,0,1,0,0,1,0,0,0,1,0,0,0,0,0,0,1,103,32,22,103,8,85,1
8088380.txt,https://www.vwvwvzonabeta.com,29,www.vwvwvzonabeta.com,21,0,com,57.90080738,1.0,0.5229071,0.049173498,3,1,0,0,0.0,16,0.552,0,0.0,0,0,0,1,0.034,1,15,155,1,vwvwvzonabeta,100.0,100.0,0,0,1,0,0,0,0,0,0,0,0,0,0,0,0,0,0,0,0,0,0,0,0,0
mw10504.txt,http://www.blocktrail.com,24,www.blocktrail.com,18,0,com,93.7414966,1.0,0.5229071,0.061408791,3,1,0,0,0.0,12,0.5,0,0.0,0,0,0,1,0.042,0,2,33,0,0,0.0,0.0,0,0,0,0,0,0,0,0,0,0,0,0,0,0,0,0,0,0,0,0,0,0,0,0
755454.txt,https://www.birendranagarmun.gov.np,34,www.birendranagarmun.gov.np,27,0,np,100.0,0.85,0.0001439,0.056516103,2,2,0,0,0.0,20,0.588,0,0.0,0,0,0,2,0.059,1,1734,10326,1,biredraagarmugov,0.0,0.0,1,0,1,0,0,0,0,2,0,1,1,1,0,0,0,0,1,45,38,9,182,0,31,1
mw70022.txt,http://www.shadowlandswitchery.com,33,www.shadowlandswitchery.com,27,0,com,74.51165721,1.0,0.5229071,0.054210279,3,1,0,0,0.0,21,0.636,0,0.0,0,0,0,1,0.03,0,11,133,1,shadowlandswitchery,100.0,100.0,0,0,0,0,0,0,0,0,0,0,0,0,0,0,0,0,0,0,0,0,1,0,1,0
50795.txt,https://www.wtf1.com,19,www.wtf1.com,12,0,com,100.0,1.0,0.5229071,0.043026687,3,1,0,0,0.0,5,0.263,1,0.053,0,0,0,1,0.053,1,1887,15242,1,wtf1,100.0,100.0,1,1,1,1,1,1,0,12,0,1,1,1,0,0,1,0,1,56,19,25,110,5,115,1
160249.txt,https://www.podsearch.com,24,www.podsearch.com,17,0,com,100.0,1.0,0.5229071,0.065285819,3,1,0,0,0.0,11,0.458,0,0.0,0,0,0,1,0.042,1,1513,808,1,podsearch,100.0,100.0,1,0,1,1,0,1,0,0,0,1,1,1,1,0,1,0,1,38,7,20,39,1,18,1
430485.txt,https://www.smr.gov.ge,21,www.smr.gov.ge,14,0,ge,100.0,0.571428571,0.0001883,0.049892811,2,2,0,0,0.0,7,0.333,0,0.0,0,0,0,2,0.095,1,690,611,1,smrov,0.0,0.0,0,0,1,0,0,0,0,0,0,1,0,0,0,0,0,0,1,46,9,7,21,0,82,1
543630.txt,https://www.jamiespannhake.com,29,www.jamiespannhake.com,22,0,com,100.0,1.0,0.5229071,0.060316701,3,1,0,0,0.0,16,0.552,0,0.0,0,0,0,1,0.034,1,3164,7736,1,jamiespannhake,100.0,100.0,0,1,1,0,0,1,0,19,0,1,1,0,1,1,1,0,1,76,2,24,85,0,31,1
